{
"type": "FeatureCollection",
"name": "cerrado",
"crs": { "type": "name", "properties": { "name": "urn:ogc:def:crs:OGC:1.3:CRS84" } },
"features": [
{ "type": "Feature", "properties": { }, "geometry": { "type": "Polygon", "coordinates": [ [ [ -43.390087287999961, -2.339372043999958 ], [ -43.244027236999955, -2.357879514999979 ], [ -42.826047790999951, -2.546984778999956 ], [ -42.722522353999977, -2.558166968999956 ], [ -42.577965491999976, -2.675129070999958 ], [ -42.367848531999982, -2.714447092999933 ], [ -42.337277865999965, -2.750428496999973 ], [ -42.277669578999962, -2.752953506999972 ], [ -42.235826543999963, -2.683425534999969 ], [ -41.791681781999955, -2.735070479999933 ], [ -41.845323556999972, -2.778011031999938 ], [ -41.864336140999967, -2.871768549999956 ], [ -41.79422380799997, -2.964734813999939 ], [ -41.894735547999971, -3.096647587999939 ], [ -41.761023062999982, -3.214367308999954 ], [ -41.686923468999964, -3.327497258999927 ], [ -41.581409193999946, -3.392267258999937 ], [ -41.592374852999967, -3.458268166999972 ], [ -41.530965773999981, -3.514202333999947 ], [ -41.600555663999955, -3.591953941999975 ], [ -41.518273607999959, -3.559030679999978 ], [ -41.525600297999972, -3.602996326999971 ], [ -41.476831783999955, -3.611269990999972 ], [ -41.49056828099998, -3.65674542499994 ], [ -41.434234423999953, -3.67147499899994 ], [ -41.452787303999969, -3.704301578999946 ], [ -41.35471357299997, -3.826281800999936 ], [ -41.401193903999967, -3.879092433999972 ], [ -41.426524107999967, -3.863047063999943 ], [ -41.517814134999981, -3.923492240999963 ], [ -41.500029223999945, -3.85484751599995 ], [ -41.545111801999951, -3.845405133999975 ], [ -41.637324323999962, -3.921971656999972 ], [ -41.654541710999979, -3.984641732999933 ], [ -41.471658272999946, -4.019378279999955 ], [ -41.497136706999981, -4.050615129999926 ], [ -41.55523085699997, -4.050525706999963 ], [ -41.520325052999965, -4.063748044999954 ], [ -41.574832891999961, -4.175473926999928 ], [ -41.554359477999981, -4.220310050999956 ], [ -41.584703580999985, -4.226199386999951 ], [ -41.534147772999972, -4.268377253999972 ], [ -41.662827915999969, -4.276861894999968 ], [ -41.739995268999962, -4.388459118999947 ], [ -41.675441753999962, -4.427738746999978 ], [ -41.603728724999939, -4.406068991999973 ], [ -41.552347744999963, -4.447407770999973 ], [ -41.464916079999966, -4.396394405999956 ], [ -41.421700741999985, -4.409225898999978 ], [ -41.454709731999969, -4.455166598999938 ], [ -41.459849070999951, -4.656350308999947 ], [ -41.492833911999981, -4.666562904999978 ], [ -41.467105649999951, -4.756996 ], [ -41.549185052999974, -4.813824661999945 ], [ -41.580930123999963, -4.902231206999943 ], [ -41.491339867999955, -4.946236647999967 ], [ -41.508368171999962, -4.991113578999943 ], [ -41.475898475999941, -5.057767080999952 ], [ -41.533803086999967, -5.061053485999935 ], [ -41.54498334799996, -5.138449493999929 ], [ -41.490092300999947, -5.184725061999927 ], [ -41.43017677399996, -5.188529375999963 ], [ -41.454921316999958, -5.311777096999947 ], [ -41.38874100299995, -5.378789873999949 ], [ -41.480908917999955, -5.462126113999943 ], [ -41.411126020999973, -5.503067732999966 ], [ -41.413038152999945, -5.529858523999962 ], [ -41.350088623999966, -5.513064886999928 ], [ -41.306549902999961, -5.587931134999963 ], [ -41.277559914999983, -5.569115714999953 ], [ -41.336757097999964, -5.641200195999943 ], [ -41.316752273999953, -5.687672160999966 ], [ -41.437785796999947, -5.720809108999958 ], [ -41.43335648599998, -5.842192494999949 ], [ -41.547071923999965, -5.918193323999958 ], [ -41.507462945999976, -5.921116619999964 ], [ -41.501795104999985, -5.978901978999943 ], [ -41.46290649599996, -6.008882236999966 ], [ -41.475481293999962, -5.896934489999978 ], [ -41.429420480999966, -5.889160405999974 ], [ -41.454702766999958, -5.940536760999976 ], [ -41.398741806999965, -6.076927105999971 ], [ -41.412396374999958, -6.165321376999941 ], [ -41.466833123999947, -6.247751488999938 ], [ -41.49448122299998, -6.240792124999928 ], [ -41.494028370999956, -6.173872800999959 ], [ -41.592126718999964, -6.189975018999974 ], [ -41.575301347999982, -6.251148752999939 ], [ -41.652814077999949, -6.287984933999951 ], [ -41.618164956999976, -6.404842791999954 ], [ -41.694577189999961, -6.42439765499995 ], [ -41.626702956999964, -6.529991289999941 ], [ -41.658568637999963, -6.567132760999925 ], [ -41.688317067999947, -6.544322044999944 ], [ -41.672104422999951, -6.620119781999961 ], [ -41.714343377999967, -6.652385397999979 ], [ -41.827171067999984, -6.658660556999962 ], [ -41.829269806999946, -6.743133528999977 ], [ -41.865407197999957, -6.750769975999958 ], [ -41.862092553999958, -6.800561205999941 ], [ -41.912856876999967, -6.829886891999934 ], [ -41.996326138999962, -6.826132520999977 ], [ -41.961901262999959, -6.75830081099997 ], [ -41.99813379699998, -6.721045269999934 ], [ -41.936906510999961, -6.641963264999958 ], [ -41.958775510999942, -6.619163767999964 ], [ -41.952394414999958, -6.64544991899993 ], [ -41.99460370099996, -6.660399531999929 ], [ -41.982704511999941, -6.689693906999935 ], [ -42.013577905999966, -6.671265744999971 ], [ -42.075479644999973, -6.752640440999926 ], [ -42.088408301999948, -6.684537721999959 ], [ -42.035503997999967, -6.655183401999977 ], [ -42.124515597999959, -6.657753272999969 ], [ -42.111024916999952, -6.747873488999971 ], [ -42.170274614999983, -6.755363253999974 ], [ -42.180025605999958, -6.71830904899997 ], [ -42.208052943999974, -6.73627576399997 ], [ -42.212836140999968, -6.650967283999933 ], [ -42.305616577999956, -6.67216407899997 ], [ -42.290354666999974, -6.601235945999974 ], [ -42.332416388999945, -6.628604129999928 ], [ -42.346531150999965, -6.596950038999978 ], [ -42.387799235999978, -6.611266399999977 ], [ -42.398801442999968, -6.582944765999969 ], [ -42.352614316999961, -6.552977246999944 ], [ -42.388956234999966, -6.497907963999978 ], [ -42.421698920999972, -6.516095826999958 ], [ -42.394662882999967, -6.443019791999973 ], [ -42.45434785499998, -6.394699304999961 ], [ -42.506835752999962, -6.435960724999973 ], [ -42.498058595999964, -6.393201687999976 ], [ -42.543671064999955, -6.424421538999979 ], [ -42.751763173999962, -6.439195376999976 ], [ -42.751763997999944, -6.363615381999978 ], [ -42.788033995999967, -6.366975406999927 ], [ -42.788688943999944, -6.431711643999961 ], [ -42.852319301999955, -6.395852108999975 ], [ -42.903640173999975, -6.691738978999979 ], [ -42.870121126999948, -6.702986416999977 ], [ -42.799030521999953, -6.628267391999941 ], [ -42.810356054999943, -6.671085435999942 ], [ -42.737671140999964, -6.691449248999959 ], [ -42.72564820499997, -6.728370722999955 ], [ -42.783257602999981, -6.736399577999975 ], [ -42.741329922999967, -6.770586732999959 ], [ -42.783494928999971, -6.777357087999974 ], [ -42.757034672999964, -6.818803917999958 ], [ -42.791741100999957, -6.847902644999976 ], [ -42.788703540999961, -6.908480108999981 ], [ -42.706969612999956, -6.889106997999932 ], [ -42.67381600899995, -6.926458584999978 ], [ -42.681155252999986, -6.963345575999938 ], [ -42.749278359999948, -6.966019016999951 ], [ -42.716918121999981, -7.023593447999929 ], [ -42.759602380999979, -7.037426013999948 ], [ -42.713202273999968, -7.147486605999973 ], [ -42.762189160999981, -7.237589859999957 ], [ -42.723168234999946, -7.27827960299993 ], [ -42.728258350999965, -7.365583026999957 ], [ -42.795096523999973, -7.375530780999952 ], [ -42.776583585999958, -7.410492608999959 ], [ -42.834344557999941, -7.506867019999959 ], [ -42.714218946999949, -7.518757029999961 ], [ -42.721036693999963, -7.443911494999952 ], [ -42.676222996999968, -7.439963386999978 ], [ -42.673955534999948, -7.350420260999954 ], [ -42.632595195999954, -7.353969069999948 ], [ -42.593004859999951, -7.299675466999929 ], [ -42.575478015999977, -7.362445065999964 ], [ -42.624625408999975, -7.396633813999927 ], [ -42.608880816999942, -7.533222653999928 ], [ -42.584163631999957, -7.420367049999925 ], [ -42.548642316999974, -7.441008292999925 ], [ -42.588266306999969, -7.504674474999945 ], [ -42.593644125999958, -7.599765973999979 ], [ -42.66670143999994, -7.68674486599997 ], [ -42.800671375999968, -7.621717026999931 ], [ -42.868281595999974, -7.66413661699994 ], [ -42.877789810999957, -7.551063791999979 ], [ -42.967185510999968, -7.497081005999974 ], [ -42.983324069999981, -7.520554652999976 ], [ -43.022868977999963, -7.490492944999971 ], [ -43.057191363999948, -7.503951799999982 ], [ -43.14475127299994, -7.587745171999927 ], [ -43.185738561999983, -7.573128404999977 ], [ -43.153088526999966, -7.550081768999974 ], [ -43.177411680999967, -7.517143537999971 ], [ -43.231178906999958, -7.550692869999978 ], [ -43.202136867999968, -7.582161320999944 ], [ -43.248893170999963, -7.55701802599998 ], [ -43.294097295999961, -7.597707423999964 ], [ -43.311283498999956, -7.55768564899995 ], [ -43.382115110999962, -7.53279956199998 ], [ -43.362481528999979, -7.57357322799993 ], [ -43.393487228999959, -7.593934717999957 ], [ -43.44182245199994, -7.565753426999947 ], [ -43.456552414999976, -7.507047854999939 ], [ -43.41997678499996, -7.404899717999967 ], [ -43.460695807999969, -7.42076925799995 ], [ -43.477485539999975, -7.379599356999961 ], [ -43.539715066999975, -7.378339555999958 ], [ -43.509570340999971, -7.334093674999963 ], [ -43.53687008199995, -7.318593509999971 ], [ -43.557009760999961, -7.350220924999974 ], [ -43.553360205999979, -7.316825051999956 ], [ -43.61187214399996, -7.301311815999952 ], [ -43.625391699999966, -7.381751387999941 ], [ -43.567997265999963, -7.398932230999947 ], [ -43.614389699999947, -7.466218289999972 ], [ -43.54951749199995, -7.455627359999937 ], [ -43.532060589999958, -7.49445796599997 ], [ -43.609312120999959, -7.534614154999929 ], [ -43.562692553999966, -7.573200191999945 ], [ -43.509653358999969, -7.546680227999957 ], [ -43.506497724999974, -7.613932940999973 ], [ -43.613567008999951, -7.642438900999935 ], [ -43.613634016999981, -7.684474277999925 ], [ -43.670762408999963, -7.678592760999948 ], [ -43.713268349999964, -7.70574880199996 ], [ -43.727114625999945, -7.77456286599994 ], [ -43.77739920099998, -7.779212738999945 ], [ -43.740607516999944, -7.835120684999936 ], [ -43.77475825099998, -7.93225055399995 ], [ -43.703558572999953, -7.93286145299993 ], [ -43.768591531999959, -7.977247276999947 ], [ -43.666786310999953, -7.999784560999956 ], [ -43.678003846999957, -8.061998862999928 ], [ -43.741748431999952, -8.060099090999927 ], [ -43.783011658999953, -8.000505670999928 ], [ -43.814840483999944, -8.216342629999929 ], [ -43.822736318999944, -8.16443180899995 ], [ -43.882619861999956, -8.201401528999952 ], [ -44.077303166999968, -8.185829130999934 ], [ -44.122098885999947, -8.23245361499994 ], [ -44.115342985999973, -8.285027681999964 ], [ -43.933810475999962, -8.257533162999948 ], [ -43.936259395999969, -8.307944071999941 ], [ -44.154866279999965, -8.321423578999941 ], [ -44.244066436999958, -8.384587834999934 ], [ -44.191084588999956, -8.474760071999981 ], [ -44.103656293999961, -8.421388400999945 ], [ -43.998176316999945, -8.432637667999927 ], [ -43.992251240999963, -8.551462478999952 ], [ -43.899718363999966, -8.542516932999945 ], [ -43.917575515999943, -8.603508217999945 ], [ -43.831018904999951, -8.644107209999959 ], [ -43.854258591999951, -8.66692059899998 ], [ -43.788414283999941, -8.698787884999945 ], [ -43.694150322999974, -8.822390602999974 ], [ -43.854260660999955, -8.77342219999997 ], [ -43.819316398999945, -8.807512226999961 ], [ -43.832000109999967, -8.861269844999981 ], [ -43.729845696999973, -8.852042877999963 ], [ -43.666820131999941, -8.90838111599993 ], [ -43.681543763999969, -8.966411862999962 ], [ -43.788747501999978, -8.961832736999952 ], [ -43.733394570999963, -8.983985564999955 ], [ -43.753443082999979, -9.007943062999971 ], [ -43.699070421999977, -9.018033365999941 ], [ -43.675417640999967, -9.065367912999932 ], [ -43.807314380999969, -9.009493733999932 ], [ -43.840243911999949, -9.152624109999977 ], [ -43.841382133999957, -9.002498126999967 ], [ -43.868262644999959, -8.97965536199996 ], [ -43.90807773399996, -9.086128298999938 ], [ -43.942647558999965, -9.088556292999954 ], [ -43.888608011999963, -9.153611745999967 ], [ -43.943746274999967, -9.127140029999964 ], [ -43.955116154999985, -9.156632443999968 ], [ -43.903863981999962, -9.200966790999928 ], [ -43.966013613999962, -9.202504626999939 ], [ -43.991838018999943, -9.157334640999977 ], [ -43.963936845999967, -9.108336808999979 ], [ -43.997875075999957, -9.071254069999952 ], [ -43.961158310999963, -9.039121779999959 ], [ -44.024020074999953, -9.026140332999944 ], [ -43.996806577999962, -9.132360619999929 ], [ -44.042923162999955, -9.18177413199993 ], [ -44.090512734999947, -9.163956247999977 ], [ -44.127373086999967, -9.214887870999974 ], [ -44.054276967999954, -9.253456951999965 ], [ -44.053381485999978, -9.291118625999957 ], [ -44.03859317499996, -9.262453756999946 ], [ -43.978117143999953, -9.298315861999981 ], [ -44.045106776999944, -9.321797272999959 ], [ -44.127652041999966, -9.287905968999951 ], [ -44.12675289799995, -9.327848035999978 ], [ -44.176654943999949, -9.347414091999951 ], [ -44.035120182999947, -9.457113958999969 ], [ -43.919378446999985, -9.46734297699993 ], [ -43.849506194999947, -9.577014423999969 ], [ -43.794642220999947, -9.557155487999978 ], [ -43.853439940999976, -9.650319234999927 ], [ -43.948164843999962, -9.727966349999974 ], [ -44.006742638999981, -9.734237227999927 ], [ -44.000769301999981, -9.780250680999927 ], [ -44.09264277799997, -9.784041860999935 ], [ -44.099351881999951, -9.823162711999942 ], [ -44.138052369999969, -9.789447023999969 ], [ -44.193015535999962, -9.819051184999978 ], [ -44.219401932999972, -9.768470389999948 ], [ -44.093557989999965, -9.746491630999969 ], [ -44.097699075999969, -9.709540183999934 ], [ -44.052030213999956, -9.696764867999946 ], [ -44.063375816999951, -9.65059783199996 ], [ -44.035572523999974, -9.668883802999972 ], [ -43.95592213599997, -9.635474403999979 ], [ -43.942540142999974, -9.569504454999958 ], [ -43.998634316999983, -9.487437138999951 ], [ -44.044287921999967, -9.51652852999996 ], [ -44.049153324999963, -9.47417644899997 ], [ -44.092567735999978, -9.446377215999973 ], [ -44.133327523999981, -9.489486942999974 ], [ -44.216319945999942, -9.499440331999949 ], [ -44.106207169999948, -9.559599574999936 ], [ -44.159987631999968, -9.570692956999949 ], [ -44.172476697999969, -9.538750052999944 ], [ -44.292060221999975, -9.507604772999969 ], [ -44.257511833999956, -9.608305387999962 ], [ -44.317233635999969, -9.580200496999964 ], [ -44.426267577999965, -9.697474303999968 ], [ -44.302407434999964, -9.719009165999978 ], [ -44.437069974999986, -9.791945633999944 ], [ -44.462840773999972, -9.743498172999978 ], [ -44.469160759999966, -9.765903224999931 ], [ -44.485608391999961, -9.737572634999935 ], [ -44.540453089999971, -9.75610478699997 ], [ -44.580087544999969, -9.79474537699997 ], [ -44.553820956999971, -9.861291911999956 ], [ -44.61354980699997, -9.831117798999969 ], [ -44.586259527999971, -9.869754954999962 ], [ -44.616906505999964, -9.898170419999929 ], [ -44.603819184999963, -9.949008404999972 ], [ -44.651633852999964, -9.98020853099996 ], [ -44.626133438999943, -10.008071333999965 ], [ -44.659254736999969, -10.059476686999972 ], [ -44.649253517999966, -10.166813763999926 ], [ -44.71105333099996, -10.18635491799995 ], [ -44.63865052899996, -10.210157590999927 ], [ -44.694128312999965, -10.244494262999979 ], [ -44.738097597999968, -10.214125920999948 ], [ -44.70630949599996, -10.286771768999927 ], [ -44.837027205999959, -10.393356720999975 ], [ -44.836598152999954, -10.429301958999929 ], [ -44.898482685999966, -10.432272282999975 ], [ -44.857991676999973, -10.457651504999944 ], [ -44.897912568999971, -10.51973639299996 ], [ -44.852438477999954, -10.519149536999976 ], [ -44.791272124999978, -10.445501037999975 ], [ -44.720707865999941, -10.554121814999974 ], [ -44.673256551999941, -10.573745525999982 ], [ -44.719729726999958, -10.662775167999939 ], [ -44.783470123999962, -10.664244395999958 ], [ -44.76535910299998, -10.704000245999964 ], [ -44.881119660999957, -10.92048588199998 ], [ -44.747931862999963, -10.727741120999951 ], [ -44.739976074999959, -10.767308487999969 ], [ -44.669529998999963, -10.634595668999964 ], [ -44.52325097399995, -10.587803658999974 ], [ -44.47905964399996, -10.620781285999954 ], [ -44.447929527999975, -10.553194321999968 ], [ -44.41060592499997, -10.534785384999964 ], [ -44.423303423999982, -10.589886827999976 ], [ -44.364945962999968, -10.544754569999952 ], [ -44.367626209999969, -10.447855955999955 ], [ -44.311239542999942, -10.473794323999925 ], [ -44.301874, -10.535808165999981 ], [ -44.277676003999943, -10.508302752999953 ], [ -44.267576248999944, -10.601632517999974 ], [ -44.210197776999962, -10.62913759099996 ], [ -44.256111776999944, -10.667465469999968 ], [ -44.282767884999942, -10.65437847499993 ], [ -44.26560484099997, -10.685416515999975 ], [ -44.395745606999981, -10.68547283099997 ], [ -44.327994990999969, -10.713186979999932 ], [ -44.379646597999965, -10.744891113999927 ], [ -44.378823949999969, -10.82514520999996 ], [ -44.447594534999951, -10.773296929999958 ], [ -44.582286435999947, -10.79131356399995 ], [ -44.640758863999963, -10.812356423999972 ], [ -44.651431155999944, -10.862080730999935 ], [ -44.775418757999944, -10.911048509999944 ], [ -44.760935880999966, -10.957789877999971 ], [ -44.799363525999979, -10.99241823899996 ], [ -44.736952913999971, -11.086293065999939 ], [ -44.684964911999941, -11.08214131099993 ], [ -44.664038744999971, -11.127517239999975 ], [ -44.608479981999949, -11.026724320999961 ], [ -44.595585634999964, -11.086213806999979 ], [ -44.541643699999952, -11.021784670999978 ], [ -44.427645818999963, -10.995057899999949 ], [ -44.357045507999942, -11.035386455999969 ], [ -44.325006709999968, -10.938719253999977 ], [ -44.342834264999965, -10.89810493899995 ], [ -44.286663742999963, -10.871631410999953 ], [ -44.189335514999982, -10.995042772999966 ], [ -44.125401444999966, -10.853859095999951 ], [ -44.051510031999953, -10.969608936999975 ], [ -44.053043771999967, -11.047117368999977 ], [ -43.997112741999956, -11.063642111999968 ], [ -44.019418389999942, -11.095252475999928 ], [ -43.995003281999971, -11.193313026999931 ], [ -43.936644401999956, -11.21800339999993 ], [ -43.835698701999945, -11.355193772999939 ], [ -43.874756403999982, -11.450207654999929 ], [ -43.952238514999976, -11.457138610999948 ], [ -44.087274210999965, -11.624714151999967 ], [ -44.14856810699996, -11.620789447999925 ], [ -44.18278904999994, -11.715631437999946 ], [ -44.221456186999944, -11.719351082999935 ], [ -44.246408376999966, -11.776939982999977 ], [ -44.33520916599997, -11.81293633599995 ], [ -44.419754122999962, -11.792226891999974 ], [ -44.506467592999968, -11.724613448999946 ], [ -44.638522657999943, -11.736932202999981 ], [ -44.728007041999945, -11.857807866999963 ], [ -44.861700416999952, -11.943073325999933 ], [ -44.945719168999972, -12.076794029999974 ], [ -44.841015353999978, -12.140211600999976 ], [ -44.795012798999949, -12.081657660999952 ], [ -44.718606413999964, -12.068817629999955 ], [ -44.698638280999944, -12.148097776999975 ], [ -44.61729829099994, -12.114782035999951 ], [ -44.672302762999948, -12.054181574999973 ], [ -44.563333723999961, -12.131355077999956 ], [ -44.560251697999945, -12.076303743999972 ], [ -44.60270040599994, -12.049149798999963 ], [ -44.551070120999952, -12.037741093999955 ], [ -44.444289429999969, -12.093325347999951 ], [ -44.454407510999943, -12.133463757999948 ], [ -44.399361137999961, -12.109996567999929 ], [ -44.394489431999943, -12.138417440999945 ], [ -44.296556491999979, -12.086909767999941 ], [ -44.284162281999954, -12.123512151999932 ], [ -44.242247714999962, -12.123908165999978 ], [ -44.168404950999957, -12.059014400999956 ], [ -44.038100330999953, -12.04139797299996 ], [ -44.055484082999953, -12.129821582999966 ], [ -44.013602917999947, -12.138137886999971 ], [ -44.043264320999981, -12.166016179999929 ], [ -43.973667361999958, -12.152287065999928 ], [ -43.972677507999947, -12.179913179999971 ], [ -43.927754755999956, -12.171968719999938 ], [ -43.945351, -12.218923993999965 ], [ -43.881024082999943, -12.205065641999965 ], [ -43.841193312999962, -12.244125407999945 ], [ -43.862737038999967, -12.399771231999978 ], [ -43.927861499999949, -12.391523151999934 ], [ -43.894754491999947, -12.33708183799996 ], [ -43.942212712999947, -12.35636619099995 ], [ -43.969426778999946, -12.400646743999971 ], [ -43.935570291999966, -12.423202010999944 ], [ -43.946432525999967, -12.457295913999928 ], [ -44.032304862999979, -12.472187935999955 ], [ -44.03148241599996, -12.523384452999949 ], [ -44.000266376999946, -12.532824895999966 ], [ -44.039106068999956, -12.55533100599996 ], [ -44.050110977999964, -12.624413895999965 ], [ -44.089655315999948, -12.674086560999967 ], [ -44.162371768999947, -12.693723292999948 ], [ -44.149226728999963, -12.740223061999927 ], [ -44.087369041999978, -12.771674617999963 ], [ -44.124667539999962, -12.786966851999978 ], [ -44.09181502499996, -12.84344361999996 ], [ -44.140408925999964, -12.850900643999978 ], [ -44.077027947999966, -12.898862201999975 ], [ -44.127062391999971, -12.924803232999977 ], [ -44.135184005999974, -12.889754197999935 ], [ -44.16356062899996, -12.901629727999932 ], [ -44.207447050999974, -13.001661518999981 ], [ -44.164635816999976, -13.042095690999929 ], [ -44.232272074999969, -13.051846109999929 ], [ -44.186474468999961, -13.115527993999933 ], [ -44.220977308999977, -13.190963476999968 ], [ -44.248111448999964, -13.180932312999971 ], [ -44.219514044999983, -13.226884851999955 ], [ -44.226585415999978, -13.334266665999962 ], [ -44.292310929999985, -13.213201670999979 ], [ -44.287655365999967, -13.307529762999934 ], [ -44.351563501999976, -13.339813366999977 ], [ -44.378385489999971, -13.285947790999955 ], [ -44.360632046999967, -13.241264883999975 ], [ -44.48698673399997, -13.238916973999949 ], [ -44.504785630999947, -13.143139063999968 ], [ -44.556844932999979, -13.147684757999968 ], [ -44.562354730999971, -13.109414115999982 ], [ -44.619027434999964, -13.083045900999934 ], [ -44.63058467999997, -13.164400708999949 ], [ -44.691975112999955, -13.127617394999959 ], [ -44.66591916699997, -13.158558778999975 ], [ -44.68354342899994, -13.176365554999961 ], [ -44.621840857999985, -13.230258405999962 ], [ -44.664171734999968, -13.257987655999955 ], [ -44.595495552999978, -13.292368783999962 ], [ -44.672713946999977, -13.336457097999926 ], [ -44.588521466999964, -13.399187705999964 ], [ -44.623874351999973, -13.443816578999929 ], [ -44.686825786999975, -13.425850812999954 ], [ -44.655606054999964, -13.457949246999931 ], [ -44.71555073199994, -13.477549299999964 ], [ -44.740791154999954, -13.522848646999932 ], [ -44.683624427999973, -13.55594832099996 ], [ -44.65283984499996, -13.518867306999937 ], [ -44.635400598999979, -13.555700018999971 ], [ -44.590205839999953, -13.494690858999945 ], [ -44.541931129999966, -13.483103072999938 ], [ -44.505642876999957, -13.538910699999974 ], [ -44.390422658999967, -13.480031486999962 ], [ -44.430215756999985, -13.571663266999963 ], [ -44.474346220999962, -13.551217330999975 ], [ -44.534229431999961, -13.572048625999969 ], [ -44.503721366999969, -13.632499705999976 ], [ -44.60500551399997, -13.655155994999973 ], [ -44.599607470999956, -13.694520050999927 ], [ -44.637849568999968, -13.720613783999966 ], [ -44.555447390999973, -13.69504647499997 ], [ -44.506701981999981, -13.732242601999928 ], [ -44.476592153999945, -13.713103857999954 ], [ -44.468006406999962, -13.854291436999972 ], [ -44.415102136999963, -13.85576197499995 ], [ -44.414064615999962, -13.89159013099993 ], [ -44.387972976999947, -13.858264919999954 ], [ -44.406383494999943, -13.789239476999967 ], [ -44.351429724999946, -13.742247161999956 ], [ -44.386145899999974, -13.693991632999939 ], [ -44.353243675999977, -13.66873405399997 ], [ -44.323487212999964, -13.73719656399993 ], [ -44.288471267999967, -13.729813788999934 ], [ -44.259151458999952, -13.784525504999976 ], [ -44.175412620999964, -13.812879912999961 ], [ -44.196451107999962, -13.866386709999972 ], [ -44.229267213999947, -13.842521405999946 ], [ -44.249038264999967, -13.888342256999977 ], [ -44.220954703999951, -13.912292214999979 ], [ -44.266472198999963, -13.93779400699998 ], [ -44.262627551999969, -13.995998110999949 ], [ -44.308457149999981, -13.993746146999968 ], [ -44.321079201999964, -13.963266565999959 ], [ -44.413040017999947, -13.994132050999951 ], [ -44.404626889999975, -13.953233144999956 ], [ -44.43043430299997, -13.947178485999927 ], [ -44.442889357999945, -13.99242640999995 ], [ -44.472767161999968, -13.989203366999959 ], [ -44.484355522999977, -14.115647919999958 ], [ -44.529067448999967, -14.076595732999976 ], [ -44.532777996999982, -14.136350987999947 ], [ -44.569933641999967, -14.125864623999973 ], [ -44.543947401999958, -14.242780145999973 ], [ -44.592175568999949, -14.243798055999946 ], [ -44.599273145999973, -14.192151584999976 ], [ -44.678439087999948, -14.175474992999966 ], [ -44.62764531299996, -14.228306438999937 ], [ -44.684851873999946, -14.27785447399998 ], [ -44.615694122999969, -14.255888900999935 ], [ -44.580272474999958, -14.338328396999941 ], [ -44.676296782999941, -14.361665345999938 ], [ -44.67262442599997, -14.412842912999963 ], [ -44.699861061999968, -14.401304942999957 ], [ -44.719101356999943, -14.448538626999948 ], [ -44.692719917999966, -14.468163152999978 ], [ -44.581731616999946, -14.373995530999935 ], [ -44.567312864999963, -14.399306768999963 ], [ -44.499796519999961, -14.384886794999943 ], [ -44.528855676999967, -14.450685021999959 ], [ -44.435328062999986, -14.522134472999937 ], [ -44.478485878999948, -14.589658717999953 ], [ -44.333433176999961, -14.560852061999981 ], [ -44.334845596999969, -14.625214662999952 ], [ -44.407715332999942, -14.62604714899993 ], [ -44.380721846999961, -14.688300117999972 ], [ -44.347370773999955, -14.655635488999962 ], [ -44.336144314999956, -14.673282381999968 ], [ -44.434317055999941, -14.799790365999968 ], [ -44.365155871999946, -14.816843485999982 ], [ -44.339236049999954, -14.777796094999928 ], [ -44.273394373999963, -14.76963737799997 ], [ -44.266789466999967, -14.793442915999947 ], [ -44.394467051999982, -14.862431863999973 ], [ -44.302081992999945, -14.872914947999959 ], [ -44.315867973999957, -14.913693721999948 ], [ -44.270803300999944, -14.920139490999929 ], [ -44.299662987999966, -14.95887253099994 ], [ -44.264235513999949, -14.958845115999964 ], [ -44.246440749999977, -14.889564047999954 ], [ -44.281927436999979, -14.857438697999953 ], [ -44.248507644999961, -14.825162303999946 ], [ -44.243882290999977, -14.876663131999976 ], [ -44.17216290999994, -14.885272179999959 ], [ -44.18249468099998, -14.915141683999934 ], [ -44.139838717999965, -14.971711452999955 ], [ -44.187103678999961, -14.999098728999968 ], [ -44.169079460999967, -15.042523693999954 ], [ -44.238259668999945, -15.042109528999958 ], [ -44.234933789999957, -15.087776070999951 ], [ -44.297360015999971, -15.064370384999961 ], [ -44.259067713999968, -15.154473988999939 ], [ -44.296193917999972, -15.200535932999969 ], [ -44.279026834999968, -15.224639519999982 ], [ -44.32217359699996, -15.192958641999951 ], [ -44.312666438999941, -15.144802047999974 ], [ -44.327422240999965, -15.170875727999942 ], [ -44.39888118999994, -15.139331606999974 ], [ -44.449041269999952, -15.23491114899997 ], [ -44.404645122999966, -15.28202807699995 ], [ -44.441830613999969, -15.287773696999977 ], [ -44.371230983999965, -15.309847471999944 ], [ -44.361381894999965, -15.356796455999927 ], [ -44.407747919999963, -15.348983288999932 ], [ -44.432326293999949, -15.389567607999936 ], [ -44.490588017999983, -15.331810520999966 ], [ -44.458945566999944, -15.36724170399998 ], [ -44.459764465999967, -15.46859415199998 ], [ -44.494019269999967, -15.450700279999978 ], [ -44.519476206999968, -15.518363567999927 ], [ -44.625959215999956, -15.549869822999938 ], [ -44.588653114999943, -15.58758021999995 ], [ -44.610697933999973, -15.618847668999933 ], [ -44.564559618999965, -15.613609793999956 ], [ -44.58040187499995, -15.64729506599997 ], [ -44.553761889999976, -15.633719046999943 ], [ -44.54992869199998, -15.668380360999947 ], [ -44.585499912999978, -15.671318044999964 ], [ -44.676115295999978, -15.775924354999972 ], [ -44.80302532099995, -15.820386973999973 ], [ -44.919257862999984, -15.966805566999938 ], [ -45.054509656999983, -15.981112095999947 ], [ -45.077422670999965, -16.032193728999971 ], [ -44.931858645999966, -16.016215551999949 ], [ -44.922733301999983, -16.091418205999958 ], [ -44.772879194999973, -16.153711888999965 ], [ -44.702189122999982, -16.109569832999966 ], [ -44.62362479899997, -15.966772168999967 ], [ -44.589251078999951, -15.981729665999978 ], [ -44.577215242999955, -15.882389812999975 ], [ -44.536709714999972, -15.875354413999958 ], [ -44.507837119999976, -15.900883571999941 ], [ -44.543634507999968, -15.915245006999953 ], [ -44.500672820999966, -15.969015041999967 ], [ -44.502731997999945, -16.026998815999946 ], [ -44.416612628999985, -16.063386167999965 ], [ -44.414116580999973, -16.02423625299997 ], [ -44.377852650999955, -16.032802400999969 ], [ -44.308860891999984, -15.955868885999962 ], [ -44.361830022999982, -15.957548165999981 ], [ -44.366407614999957, -15.892231525999932 ], [ -44.325775154999974, -15.921540468999979 ], [ -44.311682183999949, -15.846197078999978 ], [ -44.287729316999958, -15.836458630999971 ], [ -44.263489002999961, -15.879328897999926 ], [ -44.257270827999946, -15.820756549999942 ], [ -44.213671983999973, -15.825154577999967 ], [ -44.184283156999982, -15.777470201999961 ], [ -44.21832868499996, -15.763259762999951 ], [ -44.198978584999963, -15.667785418999927 ], [ -44.091696568999964, -15.699202414999945 ], [ -44.065191123999966, -15.650580009999942 ], [ -44.032758422999962, -15.739801933999956 ], [ -44.106047314999955, -15.772958084999971 ], [ -44.055114647999972, -15.801795071999948 ], [ -44.091395145999968, -15.839313360999938 ], [ -44.128572417999976, -15.801163385999928 ], [ -44.122555038999963, -15.841322263999928 ], [ -44.15729122099998, -15.864691333999929 ], [ -44.11905365399997, -15.871251899999947 ], [ -44.119212267999956, -15.901576452999961 ], [ -44.072714451999957, -15.896783022999955 ], [ -44.039300621999985, -15.848217467999973 ], [ -44.017235331999984, -15.866394903999947 ], [ -44.06050991799998, -15.912030772999969 ], [ -44.050135378999983, -15.937209296999981 ], [ -44.115733550999948, -15.929395383999974 ], [ -44.101745097999981, -15.98408814499993 ], [ -44.135826316999953, -15.944480022999926 ], [ -44.195953636999946, -15.975222077999945 ], [ -44.12996514699995, -15.986087894999969 ], [ -44.136027013999978, -16.013717527999972 ], [ -44.170956292999961, -16.011896526999976 ], [ -44.172292509999977, -16.063867838999954 ], [ -44.136249984999949, -16.039871078999965 ], [ -44.077133767999953, -16.092841066999938 ], [ -44.185296636999965, -16.129589676999956 ], [ -44.152653748999967, -16.178779765999934 ], [ -44.203803582999967, -16.217330577999974 ], [ -44.088759694999965, -16.15962123099996 ], [ -44.100953669999967, -16.194709828999976 ], [ -44.023153936999961, -16.163699002999977 ], [ -44.006990822999967, -16.118097216999956 ], [ -43.918966272999967, -16.136710833999928 ], [ -43.953819456999952, -16.165337056999931 ], [ -43.909905377999962, -16.201826023999956 ], [ -43.925091553999948, -16.269525422999948 ], [ -43.990294277999965, -16.265955811999959 ], [ -43.989497490999952, -16.332442327999956 ], [ -43.946748380999964, -16.370685512999955 ], [ -43.851084208999964, -16.237062632999937 ], [ -43.918658932999961, -16.355206122999959 ], [ -43.900353869999947, -16.387251297999967 ], [ -43.84950132299997, -16.307775511999978 ], [ -43.827701283999943, -16.381980589999955 ], [ -43.799703748999946, -16.35729317299996 ], [ -43.827945212999964, -16.463989624999954 ], [ -43.787171657999977, -16.462878012999965 ], [ -43.814850708999984, -16.513104324999972 ], [ -43.798211574999982, -16.568846276999977 ], [ -43.754367956999943, -16.584281210999961 ], [ -43.784567464999952, -16.551321205999955 ], [ -43.742778822999981, -16.511258124999927 ], [ -43.719796973999962, -16.564052832999948 ], [ -43.645469161999983, -16.629067740999972 ], [ -43.623820043999956, -16.616051290999962 ], [ -43.635983327999952, -16.658648054999958 ], [ -43.549360732999958, -16.712636636999946 ], [ -43.530419624999979, -16.662467000999982 ], [ -43.487940550999951, -16.665108855999961 ], [ -43.333818144999952, -16.021029753999926 ], [ -43.243168947999948, -16.046277757999974 ], [ -43.155521127999975, -16.007379598999933 ], [ -43.141472655999962, -16.063100176999967 ], [ -43.111104943999976, -16.04590411099997 ], [ -43.130596200999946, -16.118014124999945 ], [ -43.122188990999973, -16.167812740999977 ], [ -43.094140889999949, -16.170962783999983 ], [ -43.043951910999965, -16.051263646999928 ], [ -43.05022562299996, -15.967407929999979 ], [ -42.997018070999957, -15.987261356999966 ], [ -42.98944725399997, -15.927213926999968 ], [ -42.950818844999958, -15.90480948499993 ], [ -42.91977260699997, -15.965890369999954 ], [ -42.857199058999981, -15.919351577999976 ], [ -42.828830521999976, -15.831614550999973 ], [ -42.854229490999955, -15.64162573699997 ], [ -42.777415106999968, -15.347035974999926 ], [ -42.86292586999997, -15.244266092999965 ], [ -42.735506571999963, -14.969135700999971 ], [ -42.654844681999975, -14.920302121999953 ], [ -42.617690183999969, -14.848081351999951 ], [ -42.595199335999951, -14.488930043999972 ], [ -42.635975667999958, -14.474370634999957 ], [ -42.657363776999944, -14.315838489999976 ], [ -42.616889036999964, -14.31337967099995 ], [ -42.616070226999966, -14.357998400999975 ], [ -42.587577542999952, -14.300051890999953 ], [ -42.665054624999982, -14.240949882999928 ], [ -42.644196053999963, -14.152382861999968 ], [ -42.699402498999973, -14.133879301999968 ], [ -42.678951565999967, -14.023116632999972 ], [ -42.73519547799998, -13.948916401999952 ], [ -42.703823375999946, -13.922792371999947 ], [ -42.71588621899997, -13.888825837999946 ], [ -42.80867165799998, -13.853778284999976 ], [ -42.847480248999943, -13.69969101099997 ], [ -42.833190295999941, -13.646945020999965 ], [ -42.866219993999948, -13.597046263999971 ], [ -42.896755250999945, -13.602313239999944 ], [ -42.921285627999964, -13.468351161999976 ], [ -43.014692834999948, -13.318021076999969 ], [ -42.979837633999978, -13.290905070999941 ], [ -42.931954553999958, -13.357003342999974 ], [ -42.904169370999966, -13.324736772999927 ], [ -42.903972112999952, -13.216770792999966 ], [ -42.951559789999976, -13.134782826999981 ], [ -42.921048582999958, -13.135667035999973 ], [ -43.006566401999976, -13.008013475999974 ], [ -42.993885603999956, -12.84254087599993 ], [ -42.875017536999962, -13.189719624999952 ], [ -42.895209499999964, -13.21932006399993 ], [ -42.86034836999994, -13.348268383999937 ], [ -42.847429699999964, -13.224197828999934 ], [ -42.816847342999949, -13.261197194999966 ], [ -42.843487259999961, -13.187999355999978 ], [ -42.824322077999966, -13.141477853999959 ], [ -42.86132430899994, -13.123237736999954 ], [ -42.839171780999948, -13.093112487999974 ], [ -42.925492670999972, -12.960450002999949 ], [ -42.877633830999969, -12.880267081999932 ], [ -42.909416707999981, -12.842953321999971 ], [ -42.887559428999964, -12.807666204999975 ], [ -42.946127987999944, -12.502403675999972 ], [ -42.900936728999966, -12.538638998999943 ], [ -42.814294504999964, -12.898541811999962 ], [ -42.743257512999946, -12.954374449999932 ], [ -42.715618639999946, -12.916122577999943 ], [ -42.716917252999963, -13.293498480999972 ], [ -42.679604087999962, -13.333911543999932 ], [ -42.709265460999973, -13.412921284999982 ], [ -42.667481964999979, -13.438183204999973 ], [ -42.637747941999976, -13.379455821999954 ], [ -42.578170255999964, -13.401694001999942 ], [ -42.581137188999946, -13.538385794999954 ], [ -42.52435866899998, -13.69819827699996 ], [ -42.443909735999966, -13.686954052999965 ], [ -42.44038044499996, -13.745502577999957 ], [ -42.392306342999973, -13.759695353999973 ], [ -42.413380332999964, -13.635251819999951 ], [ -42.399306551999985, -13.578186907999964 ], [ -42.374143722999975, -13.591842164999946 ], [ -42.37943078099994, -13.544807474999971 ], [ -42.337794797999948, -13.55461330199995 ], [ -42.329684167999972, -13.60302087499997 ], [ -42.317407691999961, -13.56590598799994 ], [ -42.28534, -13.564809355999955 ], [ -42.277452822999976, -13.609876676999932 ], [ -42.144791932999965, -13.687388173999977 ], [ -42.205637612999965, -13.727798950999954 ], [ -42.255442681999966, -13.666874836999966 ], [ -42.311659893999945, -13.667356094999946 ], [ -42.296114023999962, -13.702726734999942 ], [ -42.333736476999945, -13.745306652999943 ], [ -42.296928430999969, -13.780085342999939 ], [ -42.333418052999946, -13.799993720999964 ], [ -42.300683582999966, -13.825806306999937 ], [ -42.317873209999959, -13.855050826999957 ], [ -42.275535030999947, -13.872822124999971 ], [ -42.309705411999971, -13.947062770999935 ], [ -42.384496392999949, -14.03852061799995 ], [ -42.391679306999947, -14.011535881999976 ], [ -42.425911080999981, -14.039687077999929 ], [ -42.514407050999978, -14.023131393999961 ], [ -42.501864110999975, -14.089928498999939 ], [ -42.461838056999966, -14.115951180999957 ], [ -42.539804513999968, -14.305921510999951 ], [ -42.526074559999984, -14.347866947999933 ], [ -42.556703940999967, -14.372855770999934 ], [ -42.508976924999956, -14.433394343999964 ], [ -42.540221058999975, -14.485358318999943 ], [ -42.516421156999968, -14.652708329999939 ], [ -42.570009349999964, -14.746147880999956 ], [ -42.510905787999945, -14.822225184999979 ], [ -42.610787398999946, -14.991371475999927 ], [ -42.645778962999941, -15.004655724999964 ], [ -42.598424309999984, -15.017397624999944 ], [ -42.591695950999963, -15.06301263499995 ], [ -42.496876696999948, -14.97721689399998 ], [ -42.429336061999948, -15.006378695999956 ], [ -42.428283345999944, -15.05635485099998 ], [ -42.350804271999948, -15.076909937999972 ], [ -42.326280345999976, -15.052567370999952 ], [ -42.308649074999948, -15.082554875999961 ], [ -42.293503983999983, -15.049137172999963 ], [ -42.271763285999953, -15.106881242999975 ], [ -42.15110526999996, -15.097106579999945 ], [ -42.092572493999967, -15.172669258999974 ], [ -41.983487414999956, -15.157773099999929 ], [ -41.914969243999963, -15.091565800999945 ], [ -41.853486604999944, -15.093885571999976 ], [ -41.884129678999955, -15.059852988999978 ], [ -41.822765686999958, -14.99305905999995 ], [ -41.83223736399998, -15.089564487999951 ], [ -41.810593667999967, -15.056579717999966 ], [ -41.772975783999982, -15.061259426999982 ], [ -41.790922187999968, -15.088813415999937 ], [ -41.745881990999976, -15.072355024999979 ], [ -41.787751386999958, -15.10933661599995 ], [ -41.735370141999965, -15.148388483999952 ], [ -41.777038189999985, -15.162034587999926 ], [ -41.788737225999967, -15.216872505999959 ], [ -41.832951280999964, -15.210980389999975 ], [ -41.796203145999982, -15.205071403999966 ], [ -41.810219515999961, -15.112059457999976 ], [ -41.914156421999962, -15.175229334999926 ], [ -41.921049480999955, -15.21147730399997 ], [ -41.963941801999965, -15.203905324999937 ], [ -41.960094451999964, -15.254028138999956 ], [ -42.023951042999954, -15.273399086999973 ], [ -42.023445699999968, -15.459778579999977 ], [ -41.974832512999967, -15.548000867999974 ], [ -42.023900613999956, -15.504508195999961 ], [ -42.059968595999976, -15.496979668999927 ], [ -41.952419182999961, -15.610673236999958 ], [ -41.997030396999946, -15.610621962999971 ], [ -41.991200350999975, -15.679377840999962 ], [ -41.921651802999975, -15.632812953999974 ], [ -41.865046724999956, -15.79403853599996 ], [ -41.941401199999973, -15.928804853999964 ], [ -41.91027752399998, -15.936274535999928 ], [ -41.919881849999967, -15.993365547999929 ], [ -41.881397943999957, -15.980002519999971 ], [ -41.88951321899998, -15.95429143399997 ], [ -41.859943231999978, -15.979501590999973 ], [ -41.805802025999981, -15.948722577999945 ], [ -41.763223160999985, -15.881696495999961 ], [ -41.753278374999979, -15.931797656999947 ], [ -41.807080699999972, -15.991320625999947 ], [ -41.668172173999949, -15.919594509999968 ], [ -41.695130487999961, -15.989855140999964 ], [ -41.807426671999963, -16.017237855999952 ], [ -41.836518644999956, -15.98208071199997 ], [ -41.901888565999968, -16.020085774999927 ], [ -42.01431976799995, -15.999066096999968 ], [ -42.148664595999946, -15.916520761999948 ], [ -42.103997987999946, -15.832647255999973 ], [ -42.200313061999964, -15.832739380999953 ], [ -42.308283916999983, -15.90735862899993 ], [ -42.350711240999942, -15.986312066999972 ], [ -42.332014826999966, -16.025980993999951 ], [ -42.423038155999961, -16.136829183999964 ], [ -42.350855150999962, -16.190040752999948 ], [ -42.437984307999955, -16.287726559999953 ], [ -42.432581263999964, -16.423747116999948 ], [ -42.349605278999945, -16.409558797999978 ], [ -42.355960830999948, -16.440543652999963 ], [ -42.310540150999941, -16.457853593999971 ], [ -42.363759320999975, -16.465869175999956 ], [ -42.278783091999969, -16.481245394999974 ], [ -42.341039121999984, -16.58543851099995 ], [ -42.345914692999941, -16.654393112999969 ], [ -42.133135022999966, -16.694278164999957 ], [ -42.026383144999954, -16.77701964299996 ], [ -42.148935948999963, -16.849548983999966 ], [ -42.202929392999977, -16.819037931999958 ], [ -42.237606923999977, -16.83930797599993 ], [ -42.237755278999941, -16.809480778999955 ], [ -42.268798846999971, -16.827380388999927 ], [ -42.322016643999973, -16.782008797999936 ], [ -42.338053814999967, -16.822882534999962 ], [ -42.383937212999967, -16.833416297999975 ], [ -42.395909771999982, -16.899816617999932 ], [ -42.367470413999968, -16.915627004999976 ], [ -42.229027096999971, -16.875804249999931 ], [ -42.177386664999972, -16.887470233999977 ], [ -42.168087960999969, -16.924911389999977 ], [ -42.266260770999963, -16.932489531999977 ], [ -42.344755826999972, -16.989284052999949 ], [ -42.36319909599996, -17.040387651999936 ], [ -42.285754586999985, -17.053219380999963 ], [ -42.256566757999963, -17.125153497999975 ], [ -42.297445757999981, -17.174581 ], [ -42.289159474999963, -17.237067589999981 ], [ -42.317901120999977, -17.23623046299997 ], [ -42.320071739999946, -17.322810321999953 ], [ -42.378824841999972, -17.352033103999929 ], [ -42.353991389999976, -17.383474513999943 ], [ -42.305859348999945, -17.379214734999948 ], [ -42.358643576999953, -17.434302675999959 ], [ -42.32375080099996, -17.411184808999963 ], [ -42.315409974999966, -17.479865312999948 ], [ -42.238474260999965, -17.482436938999967 ], [ -42.215589105999982, -17.448776921999979 ], [ -42.166220472999953, -17.476531638999973 ], [ -42.170611201999975, -17.506384207999929 ], [ -42.224893025999961, -17.517094490999966 ], [ -42.218951761999961, -17.551933209999959 ], [ -42.29408932299998, -17.568284924999944 ], [ -42.338437147999969, -17.629701136999927 ], [ -42.314527017999978, -17.683233860999962 ], [ -42.228939096999966, -17.690093140999977 ], [ -42.223754662999966, -17.724953834999951 ], [ -42.46605391199995, -17.813611278999929 ], [ -42.489608569999973, -17.716524574999937 ], [ -42.566230723999979, -17.694750290999934 ], [ -42.538815968999984, -17.64823837199998 ], [ -42.699708351999959, -17.590609212999937 ], [ -42.700117791999958, -17.681441525999958 ], [ -42.66327582599996, -17.712529838999956 ], [ -42.705186106999975, -17.727113824999947 ], [ -42.704826128999969, -17.76260547499993 ], [ -42.645954909999944, -17.760118392999971 ], [ -42.772174643999961, -17.872393562999946 ], [ -42.850581563999981, -17.860235775999968 ], [ -42.879409805999956, -17.921052230999976 ], [ -42.85452348299998, -17.958891789999939 ], [ -42.782851491999963, -17.970543455999973 ], [ -42.776198031999968, -17.936852693999981 ], [ -42.762481550999951, -17.952820457999962 ], [ -42.734971263999967, -17.902752584999973 ], [ -42.67271554499996, -17.879368519999957 ], [ -42.711910490999969, -17.935607021999942 ], [ -42.676403694999976, -17.981346221999956 ], [ -42.876255206999986, -18.076191571999971 ], [ -42.887234355999965, -18.005407210999977 ], [ -42.962661041999979, -18.018834762999973 ], [ -43.132204600999955, -17.862155192999978 ], [ -43.147282806999954, -17.92986300299998 ], [ -43.118597010999963, -18.003185296999959 ], [ -43.168788080999946, -18.047990266999932 ], [ -43.164322091999964, -18.095462133999945 ], [ -43.141531313999963, -18.061095243999944 ], [ -43.137271214999942, -18.11301038199997 ], [ -43.092751676999967, -18.10840649599993 ], [ -43.080233187999966, -18.050787337999964 ], [ -43.103680506999979, -18.029664460999982 ], [ -43.053542900999958, -18.004630518999932 ], [ -43.032886820999977, -18.029822100999979 ], [ -43.06493246499997, -18.063631475999955 ], [ -42.971375286999944, -18.162573381999948 ], [ -43.083905537999954, -18.122279555999967 ], [ -43.147062046999963, -18.134332412999981 ], [ -43.198210697999968, -18.223123388999966 ], [ -43.254321610999966, -18.244061156999976 ], [ -43.266369782999959, -18.314597489999983 ], [ -43.296099874999982, -18.289281544999938 ], [ -43.365522208999948, -18.304082121999954 ], [ -43.353378864999968, -18.356271116999949 ], [ -43.284092028999964, -18.32366159399993 ], [ -43.283058757999981, -18.380783837999957 ], [ -43.366975386999968, -18.429286314999956 ], [ -43.333464360999983, -18.455306425999936 ], [ -43.364753954999969, -18.492917579999983 ], [ -43.38779552799997, -18.465811001999953 ], [ -43.417269923999982, -18.484204709999972 ], [ -43.451122082999973, -18.599731292999934 ], [ -43.442742684999985, -18.538478281999971 ], [ -43.466084705999947, -18.525868653999964 ], [ -43.478778543999965, -18.684444902999928 ], [ -43.51415321099995, -18.61220783899995 ], [ -43.497600453999951, -18.557157019999977 ], [ -43.537180006999961, -18.538243876999957 ], [ -43.592757675999962, -18.608686714999976 ], [ -43.554646760999958, -18.62801409399998 ], [ -43.583760721999965, -18.679016555999965 ], [ -43.628684477999968, -18.666716637999968 ], [ -43.639068489999943, -18.611077896999973 ], [ -43.711912121999944, -18.643762119999963 ], [ -43.683442231999948, -18.743516259999979 ], [ -43.712734670999964, -18.758796633999964 ], [ -43.707559913999944, -18.819888186999947 ], [ -43.750422202999971, -18.812931669999955 ], [ -43.690753725999969, -18.932339363999972 ], [ -43.639905487999954, -18.949774026999933 ], [ -43.535961379999947, -19.083444582999959 ], [ -43.515633780999963, -19.120146810999927 ], [ -43.537297519999981, -19.175452537999945 ], [ -43.486163286999954, -19.26771367799995 ], [ -43.430978803999949, -19.299330436999981 ], [ -43.424092129999963, -19.250356626999974 ], [ -43.392392190999942, -19.246136693999972 ], [ -43.405928408999955, -19.337660529999937 ], [ -43.37596026999995, -19.336486573999935 ], [ -43.374920397999972, -19.282205053999974 ], [ -43.325214326999969, -19.29257490599997 ], [ -43.260446717999969, -19.362276551999969 ], [ -43.284939476999966, -19.397779679999928 ], [ -43.225314687999969, -19.426328880999961 ], [ -43.22854341599998, -19.46178124599993 ], [ -43.313010412999972, -19.428606803999969 ], [ -43.341880593999974, -19.450851249999971 ], [ -43.293855201999975, -19.507335372999933 ], [ -43.309627596999974, -19.541025280999975 ], [ -43.261046992999979, -19.548833184999978 ], [ -43.278788214999963, -19.590324162999934 ], [ -43.317361374999962, -19.590204643999982 ], [ -43.303765191999958, -19.642453392999982 ], [ -43.34288481699997, -19.652459352999927 ], [ -43.284517426999969, -19.71907433399997 ], [ -43.363160426999968, -19.735445180999932 ], [ -43.313980429999958, -19.806976298999928 ], [ -43.356650787999968, -19.843159263999951 ], [ -43.413869443999943, -19.80486218599998 ], [ -43.447819398999968, -19.834611781999968 ], [ -43.461571926999966, -19.784612306999975 ], [ -43.491458971999975, -19.779549507999945 ], [ -43.472180179999953, -19.807042413999966 ], [ -43.500850257999957, -19.822832329999983 ], [ -43.532497693999971, -19.771702201999972 ], [ -43.569850963999954, -19.774457554999969 ], [ -43.606180796999979, -19.678310164999971 ], [ -43.658358782999983, -19.682280533999972 ], [ -43.654314640999985, -19.726004952999972 ], [ -43.700427441999977, -19.695835199999976 ], [ -43.702118037999981, -19.755911450999974 ], [ -43.740026547999946, -19.797391961999949 ], [ -43.832936718999974, -19.827556207999976 ], [ -43.918067847999964, -19.802747584999963 ], [ -43.900017007999963, -19.896128982999983 ], [ -43.937778832999982, -19.864875822999977 ], [ -43.997341596999945, -19.888243099999954 ], [ -44.038442932999942, -19.919849916999965 ], [ -44.011913442999969, -19.967657675999931 ], [ -44.061147820999963, -19.964860145999978 ], [ -44.094296560999965, -19.866352239999969 ], [ -44.214447778999954, -19.958975319999979 ], [ -44.235744692999958, -19.930730528999959 ], [ -44.322854560999986, -19.942790926999976 ], [ -44.264612396999951, -20.012780235999969 ], [ -44.304304203999948, -20.039788291999969 ], [ -44.288813207999965, -20.090794649999964 ], [ -44.432231135999984, -20.129022009999971 ], [ -44.461556213999984, -20.11619173899993 ], [ -44.439791, -20.06269143399993 ], [ -44.47636754399997, -20.015833725999983 ], [ -44.44533906199996, -19.987475400999926 ], [ -44.558266880999952, -19.898290813999949 ], [ -44.509786205999944, -19.843359402999965 ], [ -44.560257925999963, -19.817190558999982 ], [ -44.600521997999977, -19.857550397999944 ], [ -44.56754190099997, -19.649766068999952 ], [ -44.634580042999971, -19.64260888299998 ], [ -44.678220326999963, -19.594929113999967 ], [ -44.671185280999964, -19.563917776999972 ], [ -44.631093954999983, -19.565281968999955 ], [ -44.66324108699996, -19.548392290999971 ], [ -44.629998232999981, -19.458536957999968 ], [ -44.663806970999985, -19.444783235999978 ], [ -44.668805293999981, -19.399923050999973 ], [ -44.704591194999978, -19.393656459999931 ], [ -44.696277100999964, -19.440218286999936 ], [ -44.751070547999973, -19.489919424999982 ], [ -44.771422489999964, -19.564998573999958 ], [ -44.686596005999945, -19.666713428999969 ], [ -44.746216827999945, -19.682207803999972 ], [ -44.797247113999958, -19.647238035999976 ], [ -44.850180931999944, -19.684229386999959 ], [ -44.88674378099995, -19.649224560999983 ], [ -44.935458929999982, -19.665104184999961 ], [ -44.958499483999958, -19.612424488999977 ], [ -44.984451411999942, -19.599570563999976 ], [ -44.985580738999943, -19.638166921999982 ], [ -45.037733384999967, -19.590359342999932 ], [ -45.058174786999984, -19.649472750999962 ], [ -44.993339469999967, -19.666099909999957 ], [ -44.954620360999968, -19.723376043999963 ], [ -44.92358719799995, -19.715171422999958 ], [ -44.883689136999976, -19.755055640999956 ], [ -44.844880011999976, -19.714746720999926 ], [ -44.809537301999967, -19.765869811999949 ], [ -44.669266422999954, -19.801674170999945 ], [ -44.710145997999973, -19.822698576999983 ], [ -44.878215950999959, -19.776967074999959 ], [ -44.873256236999964, -19.809523352999975 ], [ -44.81204960599996, -19.827321220999977 ], [ -44.794915390999961, -19.804988333999972 ], [ -44.767119668999953, -19.871001796999963 ], [ -44.695766544999969, -19.896283829999959 ], [ -44.71153798399996, -19.941059435999932 ], [ -44.673178843999949, -19.959696353999959 ], [ -44.692590240999948, -19.987343305999957 ], [ -44.627741792999984, -20.020047172999966 ], [ -44.638880091999965, -20.113814427999955 ], [ -44.707993275999968, -20.173933388999956 ], [ -44.643068176999975, -20.176900427999954 ], [ -44.663133341999981, -20.210119723999981 ], [ -44.639214472999981, -20.239820039999927 ], [ -44.675798884999949, -20.24339521099995 ], [ -44.587662269999953, -20.330193674999975 ], [ -44.614264716999969, -20.358025459999965 ], [ -44.654323968999961, -20.343580617999976 ], [ -44.641496295999957, -20.386254979999933 ], [ -44.778568942999982, -20.467037904999927 ], [ -44.772006464999947, -20.496017356999971 ], [ -44.868198487999962, -20.483330504999969 ], [ -44.880174894999982, -20.522073509999927 ], [ -44.928540690999967, -20.518959707999954 ], [ -44.909939668999982, -20.468416130999969 ], [ -44.963340235999965, -20.475154951999968 ], [ -45.025938546999953, -20.576505947999976 ], [ -45.055156106999959, -20.503325551999978 ], [ -45.101864913999975, -20.499160316999962 ], [ -45.043404714999951, -20.479141400999936 ], [ -45.066713118999985, -20.444351991999952 ], [ -45.034010105999982, -20.423610501999974 ], [ -45.134148909999965, -20.413382462999948 ], [ -45.101859394999963, -20.403849122999929 ], [ -45.116109910999967, -20.380694593999976 ], [ -45.030121530999963, -20.401217834999954 ], [ -45.103528280999967, -20.360678303999975 ], [ -45.050273772999958, -20.339352863999977 ], [ -45.081870780999964, -20.302698724999971 ], [ -45.038643948999947, -20.280004777999977 ], [ -45.076336191999985, -20.24719123899996 ], [ -45.032958832999952, -20.218316671999958 ], [ -45.076358566999943, -20.158945385999971 ], [ -45.005534256999965, -20.207240938999973 ], [ -45.015057941999942, -20.180447042999958 ], [ -44.962087235999945, -20.165210808999973 ], [ -45.044693876999986, -20.110658271999966 ], [ -45.00694869299997, -20.104561296999975 ], [ -45.043325897999978, -20.05071996199996 ], [ -45.007172258999958, -20.072599535999927 ], [ -44.987480311999946, -20.048492944999964 ], [ -45.033068946999947, -20.018972429999963 ], [ -45.021900094999978, -19.947773220999977 ], [ -45.075133867999966, -19.959319041999947 ], [ -45.082122609999942, -20.031005233999963 ], [ -45.104968285999973, -20.029725500999973 ], [ -45.089708659999985, -20.008051721999948 ], [ -45.134584294999968, -20.018530993999946 ], [ -45.148986607999973, -20.108498974999975 ], [ -45.17506564599995, -20.111366044999954 ], [ -45.181561944999942, -20.076533243999961 ], [ -45.21958836899995, -20.090035753999928 ], [ -45.227958228999967, -20.196562578999931 ], [ -45.270175120999966, -20.155370599999969 ], [ -45.218899370999964, -20.055655668999975 ], [ -45.258591778999971, -20.034554981999975 ], [ -45.316298264999944, -20.197880061999967 ], [ -45.378114480999955, -20.094325811999965 ], [ -45.36586465299996, -20.161268330999974 ], [ -45.435369438999942, -20.171705770999949 ], [ -45.402969503999941, -20.231588572999954 ], [ -45.457501126999944, -20.200167698999962 ], [ -45.450594574999968, -20.260978515999966 ], [ -45.531988095999964, -20.176403682999933 ], [ -45.501764845999958, -20.225518474999944 ], [ -45.529239380999968, -20.225515519999931 ], [ -45.52759883899995, -20.305311179999933 ], [ -45.563052698999968, -20.365073989999928 ], [ -45.469754720999958, -20.400862035999978 ], [ -45.527347341999985, -20.505363425999974 ], [ -45.47632654399996, -20.516809342999977 ], [ -45.512447078999969, -20.56201952899994 ], [ -45.44652827799996, -20.587537032999933 ], [ -45.465882640999951, -20.668583754999929 ], [ -45.402810056999954, -20.683219369999961 ], [ -45.374566369999968, -20.763271047999979 ], [ -45.378197830999966, -20.678022839999983 ], [ -45.333707771999968, -20.706398155999977 ], [ -45.299294000999964, -20.676382958999966 ], [ -45.277421121999964, -20.728045633999955 ], [ -45.305291719999957, -20.751569488999962 ], [ -45.298233533999962, -20.810005415999967 ], [ -45.253046818999962, -20.899956154999927 ], [ -45.291797112999973, -20.929772368999977 ], [ -45.326410186999965, -20.909264108999935 ], [ -45.342755181999962, -20.888621286999978 ], [ -45.289127342999961, -20.851929882999968 ], [ -45.366725961999975, -20.815251392999983 ], [ -45.358997969999962, -20.839036272999977 ], [ -45.390187724999976, -20.847454359999972 ], [ -45.419610602999967, -20.807475952999937 ], [ -45.382030254999961, -20.777835778999929 ], [ -45.579026201999966, -20.741370467999957 ], [ -45.455094838999969, -20.804230981999979 ], [ -45.482704320999972, -20.914934714999958 ], [ -45.411178604999975, -20.895929207999927 ], [ -45.442072292999967, -20.911717283999963 ], [ -45.432971691999967, -20.964513206999982 ], [ -45.513161925999952, -20.976084245999971 ], [ -45.552359403999958, -21.046985201999973 ], [ -45.483815749999962, -21.071026322999955 ], [ -45.418801779999967, -21.178018814999973 ], [ -45.360102586999972, -21.212049829999955 ], [ -45.419118562999984, -21.238224737999928 ], [ -45.412746359999971, -21.21092188199998 ], [ -45.524280172999966, -21.139778829999955 ], [ -45.504793713999959, -21.109341961999974 ], [ -45.56656751099996, -21.124448386999973 ], [ -45.546427605999952, -21.184712013999956 ], [ -45.592902414999969, -21.256110240999931 ], [ -45.568078579999963, -21.312432705999981 ], [ -45.46860593599996, -21.366300443999933 ], [ -45.522865668999941, -21.396912242999974 ], [ -45.607131537999976, -21.382464469999945 ], [ -45.640463376999946, -21.414965282999958 ], [ -45.718342647999975, -21.369990445999974 ], [ -45.82119877599996, -21.39537474499997 ], [ -45.841286198999967, -21.291031860999965 ], [ -45.712108687999944, -21.259580282999934 ], [ -45.694538795999961, -21.285218506999968 ], [ -45.614750493999964, -21.240982973999962 ], [ -45.913807881999958, -21.257350923999979 ], [ -45.953491377999967, -21.225023262999969 ], [ -45.936234745999968, -21.146183864999955 ], [ -45.715573610999968, -21.217719863999946 ], [ -45.621176243999969, -21.208571035999967 ], [ -45.601354347999973, -21.186053578999974 ], [ -45.655162019999977, -21.175297044999979 ], [ -45.627061050999941, -21.147892443999979 ], [ -45.959475846999965, -21.104689198999949 ], [ -46.015094801999965, -21.058807583999965 ], [ -46.005945825999959, -20.955036952999933 ], [ -46.081018983999968, -20.912549959999978 ], [ -46.362802707999947, -20.876395161999937 ], [ -46.510009242999956, -20.906241613999953 ], [ -46.604561883999963, -20.823446021999928 ], [ -46.793487727999945, -20.752844983999978 ], [ -46.873311072999968, -20.799709878999977 ], [ -46.957713158999979, -20.710564316999978 ], [ -46.959979372999953, -20.65043435399997 ], [ -46.909039944999961, -20.61369844799998 ], [ -47.01373166999997, -20.575236054999948 ], [ -46.976879357999962, -20.53484552499998 ], [ -46.937000754999985, -20.540314167999952 ], [ -46.921804246999955, -20.404757726999946 ], [ -46.954525191999949, -20.388596545999974 ], [ -46.992298239999968, -20.420003977999954 ], [ -47.035365774999946, -20.322888603999957 ], [ -47.094159011999977, -20.324870431999955 ], [ -47.098236872999962, -20.415959825999948 ], [ -47.057058465999944, -20.439660466999953 ], [ -47.03141237899996, -20.524183576999974 ], [ -47.083957315999953, -20.479519580999977 ], [ -47.110638857999959, -20.523364805999961 ], [ -47.168364916999963, -20.508943961999933 ], [ -47.214590255999951, -20.447795509999935 ], [ -47.135868510999956, -20.41496441299995 ], [ -47.144134035999969, -20.334995271999958 ], [ -47.208931685999971, -20.280066623999971 ], [ -47.290949543999943, -20.328276903999949 ], [ -47.272043551999957, -20.260956274999955 ], [ -47.317063215999951, -20.24698177199997 ], [ -47.27770613399997, -20.204856266999968 ], [ -47.366738192999946, -20.202664844999958 ], [ -47.370208960999946, -20.140873899999974 ], [ -47.405238872999973, -20.151113384999974 ], [ -47.459490049999943, -20.251792282999929 ], [ -47.401951088999965, -20.222219033999977 ], [ -47.350858805999962, -20.251856370999974 ], [ -47.361926291999964, -20.298268829999927 ], [ -47.405998901999965, -20.306775404999939 ], [ -47.398838154999964, -20.36670513599995 ], [ -47.439477321999959, -20.37924239299997 ], [ -47.376768848999973, -20.387791612999933 ], [ -47.346215624999957, -20.518674829999952 ], [ -47.235177054999951, -20.500838532999978 ], [ -47.160242253999968, -20.538435141999969 ], [ -47.211193808999951, -20.559899520999977 ], [ -47.240709123999977, -20.52324806699994 ], [ -47.314069138999969, -20.568926897999972 ], [ -47.289371376999952, -20.599704929999973 ], [ -47.193229131999942, -20.60196289299995 ], [ -47.236162673999956, -20.658116018999976 ], [ -47.29607052199998, -20.633492862999958 ], [ -47.310308747999954, -20.677410642999973 ], [ -47.278995229999964, -20.723471425999946 ], [ -47.242619201999958, -20.71451127499995 ], [ -47.217044937999958, -20.759681227999977 ], [ -47.161904700999969, -20.773417103999975 ], [ -47.188902657999961, -20.774613059999979 ], [ -47.208900521999965, -20.838030063999952 ], [ -47.18291837299995, -20.861871917999963 ], [ -47.225305318999972, -20.978050184999972 ], [ -47.191881676999969, -21.090598291999981 ], [ -47.134290897999961, -21.096290814999975 ], [ -47.109929159999979, -21.141289687999972 ], [ -47.016120745999956, -21.151404365999952 ], [ -47.014440743999955, -21.187580928999978 ], [ -47.059402623999972, -21.207233875999975 ], [ -47.126142653999977, -21.325434506999954 ], [ -47.148377679999953, -21.295617529999959 ], [ -47.20102759699995, -21.326193431999968 ], [ -47.168739199999948, -21.248333737999928 ], [ -47.214414328999965, -21.322780380999973 ], [ -47.260097597999959, -21.31511674199993 ], [ -47.252865705999966, -21.276997931999972 ], [ -47.351161374999947, -21.352608785999962 ], [ -47.373807775999978, -21.260588801999972 ], [ -47.335589277999986, -21.265636106999978 ], [ -47.33615397899996, -21.207002005999982 ], [ -47.185513785999945, -21.209185451999929 ], [ -47.205805130999977, -21.174525500999948 ], [ -47.335632172999965, -21.189205215999948 ], [ -47.317395136999949, -21.160584881999966 ], [ -47.346479011999975, -21.154628826999954 ], [ -47.341400282999984, -21.114924721999955 ], [ -47.448450305999984, -21.222631022999963 ], [ -47.447038859999964, -21.244113737999953 ], [ -47.389040386999966, -21.233974625999963 ], [ -47.411895677999951, -21.294499667999958 ], [ -47.455483271999981, -21.333958130999974 ], [ -47.515636861999951, -21.309799286999976 ], [ -47.533230798999966, -21.378500173999953 ], [ -47.611080579999964, -21.371340046999933 ], [ -47.534527861999948, -21.487745204999953 ], [ -47.504472370999963, -21.458696839999959 ], [ -47.538100932999953, -21.404873319999979 ], [ -47.488237774999959, -21.37335772199998 ], [ -47.416672471999959, -21.425793842999951 ], [ -47.411529948999942, -21.493148531999964 ], [ -47.364269758999967, -21.456490628999973 ], [ -47.306149332999951, -21.526196482999978 ], [ -47.348526637999953, -21.560008566999954 ], [ -47.323795866999944, -21.627263275999951 ], [ -47.23805981199996, -21.559195262999935 ], [ -47.237181289999967, -21.602949291999948 ], [ -47.317802369999981, -21.659840052999982 ], [ -47.293557651999947, -21.689923267999973 ], [ -47.332388797999954, -21.680953668999962 ], [ -47.280314887999964, -21.739395571999978 ], [ -47.318546818999948, -21.775200760999951 ], [ -47.366630877999967, -21.76218726999997 ], [ -47.374703994999948, -21.690560002999973 ], [ -47.432773208999947, -21.743568502999949 ], [ -47.487066366999954, -21.716536944999973 ], [ -47.512725744999955, -21.741206235999982 ], [ -47.531565863999958, -21.673448127999961 ], [ -47.447297208999942, -21.681932414999949 ], [ -47.472244173999968, -21.650694354999928 ], [ -47.547331675999942, -21.633951600999978 ], [ -47.612253446999944, -21.662832757999979 ], [ -47.680498776999968, -21.634690891999981 ], [ -47.678464112999961, -21.742877047999968 ], [ -47.744314617999976, -21.80186135699995 ], [ -47.741431339999963, -21.666152069999953 ], [ -47.802116317999946, -21.644136561999971 ], [ -47.766353812999967, -21.61869506599993 ], [ -47.921665300999962, -21.561286760999963 ], [ -47.955917452999984, -21.585319486999936 ], [ -47.998814215999971, -21.533611440999948 ], [ -48.005689029999985, -21.55465441399997 ], [ -47.963094427999977, -21.607055862999971 ], [ -47.822033569999974, -21.637214553999968 ], [ -47.845371839999984, -21.692415824999955 ], [ -47.811246356999959, -21.710009370999956 ], [ -47.819362622999961, -21.748792499999979 ], [ -47.779090700999973, -21.743603031999953 ], [ -47.858924130999981, -21.847832108999967 ], [ -47.882660080999983, -21.770845109999982 ], [ -47.928119426999956, -21.780126055999972 ], [ -47.904224610999961, -21.784048392999978 ], [ -47.923699835999969, -21.805638801999976 ], [ -47.893264582999961, -21.885538548999932 ], [ -47.84875253499996, -21.874036942999965 ], [ -47.833385326999974, -21.905320358999973 ], [ -47.788536748999945, -21.881147461999944 ], [ -47.770443271999966, -21.857031302999928 ], [ -47.798177439999961, -21.803420240999969 ], [ -47.71178734199998, -21.824261210999964 ], [ -47.73110821399996, -21.860759716999951 ], [ -47.69891082099997, -21.918973646999973 ], [ -47.847019717999956, -21.957746672999974 ], [ -47.800932362999959, -21.987435982999955 ], [ -47.818141727999944, -22.10972303799997 ], [ -47.721593571999961, -22.137117117999935 ], [ -47.655957029999968, -22.07640936599995 ], [ -47.764016918999971, -22.046793701999945 ], [ -47.665832912999974, -22.004371645999981 ], [ -47.642422214999954, -22.061474002999944 ], [ -47.599302586999954, -22.029304605999982 ], [ -47.703192906999959, -21.941116597999951 ], [ -47.667383421999943, -21.933564064999928 ], [ -47.64455591899997, -21.875984062999976 ], [ -47.69597947699998, -21.803075844999967 ], [ -47.67253881299996, -21.759179772999971 ], [ -47.641809428999977, -21.798432763999983 ], [ -47.638859786999944, -21.749270954999929 ], [ -47.60536663299996, -21.759103491999952 ], [ -47.55758188599998, -21.811149659999955 ], [ -47.597713582999972, -21.856218013999978 ], [ -47.579062933999978, -21.873199287999967 ], [ -47.528751002999968, -21.813804399999981 ], [ -47.568454709999969, -21.77847600299998 ], [ -47.545125447999965, -21.750190283999927 ], [ -47.444513785999959, -21.770588739999937 ], [ -47.397416183999951, -21.806954837999967 ], [ -47.405534927999952, -21.836661463999974 ], [ -47.343319897999947, -21.828218119999974 ], [ -47.450730913999962, -21.845293398999956 ], [ -47.42785252799996, -21.934650355999963 ], [ -47.333291332999977, -21.929233001999933 ], [ -47.375230578999947, -21.963818105999962 ], [ -47.346931865999977, -22.002464678999957 ], [ -47.256718479999961, -21.967668883999977 ], [ -47.191232944999967, -21.839372960999981 ], [ -47.240597242999968, -21.78355692699995 ], [ -47.184289626999941, -21.748751809999931 ], [ -47.163994664999962, -21.597676329999956 ], [ -47.125490634999949, -21.575412365999966 ], [ -47.259145362999959, -21.52061068699993 ], [ -47.276675655999952, -21.45875265199993 ], [ -47.235696343999962, -21.351335497999969 ], [ -47.193207952999956, -21.38608665199996 ], [ -47.155702493999968, -21.331877267999971 ], [ -47.132325844999968, -21.364840363999974 ], [ -47.049856754999951, -21.225694488999977 ], [ -46.991825381999945, -21.216121867999959 ], [ -46.969838013999947, -21.264192408999975 ], [ -47.042098218999968, -21.32311555299998 ], [ -47.000538547999952, -21.352932789999954 ], [ -47.008986485999969, -21.385526905999939 ], [ -47.113195169999983, -21.385427038999978 ], [ -47.136912088999964, -21.451744021999957 ], [ -47.149578183999949, -21.509861329999978 ], [ -47.09951261599997, -21.552840068999956 ], [ -47.116939126999966, -21.618049215999974 ], [ -47.078383668999948, -21.714053553999975 ], [ -47.147738084999958, -21.771077356999967 ], [ -47.130760745999964, -21.832609006999974 ], [ -47.154089379999959, -21.872307822999971 ], [ -47.119860585999959, -21.894457730999932 ], [ -47.069093012999986, -21.866773846999934 ], [ -46.978169338999976, -21.760924006999971 ], [ -46.96365353799996, -21.815626647999977 ], [ -46.894485951999968, -21.863352893999945 ], [ -46.94053923599995, -21.941002048999962 ], [ -46.972803690999967, -21.878526663999935 ], [ -47.044110347999947, -21.878572749999933 ], [ -47.070938370999954, -21.951590345999932 ], [ -47.17870875999995, -21.96985575399998 ], [ -47.083116, -22.068881315999931 ], [ -46.906643393999957, -22.090262819999964 ], [ -46.877760661999957, -22.120075398999973 ], [ -46.93756347599998, -22.152177620999964 ], [ -46.904447132999962, -22.161650294999959 ], [ -46.899017998999966, -22.201748644999952 ], [ -46.983419010999967, -22.247898047999968 ], [ -46.991964466999946, -22.174729580999951 ], [ -47.025821212999972, -22.146530434999931 ], [ -47.057850764999955, -22.280730846999973 ], [ -47.127469299999973, -22.225841724999952 ], [ -47.139859275999981, -22.286511595999968 ], [ -47.074087879999979, -22.309692316999929 ], [ -47.049611861999949, -22.38058310699995 ], [ -47.081388268999945, -22.462935184999935 ], [ -47.118049690999953, -22.439909695999972 ], [ -47.138173374999951, -22.477227390999929 ], [ -47.171891886999958, -22.459871160999967 ], [ -47.195626841999967, -22.487580280999964 ], [ -47.193717410999966, -22.443756163999979 ], [ -47.223312117999967, -22.432891956999981 ], [ -47.194664865999982, -22.419219469999973 ], [ -47.196937275999971, -22.368514810999955 ], [ -47.247430163999979, -22.310213912999927 ], [ -47.214156179999975, -22.313674846999959 ], [ -47.187434004999943, -22.253038519999961 ], [ -47.231926105999946, -22.187822213999937 ], [ -47.245248541999956, -22.046182002999956 ], [ -47.360018038999954, -22.018773137999972 ], [ -47.398545633999959, -22.054575491999969 ], [ -47.362218776999953, -22.097438327999953 ], [ -47.401509931999954, -22.142249335999963 ], [ -47.438146423999967, -22.136444703999928 ], [ -47.437708016999977, -22.104066015999933 ], [ -47.470103421999966, -22.095677955999975 ], [ -47.425398616999985, -22.047525251999957 ], [ -47.515167516999952, -21.959100837999927 ], [ -47.482180414999959, -21.919323925999947 ], [ -47.530005346999985, -21.929547559999946 ], [ -47.534172417999969, -21.89816650299997 ], [ -47.571569505999946, -21.899122180999939 ], [ -47.564547201999972, -21.978748786999972 ], [ -47.54790703499998, -21.951906287999975 ], [ -47.495308653999984, -22.001471882999965 ], [ -47.536092464999967, -22.038088989999949 ], [ -47.506301026999949, -22.065030620999948 ], [ -47.541291018999971, -22.08924985699997 ], [ -47.524889738999946, -22.139712777999932 ], [ -47.43742253299996, -22.157359172999975 ], [ -47.451195115999951, -22.20234992099995 ], [ -47.580865719999963, -22.210312130999966 ], [ -47.550187591999986, -22.152810199999976 ], [ -47.596732566999947, -22.141705436999928 ], [ -47.615780276999942, -22.187493449999977 ], [ -47.659259517999942, -22.147099943999933 ], [ -47.75869572299996, -22.201266547999978 ], [ -47.65639854899996, -22.226105281999935 ], [ -47.755108584999959, -22.261401198999977 ], [ -47.769451649999951, -22.30419851399995 ], [ -47.654902964999962, -22.261275502999979 ], [ -47.612968404999947, -22.297268764999956 ], [ -47.658214490999967, -22.313791757999979 ], [ -47.657673489999979, -22.436681843999963 ], [ -47.699482607999983, -22.45887268599995 ], [ -47.713362907999965, -22.572870855999952 ], [ -47.915392438999959, -22.603441313999951 ], [ -47.980583177999961, -22.583351685999958 ], [ -48.01230716799995, -22.653691815999935 ], [ -48.062679248999984, -22.639038149999976 ], [ -47.914085267999951, -22.693688756999961 ], [ -47.869186127999967, -22.652595023999936 ], [ -47.839635012999963, -22.672210531999951 ], [ -47.840752399999985, -22.756519515999969 ], [ -47.940700148999952, -22.770718038999973 ], [ -48.049076267999965, -22.734268946999975 ], [ -48.150584753999965, -22.766834348999964 ], [ -48.136348004999945, -22.699675467999953 ], [ -48.075780005999945, -22.695909339999957 ], [ -48.091110457999946, -22.673308413999962 ], [ -48.191026622999971, -22.648237288999951 ], [ -48.196308899999963, -22.694130266999935 ], [ -48.238936541999976, -22.630807195999978 ], [ -48.300488301999962, -22.631237304999956 ], [ -48.248278404999951, -22.68356973799996 ], [ -48.289160583999944, -22.748335484999927 ], [ -48.254223951999961, -22.750212671999975 ], [ -48.286982396999974, -22.823483948999979 ], [ -48.265138716999957, -22.870850603999941 ], [ -48.217685320999976, -22.812096312999927 ], [ -48.177871782999944, -22.866064304999952 ], [ -48.090122507999979, -22.792786106999927 ], [ -47.968510253999966, -22.840151670999944 ], [ -48.004770837999956, -22.950027066999951 ], [ -48.057934041999943, -22.961985681999977 ], [ -48.06429260699997, -22.910006257999953 ], [ -48.110646215999964, -22.91980117199995 ], [ -48.119939195999962, -23.021770137999965 ], [ -48.170552280999971, -23.020615986999928 ], [ -48.214585009999951, -23.094015193999951 ], [ -48.169299961999968, -23.131139894999933 ], [ -48.177136368999982, -23.197867748999954 ], [ -48.231119525999986, -23.219812318999971 ], [ -48.177170147999959, -23.285096426999928 ], [ -48.181297720999964, -23.328018098999962 ], [ -48.249475465999978, -23.342901827999981 ], [ -48.29751846299996, -23.417033167999932 ], [ -48.413236985999959, -23.455650640999977 ], [ -48.418730973999971, -23.48180615299998 ], [ -48.464508611999975, -23.381611886999963 ], [ -48.511658311999952, -23.40641366899996 ], [ -48.646257846999958, -23.337891149999962 ], [ -48.713073256999962, -23.349354761999962 ], [ -48.719361624999976, -23.324415352999949 ], [ -48.764499331999957, -23.36989882499995 ], [ -48.801190874999975, -23.338876230999972 ], [ -48.821675011999957, -23.369447717999947 ], [ -48.869020737999961, -23.350023184999941 ], [ -48.94840665299995, -23.395915840999976 ], [ -48.948581071999968, -23.42554549099998 ], [ -48.917003460999979, -23.419040675999952 ], [ -48.919255452999948, -23.449762548999956 ], [ -48.863295900999958, -23.473169217999953 ], [ -48.873461945999964, -23.526650901999972 ], [ -48.827643914999953, -23.550749057999951 ], [ -48.857122992999962, -23.506498316999966 ], [ -48.812199139999962, -23.466006530999948 ], [ -48.822032021999973, -23.439166270999976 ], [ -48.603705867999963, -23.397217272999967 ], [ -48.583623323999973, -23.446568610999975 ], [ -48.55058821199998, -23.42627553799997 ], [ -48.539051806999964, -23.461727092999979 ], [ -48.483760604999986, -23.461632268999949 ], [ -48.488283670999976, -23.533099839999977 ], [ -48.42243855199996, -23.555777521999971 ], [ -48.246127370999943, -23.534072037999977 ], [ -48.129110485999945, -23.457196588999977 ], [ -47.968325787999959, -23.490199176999965 ], [ -47.967985373999966, -23.592728928999975 ], [ -48.037178210999969, -23.647749575999967 ], [ -47.886077088999969, -23.60402669399997 ], [ -47.841024162999986, -23.634696058999964 ], [ -47.826318833999949, -23.710931097999946 ], [ -47.965083341999957, -23.714627709999945 ], [ -47.975294814999984, -23.745710490999954 ], [ -48.005046304999951, -23.705370504999962 ], [ -48.098552722999955, -23.745342135999977 ], [ -48.141356104999943, -23.720089903999963 ], [ -48.087958581999942, -23.699710770999957 ], [ -48.108989478999945, -23.669492 ], [ -48.252093402999947, -23.593945530999974 ], [ -48.292646470999955, -23.642510380999965 ], [ -48.330399137999962, -23.653386325999975 ], [ -48.353065913999956, -23.626784034999957 ], [ -48.412818725999955, -23.676743357999953 ], [ -48.442941140999949, -23.673271771999964 ], [ -48.449895463999951, -23.599418756999967 ], [ -48.52915545999997, -23.649649698999951 ], [ -48.590311180999947, -23.613199155999951 ], [ -48.573228456999971, -23.648611465999977 ], [ -48.623456985999951, -23.589218402999961 ], [ -48.715931251999962, -23.632996942999966 ], [ -48.721470218999968, -23.662060514999951 ], [ -48.888987641999961, -23.685219459999928 ], [ -48.876383892999968, -23.735339765999981 ], [ -48.914115203999984, -23.729875135999976 ], [ -48.91277992299996, -23.753858627999932 ], [ -48.836662908999983, -23.789803202999963 ], [ -48.692886432999956, -23.791614639999977 ], [ -48.556691456999943, -23.860364538999931 ], [ -48.467676814999948, -23.936506323999936 ], [ -48.464897680999968, -24.003143052999974 ], [ -48.545996896999952, -24.039145234999978 ], [ -48.576800953999964, -24.022937146999936 ], [ -48.637255190999952, -24.09754166099998 ], [ -48.678927261999945, -24.004245052999977 ], [ -48.735547296999982, -23.986159760999954 ], [ -48.76932736699996, -24.129141875999949 ], [ -48.818779663999976, -24.168898781999928 ], [ -48.827080457999955, -24.122541590999958 ], [ -48.777939793999963, -24.090799710999931 ], [ -48.788015286999951, -24.035315804999982 ], [ -48.843589411999972, -23.959223432999977 ], [ -48.971348059999968, -23.882556745999977 ], [ -48.985152299999982, -23.917200528999956 ], [ -48.897866122999972, -24.033546176999948 ], [ -48.906412895999949, -24.134997916999964 ], [ -48.93811679199996, -24.14034146299997 ], [ -48.964324264999959, -24.071305621999954 ], [ -48.961329529999944, -24.114794035999978 ], [ -49.047967322999966, -24.227076142999977 ], [ -49.012192867999943, -24.143932332999952 ], [ -49.210449935999975, -24.302261329999965 ], [ -49.270103939999956, -24.295452556999976 ], [ -49.291272554999978, -24.230980054999975 ], [ -49.350845161999985, -24.217663551999976 ], [ -49.338324968999984, -24.281725654999946 ], [ -49.37428919499996, -24.269300425999973 ], [ -49.394859210999982, -24.30791157799996 ], [ -49.422351555999967, -24.290489681999929 ], [ -49.489110087999961, -24.318610392999972 ], [ -49.501375088999964, -24.274209031999931 ], [ -49.592428311999981, -24.370514742999944 ], [ -49.70633847299996, -24.318731268999954 ], [ -49.717941909999979, -24.370268020999958 ], [ -49.782745366999961, -24.417164513999978 ], [ -49.859660547999965, -24.404732151999951 ], [ -49.926525949999984, -24.470410762999961 ], [ -50.059245929999975, -24.501166282999975 ], [ -50.090537733999952, -24.560125643999982 ], [ -50.163192877999961, -24.575203221999971 ], [ -50.166056458999947, -24.681606121999948 ], [ -50.322069882999983, -24.506726003999972 ], [ -50.396046790999947, -24.475656465999975 ], [ -50.411473088999969, -24.500281460999929 ], [ -50.453298323999945, -24.448933303999979 ], [ -50.389455147999968, -24.402008372999944 ], [ -50.343010083999957, -24.428359559999933 ], [ -50.276789938999968, -24.381436612999948 ], [ -50.273608990999946, -24.30342133299996 ], [ -50.176097414999958, -24.292756378999968 ], [ -50.139552002999949, -24.322188558999983 ], [ -50.074258008999948, -24.229795666999962 ], [ -50.08429597099996, -24.195876990999977 ], [ -50.051864414999955, -24.215306915999975 ], [ -50.015997457999958, -24.175926686999958 ], [ -49.96389746899996, -24.184316102999958 ], [ -49.939072161999945, -24.091342506999979 ], [ -49.887164720999976, -24.139961199999959 ], [ -49.859478397999965, -24.107318971999973 ], [ -49.817182579999951, -24.11239124399998 ], [ -49.779898947999982, -24.050559232999944 ], [ -49.784606728999961, -23.976022657999977 ], [ -49.725668347999942, -23.972305762999952 ], [ -49.751268292999953, -24.051894770999979 ], [ -49.64110035899995, -24.012666815999978 ], [ -49.723608599999977, -24.114031626999974 ], [ -49.693271409999966, -24.149782976999973 ], [ -49.617403015999969, -24.131191883999975 ], [ -49.610542649999957, -24.085644622999951 ], [ -49.593215468999972, -24.112502347999964 ], [ -49.492087338999966, -24.105995018999977 ], [ -49.451677651999944, -24.00998948299997 ], [ -49.313507452999943, -24.008020787999953 ], [ -49.281243725999957, -24.096614945999931 ], [ -49.189473176999968, -24.025575342999957 ], [ -49.145201630999964, -24.072069205999981 ], [ -49.078055121999967, -24.041030666999973 ], [ -49.083606817999964, -24.078630541999928 ], [ -49.050195613999961, -24.076579935999973 ], [ -49.065661115999944, -24.047992610999927 ], [ -49.011489635999965, -24.008735765999973 ], [ -49.051277510999967, -23.98268017099997 ], [ -49.025147595999954, -23.973473170999966 ], [ -49.044967781999958, -23.957312592999983 ], [ -49.021138042999951, -23.877363317999936 ], [ -49.079606208999962, -23.875411419999978 ], [ -49.136256412999956, -23.79788360699996 ], [ -49.230499186999964, -23.799583488999929 ], [ -49.235312474999944, -23.743138491999957 ], [ -49.322390225999982, -23.724487192999959 ], [ -49.285417973999984, -23.607699909999951 ], [ -49.25381360199998, -23.613454081999976 ], [ -49.272813483999983, -23.549513158999957 ], [ -49.237366799999961, -23.536304769999958 ], [ -49.189053056999967, -23.589896637999971 ], [ -49.144251941999983, -23.565467917999968 ], [ -49.192769649999946, -23.440008435999971 ], [ -49.164987189999977, -23.349602405999974 ], [ -49.088843133999944, -23.398104534999959 ], [ -49.004622093999956, -23.35556029299994 ], [ -48.998450394999963, -23.322563465999963 ], [ -49.035996900999976, -23.322098791999963 ], [ -49.028838402999952, -23.28542615799995 ], [ -49.138153840999962, -23.29910667799993 ], [ -49.197598107999966, -23.272441325999978 ], [ -49.219123476999982, -23.371474923999983 ], [ -49.284852152999974, -23.361814846999948 ], [ -49.316685079999957, -23.334638388999963 ], [ -49.26881102599998, -23.298994680999954 ], [ -49.270913644999951, -23.239811534999944 ], [ -49.237649102999967, -23.203219137999952 ], [ -49.180144308999957, -23.201396967999983 ], [ -49.16739877599997, -23.228420011999958 ], [ -49.146715175999987, -23.196357737999961 ], [ -49.123919329999978, -23.230880347999971 ], [ -49.052428956999961, -23.203748921999932 ], [ -48.940336674999969, -23.268538830999944 ], [ -48.894467784999961, -23.245734703999972 ], [ -48.841241501999946, -23.268088990999956 ], [ -48.830847810999956, -23.236577088999979 ], [ -48.766197640999962, -23.217172051999967 ], [ -48.764572888999965, -23.175256876999981 ], [ -48.699476417999961, -23.19058791599997 ], [ -48.680492997999977, -23.164505873999929 ], [ -48.623864025999978, -23.195477881999977 ], [ -48.485400111999979, -23.10023870699996 ], [ -48.224110597999982, -23.185311955999964 ], [ -48.255878926999969, -23.134121680999954 ], [ -48.243151265999984, -23.068000655999981 ], [ -48.295289842999978, -23.013196626999957 ], [ -48.21168161099996, -23.013539359999982 ], [ -48.186454720999961, -22.966125667999961 ], [ -48.339093557999945, -22.953899458999956 ], [ -48.360358285999951, -22.900021344999971 ], [ -48.402885625999943, -22.898656790999951 ], [ -48.407880764999959, -22.926280410999937 ], [ -48.371300218999977, -22.935825939999972 ], [ -48.387176422999971, -22.972747571999946 ], [ -48.347592139999961, -22.991107990999978 ], [ -48.385600450999959, -23.053941877999932 ], [ -48.432422645999964, -23.00214355199995 ], [ -48.456821318999971, -23.040780005999977 ], [ -48.503729203999967, -23.02782680599995 ], [ -48.513311200999965, -23.094974779999973 ], [ -48.582069032999982, -23.138248972999975 ], [ -48.668214077999949, -23.122288601999969 ], [ -48.711183879999965, -23.16395810299997 ], [ -48.83507997199996, -23.118649201999972 ], [ -48.859180898999966, -23.149131411999974 ], [ -49.01476089199997, -23.076468988999977 ], [ -49.113461156999961, -23.099231251999981 ], [ -49.151048723999963, -23.043795839999973 ], [ -49.217982222999979, -23.050058517999958 ], [ -49.224778380999965, -23.079700006999929 ], [ -49.280010840999978, -23.053423955999961 ], [ -49.301176637999959, -22.99925868899993 ], [ -49.23896141299997, -22.980941739999935 ], [ -49.296151180999971, -22.947901906999959 ], [ -49.255641093999941, -22.909070770999961 ], [ -49.209208177999983, -22.921364872999959 ], [ -49.214283807999948, -22.860033182999928 ], [ -49.35356195199995, -22.869935919999932 ], [ -49.376733390999959, -22.84467129799998 ], [ -49.452361993999943, -22.893955338999945 ], [ -49.439485011999977, -22.858345544999963 ], [ -49.465774975999977, -22.875142174999951 ], [ -49.530515394999952, -22.833589949999975 ], [ -49.518474917999981, -22.795827912999982 ], [ -49.452828168999986, -22.831525238999973 ], [ -49.460639611999966, -22.771303358999944 ], [ -49.51520779699996, -22.76898767299997 ], [ -49.503578018999974, -22.732955113999935 ], [ -49.568403669999952, -22.65404426899994 ], [ -49.69667144899995, -22.745189883999956 ], [ -49.730217653999944, -22.707829802999981 ], [ -49.76873022999996, -22.754104568999935 ], [ -49.868992939999941, -22.775370405999979 ], [ -49.920636259999981, -22.734332108999979 ], [ -50.065087175999963, -22.790331679999952 ], [ -50.091445673999942, -22.692409114999975 ], [ -50.191008853999961, -22.721186751999937 ], [ -50.222748942999942, -22.700203583999951 ], [ -50.240570541999944, -22.737297945999956 ], [ -50.266825157999961, -22.681093496999949 ], [ -50.318883399999947, -22.749786934999975 ], [ -50.335255305999965, -22.693682437999939 ], [ -50.425907550999966, -22.632523771999956 ], [ -50.46905990099998, -22.671336493999945 ], [ -50.469685768999966, -22.723906444999955 ], [ -50.48649431299998, -22.706299039999976 ], [ -50.497203891999959, -22.748256026999968 ], [ -50.550843257999986, -22.750260547999972 ], [ -50.583775977999949, -22.735437675999947 ], [ -50.608479722999959, -22.62461688999997 ], [ -50.668017591999956, -22.593761427999937 ], [ -50.632602789999964, -22.550762789999965 ], [ -50.815221864999955, -22.61037007699997 ], [ -50.919587840999952, -22.486450541999943 ], [ -50.925539445999959, -22.528120874999956 ], [ -50.972026494999966, -22.542631136999944 ], [ -50.942211687999986, -22.57158334899998 ], [ -50.983973110999955, -22.584464884999932 ], [ -50.969061782999972, -22.625592087999962 ], [ -50.998528181999973, -22.624148882999975 ], [ -50.977520527999957, -22.642753681999977 ], [ -50.999722191999979, -22.65599812399995 ], [ -51.005908720999969, -22.57985816799993 ], [ -51.064750635999985, -22.621526507999931 ], [ -51.112233960999959, -22.58728267999993 ], [ -51.120471272999964, -22.530316267999979 ], [ -51.164954848999969, -22.585004406999929 ], [ -51.220550757999945, -22.589092594999954 ], [ -51.318464181999957, -22.469366674999947 ], [ -51.519861825999953, -22.53573111999998 ], [ -51.595728961999953, -22.471654550999972 ], [ -51.579705446999981, -22.388326781999979 ], [ -51.664480606999973, -22.383939152999972 ], [ -51.679668867999965, -22.340116162999948 ], [ -51.770821970999975, -22.469616155999972 ], [ -51.802667870999983, -22.386907146999931 ], [ -51.744462404999979, -22.390055090999965 ], [ -51.741221405999966, -22.365635157999975 ], [ -51.823778171999948, -22.299023687999977 ], [ -51.811079794999955, -22.246665396999958 ], [ -51.765118418999975, -22.214126459999932 ], [ -51.73550488799998, -22.241828385999952 ], [ -51.68384113999997, -22.213831945999971 ], [ -51.637515347999965, -22.254927621999968 ], [ -51.667055374999961, -22.265390447999948 ], [ -51.61297505899995, -22.344942541999956 ], [ -51.511109662999957, -22.391086894999944 ], [ -51.51884580899997, -22.42836144599994 ], [ -51.492102082999963, -22.392268023999975 ], [ -51.405066998999985, -22.378299216999949 ], [ -51.39667759699995, -22.435199924999949 ], [ -51.344833437999966, -22.439060739999945 ], [ -51.327733183999953, -22.404875740999955 ], [ -51.273635249999984, -22.418886531999931 ], [ -51.234233644999961, -22.382793836999952 ], [ -51.240010586999972, -22.32120933899995 ], [ -51.290188829999977, -22.311602228999959 ], [ -51.287368094999977, -22.266502111999955 ], [ -51.239069086999962, -22.25336589799997 ], [ -51.286962203999963, -22.223417280999968 ], [ -51.289290281999968, -22.179594566999981 ], [ -51.260222960999954, -22.192861667999978 ], [ -51.214026926999964, -22.146901757999956 ], [ -51.190268874999958, -22.183044399999972 ], [ -51.148553984999978, -22.138330621999955 ], [ -51.124274681999964, -22.167034489999935 ], [ -51.087824460999968, -22.156802789999972 ], [ -51.01511286799996, -22.037349131999974 ], [ -50.957802699999945, -22.101101159999928 ], [ -50.99177984399995, -22.162545929999965 ], [ -50.949018472999967, -22.156620090999979 ], [ -50.935256282999944, -22.22601526099993 ], [ -50.97424381899998, -22.266266302999952 ], [ -50.93993095899998, -22.27240803199993 ], [ -50.945344883999951, -22.301494022999975 ], [ -50.870260297999948, -22.326353988999983 ], [ -50.888689782999961, -22.278093216999935 ], [ -50.849015417999965, -22.265650422999954 ], [ -50.793475412999953, -22.320197785999937 ], [ -50.733914738999943, -22.297127624999973 ], [ -50.690885324999954, -22.39586441199998 ], [ -50.611883345999956, -22.407881980999946 ], [ -50.518252526999959, -22.295275154999956 ], [ -50.252099012999963, -22.36807390499996 ], [ -50.190411126999948, -22.459638523999956 ], [ -50.081928209999944, -22.460772067999983 ], [ -50.068264853999949, -22.414788813999962 ], [ -49.983038927999985, -22.44577379499998 ], [ -49.918683533999967, -22.41893479099997 ], [ -49.88122617099998, -22.457808775999979 ], [ -49.882024506999983, -22.529189911999936 ], [ -49.804697190999946, -22.460281212999973 ], [ -49.763542021999967, -22.524993096999935 ], [ -49.750790146999975, -22.500903764999975 ], [ -49.693910251999966, -22.506770070999949 ], [ -49.693656834999956, -22.435928583999953 ], [ -49.646697662999941, -22.467589733999944 ], [ -49.634306991999949, -22.585088525999936 ], [ -49.577540013999965, -22.48169543399996 ], [ -49.531874870999957, -22.476573162999955 ], [ -49.522980287999985, -22.420406627999967 ], [ -49.561476806999963, -22.346502060999967 ], [ -49.515680396999983, -22.313888486999929 ], [ -49.484222131999957, -22.366076636999935 ], [ -49.510110518999966, -22.413474869999959 ], [ -49.446630698999968, -22.416116092999971 ], [ -49.451313214999971, -22.442899355999941 ], [ -49.34006640399997, -22.436604527999975 ], [ -49.290369097999985, -22.390480213999979 ], [ -49.216125230999978, -22.441972094999983 ], [ -49.225122538999983, -22.475639464999972 ], [ -49.136426033999953, -22.490029614999969 ], [ -49.15859747899998, -22.508904049999956 ], [ -49.127154101999963, -22.513827570999979 ], [ -49.11319810599997, -22.560194548999959 ], [ -49.043165855999973, -22.517719530999955 ], [ -49.011403606999977, -22.573758709999936 ], [ -49.045554830999947, -22.622311721999949 ], [ -49.104667986999971, -22.611844231999953 ], [ -49.127257394999958, -22.648821708999947 ], [ -49.072554263999962, -22.689585702999977 ], [ -49.019463446999964, -22.617879121999977 ], [ -48.919037728999967, -22.609612354999967 ], [ -48.990107623999961, -22.570738141999982 ], [ -49.008232515999964, -22.457743694999976 ], [ -49.070436505999965, -22.479435836999983 ], [ -49.133782918999941, -22.422184192999964 ], [ -49.112730450999948, -22.40098063399995 ], [ -49.046174873999973, -22.420388670999955 ], [ -49.137925640999981, -22.317322416999957 ], [ -49.007357369999966, -22.232186853999963 ], [ -49.058417704999954, -22.216805912999973 ], [ -49.051518929999986, -22.179566374999979 ], [ -49.117231298999968, -22.179700822999962 ], [ -49.120649176999962, -22.134145006999972 ], [ -49.149090426999976, -22.153197639999973 ], [ -49.115483427999948, -22.24689475699995 ], [ -49.170103203999986, -22.228230027999928 ], [ -49.179369082999983, -22.176689326999963 ], [ -49.211894915999949, -22.213587914999948 ], [ -49.166547708999985, -22.246213375999957 ], [ -49.171786782999959, -22.289548666999963 ], [ -49.215378496999961, -22.232979024999963 ], [ -49.324876601999961, -22.181487536999953 ], [ -49.301690489999942, -22.143720515999973 ], [ -49.266405376999955, -22.147258890999979 ], [ -49.230863213999953, -21.997059333999971 ], [ -49.199712233999946, -22.042423458999963 ], [ -49.146947788999967, -21.976682574999927 ], [ -49.085473983999975, -22.020910527999945 ], [ -49.110211388999971, -22.062119717999963 ], [ -49.184609829999943, -22.073845077999977 ], [ -49.175372882999966, -22.132842737999965 ], [ -49.132478269999979, -22.073964116999946 ], [ -49.039887499999963, -22.078001227999948 ], [ -49.007178849999946, -22.019759486999931 ], [ -49.028627521999965, -21.969489072999977 ], [ -48.987024400999985, -21.906601360999957 ], [ -48.952509649999968, -21.923594627999933 ], [ -48.96302504199997, -21.956584559999953 ], [ -48.896483331999946, -21.967838041999983 ], [ -48.929958616999954, -22.019598145999964 ], [ -48.919234875999962, -22.062957286999961 ], [ -48.885780874999966, -22.061597443999972 ], [ -48.898396964999961, -22.136749551999969 ], [ -48.864567800999964, -22.164633139999978 ], [ -48.901963703999968, -22.206597902999931 ], [ -48.860100264999971, -22.19381148399998 ], [ -48.847323846999984, -22.274695597999937 ], [ -48.805015829999945, -22.322336588999974 ], [ -48.857419658999959, -22.358774742999969 ], [ -48.888780552999947, -22.343286671999977 ], [ -48.883696558999986, -22.379438281999967 ], [ -48.764051523999967, -22.457634457999973 ], [ -48.785923856999943, -22.494218258999979 ], [ -48.753695855999979, -22.473565275999931 ], [ -48.787928931999943, -22.54353327299998 ], [ -48.708801043999983, -22.496773594999979 ], [ -48.674940298999957, -22.53832357899995 ], [ -48.72790364399998, -22.589233160999981 ], [ -48.792750344999945, -22.575030922999929 ], [ -48.781500817999984, -22.610233905999962 ], [ -48.729916413999945, -22.632582891999959 ], [ -48.736192346999985, -22.665268559999959 ], [ -48.70406617499998, -22.603583483999955 ], [ -48.702317540999957, -22.649162863999948 ], [ -48.643695402999981, -22.651611293999963 ], [ -48.617074422999963, -22.691878696999936 ], [ -48.540790258999948, -22.67115064199993 ], [ -48.536078878999945, -22.849554401999967 ], [ -48.498672988999942, -22.856018855999935 ], [ -48.477774536999959, -22.821960956999931 ], [ -48.439315957999952, -22.850746372999936 ], [ -48.391278099999965, -22.803590591999978 ], [ -48.484459670999968, -22.756802039999968 ], [ -48.506121895999968, -22.692988453999931 ], [ -48.447338012999978, -22.647909907999974 ], [ -48.395405644999983, -22.536798877999956 ], [ -48.412716840999963, -22.490532815999927 ], [ -48.332778959999985, -22.506358687999978 ], [ -48.286286581999946, -22.445784222999976 ], [ -48.244685807999986, -22.477602862999959 ], [ -48.228614797999967, -22.453792886999963 ], [ -48.210172001999979, -22.481598401999975 ], [ -48.275366983999959, -22.512127773999964 ], [ -48.250919669999973, -22.556613709999965 ], [ -48.156000352999968, -22.502107850999948 ], [ -48.153819002999967, -22.543873315999974 ], [ -48.106811809999954, -22.534578513999975 ], [ -48.029958263999958, -22.591774440999927 ], [ -48.003095554999959, -22.536097484999971 ], [ -47.911492977999956, -22.524319863999949 ], [ -47.87270227099998, -22.553904596999928 ], [ -47.788327144999982, -22.481931222999947 ], [ -47.735573615999954, -22.479190550999931 ], [ -47.707796860999963, -22.35403852099995 ], [ -47.80623578999996, -22.323214434999954 ], [ -47.855264964999947, -22.369811615999936 ], [ -47.939550570999984, -22.287177153999949 ], [ -47.97368473399996, -22.372784126999932 ], [ -48.019679217999965, -22.39208849299996 ], [ -48.083619670999951, -22.356163405999951 ], [ -48.146970610999972, -22.414619319999929 ], [ -48.155671426999959, -22.340371545999972 ], [ -48.263891459999968, -22.253010551999978 ], [ -48.321863287999975, -22.262818788999937 ], [ -48.356190371999958, -22.16896239099998 ], [ -48.221172129999957, -22.10447669399997 ], [ -48.16106528399996, -22.145170803999974 ], [ -48.190551519999985, -22.099078073999976 ], [ -48.18545938799997, -22.011912747999929 ], [ -48.225800195999966, -22.016549252999937 ], [ -48.192106267999975, -21.991156521999983 ], [ -48.204794700999969, -21.934318784999959 ], [ -48.253562249999959, -21.982211334999931 ], [ -48.24717723699996, -21.924581771999954 ], [ -48.308652896999945, -21.916571208999983 ], [ -48.308645370999955, -22.009687640999971 ], [ -48.224190461999967, -22.046313162999979 ], [ -48.252556, -22.071415362999971 ], [ -48.332272411999952, -22.03573526699995 ], [ -48.389886341999954, -22.118790947999969 ], [ -48.50454694299998, -22.030412792999982 ], [ -48.497497530999965, -22.065520836999951 ], [ -48.594413850999956, -22.169114261999937 ], [ -48.648299450999957, -22.051773299999979 ], [ -48.728989460999969, -22.042015748999972 ], [ -48.707647034999979, -21.986178661999929 ], [ -48.807465142999945, -21.887374935999958 ], [ -48.797532842999942, -21.83534997299995 ], [ -48.761777045999963, -21.819743693999953 ], [ -48.587715566999975, -21.867715707999935 ], [ -48.58330760399997, -21.812940463999951 ], [ -48.538466245999984, -21.776868242999967 ], [ -48.531189320999943, -21.870282845999952 ], [ -48.398051165999959, -21.94109964699993 ], [ -48.399327310999979, -21.854771557999982 ], [ -48.227909342999965, -21.815870912999969 ], [ -48.179057947999979, -21.886970412999972 ], [ -48.247857885999963, -21.885068161999982 ], [ -48.119987575999971, -21.947497108999983 ], [ -48.090846905999967, -22.036590556999954 ], [ -48.009801689999961, -22.049996477999969 ], [ -48.073173142999963, -22.06655070599993 ], [ -48.14492271499995, -22.02805620099997 ], [ -48.100128758999972, -22.107448249999948 ], [ -48.026069542999949, -22.084430554999983 ], [ -47.983707577999951, -22.144855090999954 ], [ -47.953918458999965, -22.129332870999974 ], [ -47.899149825999984, -22.16565325199997 ], [ -47.909842703999971, -22.127760613999953 ], [ -47.884283005999976, -22.112134035999929 ], [ -47.953823836999959, -22.067352176999975 ], [ -47.938593521999962, -22.023897475999945 ], [ -48.056176432999962, -21.997156406999977 ], [ -48.047593669999969, -21.967225540999948 ], [ -48.098674355999947, -21.949491599999931 ], [ -48.114677682999968, -21.887592061999953 ], [ -48.037281992999965, -21.885337339999978 ], [ -47.994553250999957, -21.926324102999956 ], [ -48.018084195999961, -21.877142402999937 ], [ -48.115732962999971, -21.874606737999954 ], [ -48.213983105999944, -21.787491418999934 ], [ -48.351227765999965, -21.820147256999974 ], [ -48.448817376999955, -21.787494876999972 ], [ -48.472292683999967, -21.810360825999965 ], [ -48.455803868999965, -21.754598900999952 ], [ -48.496207850999951, -21.771309264999957 ], [ -48.517060124999944, -21.727896742999974 ], [ -48.403535338999973, -21.689274609999927 ], [ -48.280870516999983, -21.693960162999929 ], [ -48.145828866999977, -21.572780583999929 ], [ -48.099443959999974, -21.607983157999968 ], [ -48.146192800999984, -21.634658582999975 ], [ -48.140574240999968, -21.68950145499997 ], [ -48.074305833999972, -21.716244495999945 ], [ -48.139013764999959, -21.803462586999956 ], [ -48.094876696999961, -21.775351840999974 ], [ -48.103288021999958, -21.811328399999979 ], [ -48.063762799999949, -21.847850397999935 ], [ -48.006608375999974, -21.85458467899997 ], [ -48.037391973999945, -21.786775682999973 ], [ -47.995674493999957, -21.719969040999956 ], [ -47.996783969999967, -21.65002661099993 ], [ -48.029665111999975, -21.676955014999976 ], [ -48.012803957999949, -21.581750375999945 ], [ -48.025153642999953, -21.556687251999961 ], [ -48.059300028999985, -21.570430777999945 ], [ -48.03588988599995, -21.546349476999978 ], [ -48.090427936999959, -21.514490612999964 ], [ -48.150157301999968, -21.372833080999953 ], [ -48.140783712999962, -21.308275085999981 ], [ -48.055855873999974, -21.38142025999997 ], [ -48.027978585999961, -21.467066866999971 ], [ -47.903796610999962, -21.478648084999975 ], [ -47.798533228999986, -21.545561392999957 ], [ -47.739261929999941, -21.544193996999979 ], [ -47.725777287999961, -21.602866282999969 ], [ -47.672702548999951, -21.559852532999969 ], [ -47.832976534999943, -21.454870187999973 ], [ -47.652155297999968, -21.526694928999973 ], [ -47.645118353999976, -21.464869070999953 ], [ -47.710541683999963, -21.359668799999952 ], [ -47.672566776999986, -21.343262165999931 ], [ -47.648923365999963, -21.272108056999969 ], [ -47.578580528999964, -21.330548113999953 ], [ -47.544999451999956, -21.234607314999948 ], [ -47.648689378999961, -21.147158920999971 ], [ -47.670965875999968, -21.211339714999951 ], [ -47.750724307999974, -21.194288317999963 ], [ -47.774778941999955, -21.235713935999968 ], [ -47.782719632999942, -21.152531804999967 ], [ -47.821458091999943, -21.113916035999978 ], [ -47.763782900999956, -21.084868789999973 ], [ -47.764359790999947, -21.110904997999967 ], [ -47.688503757999968, -21.138378383999964 ], [ -47.653110731999959, -21.105508290999978 ], [ -47.660955292999972, -21.072245625999983 ], [ -47.599296387999971, -21.088234234999959 ], [ -47.604993081999964, -21.057250846999978 ], [ -47.568780369999956, -21.059407527999952 ], [ -47.547945992999985, -21.008374407999952 ], [ -47.451685223999959, -21.05847188499996 ], [ -47.430384967999942, -21.026768747999938 ], [ -47.474169465999978, -20.984581695999964 ], [ -47.544703211999945, -20.983330013999932 ], [ -47.558070384999951, -20.950124645999949 ], [ -47.744422924999981, -20.998411236999971 ], [ -47.718352606999986, -20.978228380999951 ], [ -47.736425036999947, -20.950182784999981 ], [ -47.649689031999969, -20.927946807999945 ], [ -47.738053269999966, -20.936831310999935 ], [ -47.758166348999964, -20.910885048999944 ], [ -47.663212570999974, -20.907129216999977 ], [ -47.652921239999955, -20.872753528999965 ], [ -47.766075066999974, -20.894057757999974 ], [ -47.683647202999964, -20.857175994999977 ], [ -47.739589117999969, -20.840612678999946 ], [ -47.789100073999975, -20.884256447999974 ], [ -47.779975941999965, -20.926555641999983 ], [ -47.816322670999966, -20.917970669999931 ], [ -47.838094776999981, -20.868509348999964 ], [ -47.735681934999945, -20.81498501699997 ], [ -47.768170329999975, -20.796601916999975 ], [ -47.840989483999977, -20.843528840999966 ], [ -47.789987325999959, -20.793606158999978 ], [ -47.815616382999963, -20.790329268999983 ], [ -47.804771959999982, -20.768100953999976 ], [ -47.86787826799997, -20.80311863999998 ], [ -47.851713890999974, -20.768395028999976 ], [ -47.905594077999979, -20.772366322999972 ], [ -47.915464429999986, -20.734205913999972 ], [ -47.785867508999956, -20.761406049999948 ], [ -47.78159435699996, -20.74807102799997 ], [ -47.813636172999963, -20.715045476999933 ], [ -47.836545874999956, -20.742469396999979 ], [ -47.984600368999963, -20.680494626999973 ], [ -47.972254484999951, -20.65974648599996 ], [ -47.889976924999985, -20.679096175999973 ], [ -47.950842270999942, -20.649885603999962 ], [ -47.987924924999959, -20.584621182999967 ], [ -47.924701071999948, -20.56621963799995 ], [ -47.923363108999979, -20.613692858999968 ], [ -47.866022612999984, -20.62346159599997 ], [ -47.872467423999979, -20.663089553999953 ], [ -47.82418604999998, -20.65653105399997 ], [ -47.835801646999982, -20.700228108999966 ], [ -47.777593961999969, -20.665682643999958 ], [ -47.777931229999979, -20.718532262999929 ], [ -47.717549112999961, -20.676945419999981 ], [ -47.732891163999966, -20.741257102999953 ], [ -47.691460402999951, -20.69158284699995 ], [ -47.64231958299996, -20.696337463999953 ], [ -47.686345466999967, -20.720911720999936 ], [ -47.687193910999952, -20.768146485999978 ], [ -47.644173895999984, -20.733559451999952 ], [ -47.648571080999943, -20.815412988999981 ], [ -47.608302006999963, -20.770696319999956 ], [ -47.569116923999957, -20.824308839999958 ], [ -47.534468678999986, -20.81914186299997 ], [ -47.606714225999951, -20.845201980999946 ], [ -47.552892743999962, -20.855438615999958 ], [ -47.564601909999965, -20.921125076999942 ], [ -47.500107740999965, -20.945318962999977 ], [ -47.486097090999976, -20.825623956999948 ], [ -47.463605869999981, -20.858394461999978 ], [ -47.433733877999941, -20.842144419999954 ], [ -47.464034283999979, -20.914124499999957 ], [ -47.390819010999962, -20.969419315999971 ], [ -47.384725991999971, -21.024905657999966 ], [ -47.265164719999973, -21.045261366999966 ], [ -47.230274899999984, -21.116417282999976 ], [ -47.205294307999964, -21.088219381999977 ], [ -47.230409184999985, -21.034371714999963 ], [ -47.268748658999982, -20.998612077999951 ], [ -47.348847396999986, -21.003922699999976 ], [ -47.334503612999981, -20.974279424999963 ], [ -47.382029538999973, -20.949422314999936 ], [ -47.338959987999942, -20.922733017999974 ], [ -47.385134277999953, -20.915650934999974 ], [ -47.363828440999953, -20.839823440999965 ], [ -47.31519726199997, -20.849953031999974 ], [ -47.202108541999962, -20.798198320999973 ], [ -47.417444157999967, -20.784111512999971 ], [ -47.355969940999955, -20.728184951999935 ], [ -47.401174032999961, -20.709355026999958 ], [ -47.341235610999945, -20.597929553999961 ], [ -47.390659354999968, -20.604574955999965 ], [ -47.416165640999964, -20.644412290999981 ], [ -47.398282147999964, -20.686852162999969 ], [ -47.44191667399997, -20.690209124999967 ], [ -47.473880476999966, -20.65495139199993 ], [ -47.385485737999943, -20.587412323999956 ], [ -47.422003126999982, -20.585821127999964 ], [ -47.419580676999942, -20.556721351999954 ], [ -47.499648957999966, -20.639093953999975 ], [ -47.464554864999968, -20.553909184999952 ], [ -47.564389419999941, -20.602765198999975 ], [ -47.590186305999964, -20.549709390999965 ], [ -47.475362890999975, -20.543742279999947 ], [ -47.456151053999974, -20.514272710999933 ], [ -47.49101802399997, -20.490807264999944 ], [ -47.457740780999984, -20.47874232099997 ], [ -47.593332389999944, -20.487957162999976 ], [ -47.608659562999947, -20.520712012999979 ], [ -47.629685052999946, -20.484606635999967 ], [ -47.724173514999961, -20.589113027999929 ], [ -47.746184736999965, -20.581279046999953 ], [ -47.726313635999986, -20.555670794999969 ], [ -47.793649719999962, -20.522530136999933 ], [ -47.682016429999976, -20.510775913999964 ], [ -47.724122290999958, -20.493248398999981 ], [ -47.676741663999962, -20.466375924999966 ], [ -47.720359028999951, -20.464837559999978 ], [ -47.738131844999941, -20.431680252999968 ], [ -47.678297034999957, -20.452387902999931 ], [ -47.628454034999947, -20.416824408999958 ], [ -47.603597282999942, -20.459170307999955 ], [ -47.438144124999951, -20.452585898999928 ], [ -47.504423444999986, -20.425159319999977 ], [ -47.58646405099995, -20.441948594999928 ], [ -47.611594973999956, -20.411862986999949 ], [ -47.461295567999969, -20.404482778999977 ], [ -47.483733307999955, -20.383940336999956 ], [ -47.452890363999984, -20.357946113999958 ], [ -47.607016921999957, -20.384923751999963 ], [ -47.545774507999965, -20.352628967999976 ], [ -47.55500964099997, -20.33684313699996 ], [ -47.642573506999952, -20.381333303999952 ], [ -47.646593147999965, -20.31652521999996 ], [ -47.736716197999954, -20.329164867999964 ], [ -47.74966164999995, -20.258277767999971 ], [ -47.677628118999962, -20.279619864999972 ], [ -47.745622767999976, -20.23382025799998 ], [ -47.714810781999972, -20.220095457999946 ], [ -47.773074927999971, -20.199369003999948 ], [ -47.872372721999966, -20.20017981999996 ], [ -47.925537615999986, -20.248712503999968 ], [ -47.902941520999946, -20.304044980999947 ], [ -47.925100411999949, -20.31454795999997 ], [ -47.959395247999964, -20.288048572999969 ], [ -48.025548697999966, -20.314904698999953 ], [ -48.041825767999967, -20.248146740999971 ], [ -48.128867594999974, -20.22693174099993 ], [ -47.957217826999965, -20.188561191999952 ], [ -47.953780584999947, -20.118289695999977 ], [ -47.915366236999944, -20.071681439999963 ], [ -47.856559901999958, -20.122519446999945 ], [ -47.84630187099998, -20.088499288999969 ], [ -47.814110833999962, -20.088447215999963 ], [ -47.753213955999968, -20.150122239999973 ], [ -47.706226827999956, -20.077382668999974 ], [ -47.713906486999974, -20.11187562799995 ], [ -47.688667401999965, -20.110249282999973 ], [ -47.719899810999948, -20.158179276999931 ], [ -47.667836450999971, -20.147750321999979 ], [ -47.679328012999974, -20.181646083999965 ], [ -47.457007144999977, -20.199643897999977 ], [ -47.470682367999984, -20.149933924999971 ], [ -47.400847691999957, -20.11127787199996 ], [ -47.459004035999953, -20.090761161999978 ], [ -47.468956347999949, -19.974300058999972 ], [ -47.537862751999967, -19.975156197999979 ], [ -47.512374026999964, -19.941913725999939 ], [ -47.535374372999968, -19.907152329999974 ], [ -47.489065085999982, -19.880911755999932 ], [ -47.457644289999962, -19.91634008699998 ], [ -47.418550062999941, -19.901296492999961 ], [ -47.352690278999944, -19.931906584999979 ], [ -47.329944625999985, -19.848011553999982 ], [ -47.501705323999943, -19.78466333199998 ], [ -47.540370588999963, -19.734307356999977 ], [ -47.510904646999961, -19.703365983999959 ], [ -47.644440643999985, -19.705779724999957 ], [ -47.689677241999959, -19.759955461999937 ], [ -47.739867336999964, -19.740918380999972 ], [ -47.763620358999958, -19.76932024499996 ], [ -47.805924180999966, -19.722750823999945 ], [ -47.841631956999947, -19.783644359999982 ], [ -47.845617109999978, -19.756086312999969 ], [ -47.892997301999969, -19.75028853799995 ], [ -47.894517657999984, -19.811927428999979 ], [ -47.929443662999972, -19.837403544999972 ], [ -47.936413461999962, -19.801331331999961 ], [ -47.959004723999954, -19.831783753999957 ], [ -47.982289011999967, -19.793652735999956 ], [ -47.999958928999945, -19.864798997999969 ], [ -48.036589163999963, -19.857108193999977 ], [ -47.992449053999962, -19.770902055999954 ], [ -48.07674394199995, -19.767503315999932 ], [ -48.11955031399998, -19.808280414999956 ], [ -48.135835566999958, -19.784813790999976 ], [ -48.14465359899998, -19.953126625999971 ], [ -48.149797663999948, -19.899027817999979 ], [ -48.204312289999962, -19.883551795999949 ], [ -48.172637147999978, -19.964078273999974 ], [ -48.238885172999971, -19.90341357099993 ], [ -48.235278221999977, -19.936994084999981 ], [ -48.303035542999964, -19.983640108999964 ], [ -48.328762022999967, -19.970745697999973 ], [ -48.285046812999951, -19.85010325099995 ], [ -48.240337289999957, -19.854366285999959 ], [ -48.244056545999968, -19.824832728999979 ], [ -48.287440284999946, -19.830396062999966 ], [ -48.308621370999958, -19.798017014999971 ], [ -48.308421295999949, -19.712845641999934 ], [ -48.387755156999958, -19.708706531999951 ], [ -48.347199460999946, -19.744220774999974 ], [ -48.401922922999972, -19.737574664999954 ], [ -48.384557154999982, -19.788426400999981 ], [ -48.433877262999943, -19.816584010999975 ], [ -48.403382912999973, -19.87201173699998 ], [ -48.316140833999953, -19.890771377999954 ], [ -48.378246596999986, -19.988040857999977 ], [ -48.431169236999949, -19.978651723999974 ], [ -48.397515049999981, -19.920985812999959 ], [ -48.423584888999983, -19.879396515999929 ], [ -48.413736662999952, -19.917772535999973 ], [ -48.472000411999943, -19.930509067999935 ], [ -48.489234950999958, -19.889104412999927 ], [ -48.493746442999964, -19.968481028999975 ], [ -48.514661689999969, -19.937864829999967 ], [ -48.533627843999966, -19.952386543999978 ], [ -48.502720889999978, -19.861420706999979 ], [ -48.541190135999955, -19.871442572999968 ], [ -48.548417107999967, -19.83314319599998 ], [ -48.678826975999982, -19.928596931999948 ], [ -48.69798091499996, -19.889944911999976 ], [ -48.545680619999985, -19.806763554999975 ], [ -48.631403496999951, -19.812327178999965 ], [ -48.751280192999957, -19.912982362999969 ], [ -48.765160076999962, -19.850493823999955 ], [ -48.723996470999964, -19.782206143999929 ], [ -48.726950184999964, -19.726139033999971 ], [ -48.756168037999942, -19.728457717999959 ], [ -48.755556208999963, -19.762755051999932 ], [ -48.788276068999949, -19.745996547999937 ], [ -48.76851159399996, -19.797882395999977 ], [ -48.801482037999961, -19.787496613999963 ], [ -48.778369062999957, -19.854917132999958 ], [ -48.829326076999962, -19.856329860999949 ], [ -48.785584527999958, -19.874522903999946 ], [ -48.809900376999963, -19.897439218999978 ], [ -48.763807947999965, -19.969443518999981 ], [ -48.868472121999957, -19.880373772999974 ], [ -48.882364170999949, -19.905772627999966 ], [ -48.748992533999967, -20.012547681999934 ], [ -48.782117310999979, -20.022640810999974 ], [ -48.74839800999996, -20.042033541999956 ], [ -48.75389684299995, -20.127477346999967 ], [ -48.824094945999946, -20.131953713999962 ], [ -48.808520814999952, -20.052531486999953 ], [ -48.837461197999971, -20.106773389999944 ], [ -48.844291052999949, -20.024652146999927 ], [ -48.86750552999996, -20.00815820899993 ], [ -48.852899635999961, -20.09992572699997 ], [ -48.904651533999981, -20.070141960999933 ], [ -48.852706649999959, -20.129460995999978 ], [ -48.917709959999968, -20.247623356999952 ], [ -48.943316523999954, -20.190589797999962 ], [ -48.918473175999964, -20.134635347999961 ], [ -48.980610637999973, -20.134144867999964 ], [ -48.948356928999942, -20.071325729999955 ], [ -48.960600358999955, -20.047310059999973 ], [ -48.989027446999955, -20.100202955999976 ], [ -48.996216428999958, -20.008393690999981 ], [ -49.002904256999955, -20.071269924999967 ], [ -49.038195414999961, -20.06133645999995 ], [ -49.015837295999972, -20.121311022999976 ], [ -49.07273801499997, -20.095616853999957 ], [ -49.075252683999963, -20.156518648999963 ], [ -48.989980111999955, -20.16400686999998 ], [ -48.962382292999962, -20.248055417999979 ], [ -48.925810782999974, -20.25920010699997 ], [ -48.861058611999965, -20.364242222999962 ], [ -48.829701647999968, -20.337613870999974 ], [ -48.866802405999977, -20.29722419999996 ], [ -48.836746262999952, -20.29377875199998 ], [ -48.865500680999958, -20.274264359999961 ], [ -48.821998822999944, -20.240311960999975 ], [ -48.835960100999955, -20.197998512999959 ], [ -48.76852841799996, -20.211398602999964 ], [ -48.717702103999954, -20.178098280999961 ], [ -48.646150076999959, -20.201929503999963 ], [ -48.681794947999947, -20.218195838999975 ], [ -48.691939737999974, -20.272234217999937 ], [ -48.630973189999963, -20.278029830999969 ], [ -48.61014720999998, -20.250376 ], [ -48.532186668999941, -20.329163433999952 ], [ -48.519423972999959, -20.244623980999961 ], [ -48.610032331999946, -20.160191159999954 ], [ -48.72435018799996, -20.129987902999972 ], [ -48.728084220999961, -20.056592377999948 ], [ -48.635780574999956, -20.063769483999977 ], [ -48.641374419999977, -20.031029241999931 ], [ -48.609526095999968, -20.018007396999963 ], [ -48.628041577999966, -19.983714918999965 ], [ -48.564397388999964, -19.895270967999977 ], [ -48.576746190999984, -20.004521172999944 ], [ -48.462419459999978, -19.989539499999978 ], [ -48.415852409999957, -20.012463380999975 ], [ -48.502035085999978, -20.160896618999971 ], [ -48.570145898999954, -20.180020594999974 ], [ -48.523871619999966, -20.217638713999975 ], [ -48.483011407999982, -20.200570364999976 ], [ -48.442356078999978, -20.246053804999974 ], [ -48.40013554899997, -20.233975316999931 ], [ -48.370202695999978, -20.271102265999957 ], [ -48.344306772999971, -20.256862671999954 ], [ -48.27116274499997, -20.385375273999955 ], [ -48.202540767999949, -20.435671873999979 ], [ -48.283111592999944, -20.430815071999973 ], [ -48.366278757999964, -20.292269484999963 ], [ -48.440099215999965, -20.337309515999948 ], [ -48.460980261999964, -20.401625616999979 ], [ -48.52640125299996, -20.421877861999974 ], [ -48.531821097999966, -20.50972995199993 ], [ -48.484009405999984, -20.521613184999978 ], [ -48.525748374999978, -20.562285057999929 ], [ -48.488127487999975, -20.628969870999981 ], [ -48.518402345999959, -20.685996112999931 ], [ -48.420455180999966, -20.728766744999973 ], [ -48.413596352999946, -20.786012225999968 ], [ -48.38038766699998, -20.759673968999948 ], [ -48.362504933999958, -20.844052338999973 ], [ -48.306193270999984, -20.871387114999948 ], [ -48.338110684999947, -20.958153126999946 ], [ -48.290226203999964, -21.019816721999973 ], [ -48.299596106999957, -21.063081229999966 ], [ -48.253893904999984, -21.084149494999963 ], [ -48.296055940999963, -21.11967587099997 ], [ -48.253031375999967, -21.151849058999971 ], [ -48.300132628999961, -21.239901003999933 ], [ -48.458178028999953, -21.172716805999983 ], [ -48.45855166399997, -21.077537181999958 ], [ -48.556515745999945, -20.995886608999967 ], [ -48.635378035999963, -20.869006084999967 ], [ -48.64278537399997, -20.753628736999929 ], [ -48.570880259999967, -20.740573799999936 ], [ -48.638119590999963, -20.719468810999956 ], [ -48.631715501999963, -20.661325680999937 ], [ -48.691367767999964, -20.652550067999982 ], [ -48.70987004899996, -20.561949315999982 ], [ -48.664707709999959, -20.499191055999972 ], [ -48.724289803999966, -20.521064918999969 ], [ -48.734677340999951, -20.462696120999965 ], [ -48.779813184999966, -20.433373918999962 ], [ -48.814690350999967, -20.51355379499995 ], [ -48.76697975899998, -20.543192934999979 ], [ -48.765660226999955, -20.590209484999946 ], [ -48.886777020999943, -20.534317060999967 ], [ -48.964075110999943, -20.606986943999971 ], [ -48.95768183499996, -20.50835516199993 ], [ -49.009538691999978, -20.488878818999979 ], [ -49.043805214999963, -20.511227838999957 ], [ -49.052716609999948, -20.47027862799996 ], [ -49.029795317999969, -20.484496370999977 ], [ -49.01864442699997, -20.45892899699993 ], [ -49.050964591999957, -20.394828987999972 ], [ -49.081514376999962, -20.39663238199995 ], [ -49.083560459999944, -20.430688075999967 ], [ -49.154065320999962, -20.400765455999931 ], [ -49.134583755999984, -20.463374054999974 ], [ -49.086114575999943, -20.466114858999958 ], [ -49.166874040999971, -20.547087854999972 ], [ -49.234664161999945, -20.532478907999973 ], [ -49.266371685999957, -20.460749403999955 ], [ -49.307059950999985, -20.468061870999975 ], [ -49.283454316999951, -20.436500003999981 ], [ -49.324454239999966, -20.422314015999973 ], [ -49.313360195999962, -20.374288920999959 ], [ -49.347884639999961, -20.380038997999975 ], [ -49.356797458999949, -20.29005024099996 ], [ -49.413600742999961, -20.328688781999972 ], [ -49.449190489999978, -20.253198047999945 ], [ -49.454119275999972, -20.357753353999954 ], [ -49.490553493999982, -20.363995495999973 ], [ -49.53352575599996, -20.335147040999971 ], [ -49.551842234999981, -20.265531617999955 ], [ -49.667145820999963, -20.22348343699997 ], [ -49.613061535999975, -20.378373932999978 ], [ -49.654092941999977, -20.400441588999968 ], [ -49.705924022999966, -20.190934063999975 ], [ -49.775572626999974, -20.195591490999959 ], [ -49.805852680999976, -20.141073465999966 ], [ -49.840208225999959, -20.173647019999976 ], [ -49.850719946999959, -20.140385254999956 ], [ -49.913501415999974, -20.215893710999978 ], [ -49.965871495999977, -20.167826201999958 ], [ -49.99075703699998, -20.178018240999961 ], [ -49.982482524999966, -20.215323556999977 ], [ -50.02136663899995, -20.212166774999957 ], [ -50.04963255499996, -20.156978754999955 ], [ -50.108474866999984, -20.142105543999946 ], [ -50.07608664199995, -19.972533711999972 ], [ -50.022712751999961, -19.99750395999996 ], [ -50.060774226999968, -20.067904512999974 ], [ -50.031679782999959, -20.124591377999934 ], [ -50.025898436999967, -20.056212273999961 ], [ -49.982681515999957, -20.032319422999933 ], [ -50.000360003999958, -20.01378030199993 ], [ -49.931314141999962, -19.981022464999967 ], [ -49.967780561999973, -20.020913569999948 ], [ -49.944603365999967, -20.15353106799995 ], [ -49.900923526999975, -20.08930868799996 ], [ -49.881582005999974, -20.124980241999936 ], [ -49.859407156999964, -20.045605862999935 ], [ -49.838197375999982, -20.12818539899996 ], [ -49.800998763999985, -20.099376647999975 ], [ -49.673724908999986, -20.188439795999955 ], [ -49.60191023699997, -20.196109582999952 ], [ -49.731264919999944, -20.066910606999954 ], [ -49.791266906999965, -20.066135713999927 ], [ -49.818794876999959, -20.01110897999996 ], [ -49.883069888999955, -20.02517903699993 ], [ -49.876012282999966, -19.970962983999982 ], [ -49.835580455999946, -19.959061929999962 ], [ -49.771940858999983, -20.005307118999951 ], [ -49.787520378999943, -19.951129627999933 ], [ -49.729126798999971, -19.949882093999975 ], [ -49.728565445999948, -20.011830930999963 ], [ -49.66719606199996, -20.03551665599997 ], [ -49.628917459999968, -20.097407608999958 ], [ -49.560342039999966, -20.083874929999979 ], [ -49.534353012999986, -20.047022408999965 ], [ -49.550857562999965, -19.941739135999967 ], [ -49.508510907999948, -20.00436863699997 ], [ -49.454370438999945, -20.003056852999975 ], [ -49.407921378999959, -20.054808622999929 ], [ -49.356594204999965, -20.005975177999971 ], [ -49.323544786999946, -20.019968881999944 ], [ -49.352352805999942, -20.088434394999979 ], [ -49.341356264999945, -20.205909553999959 ], [ -49.282749628999966, -20.225432574999957 ], [ -49.253214154999966, -20.308456651999961 ], [ -49.196461380999949, -20.31235892899997 ], [ -49.257148269999959, -20.259069222999983 ], [ -49.280861706999985, -20.144436865999978 ], [ -49.229644750999967, -20.038108635999947 ], [ -49.195220650999943, -20.007853499999953 ], [ -49.116975166999964, -20.00719860199996 ], [ -49.089455920999967, -19.959947751999948 ], [ -49.084666237999954, -19.915668958999959 ], [ -49.147383028999968, -19.955201559999978 ], [ -49.119661771999972, -19.880106551999972 ], [ -49.177188980999972, -19.91816135199997 ], [ -49.123781472999951, -19.80825615599997 ], [ -49.166233701999943, -19.804507185999967 ], [ -49.185669982999968, -19.88000088299998 ], [ -49.227692097999977, -19.839567603999967 ], [ -49.21049441599996, -19.889434732999973 ], [ -49.26930576999996, -19.838230647999978 ], [ -49.330988627999943, -19.943308299999956 ], [ -49.406330558999969, -19.973748473999933 ], [ -49.441351398999984, -19.915198977999978 ], [ -49.33452297599996, -19.81658794699996 ], [ -49.444827596999971, -19.868596862999937 ], [ -49.33438033799996, -19.775205360999962 ], [ -49.389555505999965, -19.777138345999958 ], [ -49.413164352999956, -19.725721298999929 ], [ -49.445436430999962, -19.74511057899997 ], [ -49.409063625999977, -19.795069937999926 ], [ -49.449957658999949, -19.839020422999965 ], [ -49.473462136999956, -19.801067503999946 ], [ -49.480976132999956, -19.88809589899995 ], [ -49.516687538999975, -19.84374450599995 ], [ -49.711168076999968, -19.904243233999978 ], [ -49.72203590099997, -19.87301158899993 ], [ -49.761745100999974, -19.887841407999929 ], [ -49.779614066999955, -19.845479491999981 ], [ -49.849045288999946, -19.912758412999949 ], [ -50.001345347999973, -19.897747512999956 ], [ -50.009903557999962, -19.866900147999957 ], [ -49.977344782999978, -19.841660308999963 ], [ -50.045150694999961, -19.842599743999926 ], [ -50.006241096999986, -19.796831640999983 ], [ -50.04674209999996, -19.808545102999972 ], [ -50.07131680599997, -19.75473683599995 ], [ -50.12347856599996, -19.733735582999941 ], [ -50.105833084999972, -19.77732866499997 ], [ -50.160272411999983, -19.840466140999979 ], [ -50.19056711099995, -19.807651717999931 ], [ -50.228812076999986, -19.835253439999974 ], [ -50.288535408999962, -19.811498235999977 ], [ -50.314838354999949, -19.749526534999973 ], [ -50.361625395999965, -19.819060284999978 ], [ -50.353878445999953, -19.694494940999959 ], [ -50.425698659999966, -19.735742214999959 ], [ -50.44085586999995, -19.713740918999974 ], [ -50.406166666999979, -19.684505452999929 ], [ -50.479011209999953, -19.661284315999978 ], [ -50.470066889999941, -19.724497006999968 ], [ -50.526904208999952, -19.736320532999969 ], [ -50.562647435999963, -19.684088780999957 ], [ -50.547553581999978, -19.744014209999932 ], [ -50.601791711999965, -19.726659243999961 ], [ -50.57966384599996, -19.764388869999948 ], [ -50.628779540999972, -19.800494969999932 ], [ -50.613262723999981, -19.834915639999963 ], [ -50.685135407999951, -19.890271396999935 ], [ -50.721231836999948, -19.896801851999953 ], [ -50.737981987999945, -19.864039059999982 ], [ -50.762451766999959, -19.915400725999973 ], [ -50.806456009999977, -19.893147011999929 ], [ -50.81882382699996, -19.931802136999977 ], [ -50.969383260999962, -19.972580885999946 ], [ -50.961240800999974, -19.90547442899998 ], [ -50.880966069999943, -19.878042280999978 ], [ -50.914685967999958, -19.85298321099998 ], [ -50.98647264899995, -19.881284894999965 ], [ -50.981058617999963, -19.790733389999957 ], [ -51.025861176999967, -19.735425392999957 ], [ -51.017370763999963, -19.695870793999973 ], [ -50.948206140999957, -19.609658606999972 ], [ -50.901874597999949, -19.599714080999945 ], [ -50.900430665999977, -19.496111758999973 ], [ -50.82713883699995, -19.509046379999972 ], [ -50.767873494999947, -19.475567825999974 ], [ -50.825007811999967, -19.447965905999979 ], [ -50.814479245999962, -19.320108491999974 ], [ -50.706893438999941, -19.226878417999956 ], [ -50.571577244999958, -19.24838097199995 ], [ -50.574598457999969, -19.21473862199997 ], [ -50.710676231999969, -19.19685018399997 ], [ -50.638874397999984, -19.151673480999932 ], [ -50.526811767999959, -19.144523098999969 ], [ -50.452348448999942, -19.003699368999946 ], [ -50.311532421999971, -19.000835429999938 ], [ -50.371152238999969, -18.953445586999976 ], [ -50.416578479999941, -18.972406237999962 ], [ -50.454247016999943, -18.946390407999957 ], [ -50.349137059999975, -18.939820614999974 ], [ -50.273790644999963, -18.880716437999979 ], [ -50.343445065999958, -18.869190766999964 ], [ -50.318744715999969, -18.825246651999976 ], [ -50.259799334999968, -18.809248509999975 ], [ -50.303969373999962, -18.781708593999952 ], [ -50.262874880999959, -18.740090604999978 ], [ -50.213406247999956, -18.763742354999977 ], [ -50.205454699999962, -18.824989190999929 ], [ -50.142112077999968, -18.788252614999976 ], [ -50.104480855999952, -18.786704892999978 ], [ -50.098410959999967, -18.815144834999955 ], [ -50.051910309999982, -18.77790325899997 ], [ -50.000421858999971, -18.800814135999929 ], [ -50.029194347999976, -18.869066710999959 ], [ -49.992518020999967, -18.958289684999954 ], [ -49.963631172999953, -18.951717946999963 ], [ -50.00066660799996, -18.839058585999965 ], [ -49.965697330999944, -18.821344470999975 ], [ -49.926822063999964, -18.929662361999931 ], [ -49.93922110699998, -18.882410772999947 ], [ -49.904859081999973, -18.842295366999963 ], [ -49.882207274999985, -18.901157853999962 ], [ -49.857308655999987, -18.889821419999976 ], [ -49.859311953999963, -18.921739533999983 ], [ -49.738949098999967, -18.997684234999952 ], [ -49.604818467999962, -19.149563216999979 ], [ -49.576898306999965, -19.139777328999969 ], [ -49.601088176999951, -19.209713861999944 ], [ -49.566179721999958, -19.175966172999949 ], [ -49.512411989999976, -19.224737060999928 ], [ -49.499976522999987, -19.18518869299993 ], [ -49.613699825999959, -19.075334716999976 ], [ -49.596897530999968, -19.049099101999957 ], [ -49.639248357999975, -19.064104924999981 ], [ -49.705457954999986, -19.010980956999958 ], [ -49.690365453999959, -18.990429663999976 ], [ -49.717608069999983, -18.996034564999945 ], [ -49.714330205999943, -18.946762859999978 ], [ -49.79279696499998, -18.93196136399996 ], [ -49.77814079999996, -18.908282379999946 ], [ -49.845065668999951, -18.849578157999929 ], [ -49.823878397999977, -18.821862299999964 ], [ -49.85661913499996, -18.797575989999928 ], [ -49.842425979999973, -18.778318460999969 ], [ -49.726337778999948, -18.716821318999962 ], [ -49.611793932999944, -18.76837067699995 ], [ -49.514659583999958, -18.73695915899998 ], [ -49.36956900499996, -18.826437045999967 ], [ -49.28190964199996, -18.797380032999968 ], [ -49.252358934999961, -18.723099920999971 ], [ -49.213972127999966, -18.725750473999938 ], [ -49.228402041999971, -18.700665238999932 ], [ -49.172786575999964, -18.701591101999952 ], [ -49.176983240999959, -18.628861214999972 ], [ -48.990714907999973, -18.695002941999974 ], [ -49.040598878999958, -18.636834037999961 ], [ -49.072221364999962, -18.642657156999974 ], [ -49.041053337999983, -18.593004363999967 ], [ -49.069473863999974, -18.563153572999965 ], [ -48.980205106999961, -18.540953821999949 ], [ -49.016536945999974, -18.516075520999948 ], [ -48.946439292999969, -18.468671442999948 ], [ -48.895344970999986, -18.457037908999951 ], [ -48.789203333999978, -18.503310790999933 ], [ -48.778533001999961, -18.454252400999962 ], [ -48.687486883999952, -18.462465213999963 ], [ -48.691469078999944, -18.405257719999952 ], [ -48.664430967999976, -18.397870166999951 ], [ -48.659044635999976, -18.548111636999977 ], [ -48.592270748999965, -18.60254353199997 ], [ -48.564918420999959, -18.582972577999954 ], [ -48.500807944999963, -18.617703656999936 ], [ -48.482701246999966, -18.667052975999979 ], [ -48.435591556999952, -18.677973606999956 ], [ -48.444670144999975, -18.717255998999974 ], [ -48.379083225999977, -18.700555819999977 ], [ -48.358726524999952, -18.635550025999976 ], [ -48.358685225999977, -18.682758814999943 ], [ -48.278709674999959, -18.770653481999943 ], [ -48.193349779999949, -18.687881483999945 ], [ -48.282262891999949, -18.715101993999951 ], [ -48.240625274999957, -18.676320284999974 ], [ -48.281759694999948, -18.651871022999956 ], [ -48.285436047999951, -18.588084827999978 ], [ -48.322537956999952, -18.563283536999961 ], [ -48.342468882999981, -18.59125497499997 ], [ -48.419702279999967, -18.589986330999977 ], [ -48.544838397999968, -18.50540738199993 ], [ -48.46997638299996, -18.419974339999953 ], [ -48.363425364999955, -18.452866106999977 ], [ -48.329081435999967, -18.380268705999981 ], [ -48.339960145999953, -18.27706075499998 ], [ -48.40598648699995, -18.237084823999965 ], [ -48.441315505999967, -18.281079961999978 ], [ -48.426405829999965, -18.311606123999979 ], [ -48.46363250099995, -18.305728712999951 ], [ -48.519712417999983, -18.206537725999965 ], [ -48.555899240999963, -18.205054043999951 ], [ -48.550112499999955, -18.167163305999964 ], [ -48.626700958999947, -18.141398762999927 ], [ -48.619993060999946, -18.020806807999975 ], [ -48.693332386999941, -18.012300279999977 ], [ -48.805218547999971, -17.876310350999972 ], [ -48.907927507999943, -17.931642212999975 ], [ -48.95506071799997, -17.884016274999965 ], [ -48.97146758699995, -17.928592431999959 ], [ -49.008789853999986, -17.902252109999949 ], [ -48.986193578999973, -17.86144587299998 ], [ -49.058819741999969, -17.832456107999974 ], [ -49.13651456599996, -17.841219778999971 ], [ -49.108629643999961, -17.871989611999936 ], [ -49.136951679999981, -17.868287401999964 ], [ -49.142584542999941, -17.928962134999949 ], [ -49.11277176599998, -17.98494891799993 ], [ -49.086905415999979, -17.98025522699993 ], [ -49.094968041999948, -18.043720137999969 ], [ -49.05163410199998, -18.042572434999954 ], [ -49.055104246999974, -18.07638653999993 ], [ -48.992869844999973, -18.025750177999953 ], [ -48.963003132999972, -18.034264217999976 ], [ -48.959830776999979, -18.068126814999971 ], [ -49.050098939999941, -18.088345533999927 ], [ -48.995831177999946, -18.140673852999953 ], [ -49.041359228999966, -18.154793903999973 ], [ -49.018715297999961, -18.172618066999974 ], [ -49.048329570999954, -18.244480432999978 ], [ -49.025171717999967, -18.25725939199998 ], [ -49.068157072999952, -18.281172118999962 ], [ -49.082209748999958, -18.213932885999952 ], [ -49.105621920999965, -18.245151353999972 ], [ -49.12727591099997, -18.208394427999963 ], [ -49.178035961999967, -18.223952303999965 ], [ -49.194257439999944, -18.277159225999981 ], [ -49.157666101999951, -18.402994020999927 ], [ -49.212026259999959, -18.416595164999933 ], [ -49.198763749999955, -18.456403794999972 ], [ -49.383299827999963, -18.638438809999968 ], [ -49.474417102999951, -18.557340913999951 ], [ -49.471681180999951, -18.506393713999955 ], [ -49.506978562999961, -18.481629490999978 ], [ -49.545084120999945, -18.489453988999969 ], [ -49.55415207599998, -18.533924879999972 ], [ -49.60779262799997, -18.513785155999926 ], [ -49.604248985999959, -18.542937544999972 ], [ -49.654097886999978, -18.558261204999951 ], [ -49.638996488999965, -18.600154189999955 ], [ -49.767673942999977, -18.611239761999968 ], [ -49.794588748999956, -18.643660988999954 ], [ -50.086135831999968, -18.580579833999934 ], [ -50.160256691999962, -18.54365196599997 ], [ -50.171349090999968, -18.499511474999963 ], [ -50.220505868999965, -18.53590017099998 ], [ -50.253803374999961, -18.489832208999928 ], [ -50.287376073999951, -18.494055227999979 ], [ -50.289470285999982, -18.43400700899997 ], [ -50.309297950999962, -18.460529845999929 ], [ -50.361208682999973, -18.422378016999971 ], [ -50.373905238999953, -18.442006049999975 ], [ -50.332095851999952, -18.463462081999978 ], [ -50.365009403999977, -18.481200045999969 ], [ -50.312609330999976, -18.502745398999934 ], [ -50.29951076499998, -18.586215969999955 ], [ -50.400547978999953, -18.543536395999979 ], [ -50.411853288999964, -18.484733614999982 ], [ -50.449520073999963, -18.519728357999952 ], [ -50.466581015999964, -18.472351259999982 ], [ -50.643340978999959, -18.427525059999937 ], [ -50.623795865999966, -18.37998896199997 ], [ -50.649750015999984, -18.380930724999928 ], [ -50.645234541999969, -18.342621347999966 ], [ -50.705878624999968, -18.321204837999971 ], [ -50.694946612999956, -18.422063253999966 ], [ -50.733549711999956, -18.455678380999927 ], [ -50.675806488999967, -18.443906880999975 ], [ -50.584204198999942, -18.485187670999949 ], [ -50.590827745999945, -18.50848384699998 ], [ -50.547183247999953, -18.496218990999978 ], [ -50.576904844999945, -18.537013658999967 ], [ -50.545714619999956, -18.552576761999944 ], [ -50.520527147999985, -18.526380027999949 ], [ -50.48153627399995, -18.574261259999957 ], [ -50.499306804999947, -18.626046719999977 ], [ -50.46643060599996, -18.617487457999971 ], [ -50.443987485999969, -18.681593504999967 ], [ -50.477471763999972, -18.725350226999979 ], [ -50.547135306999962, -18.739733776999969 ], [ -50.612990257999968, -18.665072921999979 ], [ -50.62576360099996, -18.72177871699995 ], [ -50.749893994999979, -18.683345872999951 ], [ -50.659300161999965, -18.786256365999975 ], [ -50.569537023999942, -18.827248272999952 ], [ -50.699884207999958, -18.84817783799997 ], [ -50.689466336999942, -18.883306498999957 ], [ -50.609598007999978, -18.92222338199997 ], [ -50.641633708999962, -18.948791092999954 ], [ -50.864710590999948, -18.883361628999978 ], [ -50.964708878999943, -18.788438849999977 ], [ -51.035119772999963, -18.63985977699997 ], [ -51.073935078999966, -18.636180887999956 ], [ -50.947140243999968, -18.894770917999949 ], [ -50.707445212999971, -19.033450301999949 ], [ -50.68676639399996, -19.104282485999931 ], [ -50.744024435999961, -19.154726103999963 ], [ -50.775368303999983, -19.249714509999933 ], [ -50.836354134999965, -19.285782511999969 ], [ -50.903504402999943, -19.262250389999963 ], [ -50.857450342999982, -19.319126093999955 ], [ -50.908787029999985, -19.386594436999928 ], [ -50.908831815999974, -19.442256619999966 ], [ -50.972690470999964, -19.422880659999976 ], [ -51.046403679999969, -19.344913023999936 ], [ -51.054830211999956, -19.414586128999929 ], [ -51.021616243999972, -19.409551036999972 ], [ -51.031875147999983, -19.43145279099997 ], [ -50.983340153999961, -19.465213321999954 ], [ -51.027051632999985, -19.494725309999978 ], [ -50.992946384999982, -19.536399492999976 ], [ -51.046676109999964, -19.531415612999979 ], [ -50.994748434999963, -19.574188410999966 ], [ -51.019466887999954, -19.621874189999971 ], [ -51.132886019999944, -19.599557928999957 ], [ -51.028354538999963, -19.651914112999975 ], [ -51.067985031999967, -19.698506953999981 ], [ -51.147793017999959, -19.712307512999928 ], [ -51.048388766999949, -19.760935767999968 ], [ -51.082200808999971, -19.811794869999972 ], [ -51.046165473999963, -19.82181641699998 ], [ -51.077256618999968, -19.874573538999982 ], [ -51.026737379999986, -19.901495411999974 ], [ -51.062024569999949, -19.967734031999953 ], [ -51.039546366999957, -19.992245131999937 ], [ -51.135760428999959, -19.955243749999966 ], [ -51.15307549299996, -19.985655939999958 ], [ -51.052876162999951, -20.024798908999969 ], [ -50.999679772999968, -20.085496940999974 ], [ -51.044159792999949, -20.199269428999969 ], [ -51.145165672999951, -20.300263541999982 ], [ -51.395260983999947, -20.369409908999955 ], [ -51.546687718999976, -20.578627333999975 ], [ -51.604116566999949, -20.58411059499997 ], [ -51.667568503999973, -20.65660767199995 ], [ -51.784000077999963, -20.654254596999976 ], [ -51.661565776999964, -20.746011977999956 ], [ -51.649171226999954, -20.796679247999975 ], [ -51.692654717999972, -20.840181117999975 ], [ -51.657850771999961, -20.880754037999964 ], [ -51.717361097999969, -20.917523395999979 ], [ -51.809680921999984, -21.057869335999953 ], [ -51.897469289999947, -21.106739776999973 ], [ -51.886345638999956, -21.126323556999978 ], [ -51.937050492999958, -21.16475046599993 ], [ -51.979018049999979, -21.157331997999961 ], [ -51.949124943999948, -21.209860001999971 ], [ -51.973289689999945, -21.298905941999976 ], [ -52.038578651999956, -21.403295311999955 ], [ -52.212972405999949, -21.53797136399993 ], [ -52.175307081999961, -21.575944594999953 ], [ -52.191342359999965, -21.601737611999965 ], [ -52.453730164999968, -21.676070096999979 ], [ -52.429952215999947, -21.699249561999977 ], [ -52.283566720999943, -21.657663322999952 ], [ -52.244173266999951, -21.707508096999959 ], [ -52.326626242999964, -21.727820579999957 ], [ -52.417012491999969, -21.94077916699996 ], [ -52.459082369999976, -21.975377848999983 ], [ -52.537353031999942, -21.954999193999981 ], [ -52.530980732999978, -22.035708728999964 ], [ -52.587531364999961, -22.003996112999971 ], [ -52.571250686999974, -22.051377490999982 ], [ -52.659931576999952, -22.024070007999967 ], [ -52.699518294999962, -22.089424131999976 ], [ -52.754846957999973, -22.11434544399998 ], [ -52.761588112999959, -22.176122498999973 ], [ -52.860285602999966, -22.193069351999952 ], [ -52.934421250999947, -22.168322726999975 ], [ -52.903958484999976, -22.229689515999951 ], [ -53.070672974999979, -22.091406461999952 ], [ -53.05354682899997, -22.204047912999954 ], [ -53.108020346999979, -22.214795630999959 ], [ -53.130337980999968, -22.17475865199998 ], [ -53.176623818999985, -22.23809283199995 ], [ -53.216522823999981, -22.141816562999963 ], [ -53.319027395999967, -22.123596468999949 ], [ -53.337834448999956, -22.222317404999956 ], [ -53.398944194999956, -22.312883125999974 ], [ -53.462628959999961, -22.304567018999933 ], [ -53.511710717999961, -22.335087640999973 ], [ -53.53430797599998, -22.229679904999955 ], [ -53.473586051999973, -22.180350413999975 ], [ -53.489640944999962, -22.114434177999954 ], [ -53.624105892999978, -22.117260078999948 ], [ -53.663118202999954, -22.087585435999927 ], [ -53.673633572999961, -22.021801902999982 ], [ -53.728805712999986, -22.003582211999969 ], [ -53.702168005999965, -21.973854457999948 ], [ -53.754357926999944, -21.979565160999982 ], [ -53.744731452999986, -21.94026738599996 ], [ -53.783666137999944, -21.899589558999935 ], [ -53.93288002099996, -21.846160196999961 ], [ -53.962047567999946, -21.788023880999958 ], [ -54.067045177999944, -21.741025182999977 ], [ -54.202544840999963, -21.721267831999967 ], [ -54.35415538899997, -21.588009939999949 ], [ -54.40596050399995, -21.607795807999935 ], [ -54.460643783999956, -21.710550762999958 ], [ -54.509742569999958, -21.71420810199993 ], [ -54.488549048999971, -21.84820536899997 ], [ -54.52154061799996, -21.858087333999947 ], [ -54.477659134999953, -21.890500972999973 ], [ -54.505647799999963, -21.926348280999946 ], [ -54.550240339999959, -21.900067370999977 ], [ -54.603627250999978, -21.914132103999975 ], [ -54.639810860999944, -21.851719426999978 ], [ -54.647997034999946, -21.923870115999932 ], [ -54.681916081999987, -21.938267221999979 ], [ -54.663948062999964, -21.902530824999928 ], [ -54.689684384999964, -21.85692463099997 ], [ -54.76976082799996, -21.873749550999946 ], [ -54.752786826999966, -21.818042016999982 ], [ -54.779678064999985, -21.840087797999956 ], [ -54.834591447999969, -21.808803399999931 ], [ -54.847406798999941, -21.835216565999929 ], [ -54.973026401999959, -21.775576309999963 ], [ -55.016854526999964, -21.881077746999949 ], [ -55.265961062999963, -21.918060995999952 ], [ -55.249397856999963, -21.939370432999965 ], [ -55.107171907999941, -21.917087279999976 ], [ -55.078317236999965, -21.98240803799996 ], [ -55.040272726999945, -21.975232718999962 ], [ -55.037134296999966, -22.044541654999932 ], [ -54.969723641999963, -22.059946299999979 ], [ -55.007002399999976, -22.094723856999963 ], [ -54.999847050999961, -22.165110906999928 ], [ -54.860460265999961, -22.210279449999973 ], [ -54.831675785999948, -22.186586865999971 ], [ -54.830700134999972, -22.254204229999971 ], [ -54.746886768999957, -22.257127935999961 ], [ -54.744962166999983, -22.296969368999953 ], [ -54.682614642999965, -22.346348515999978 ], [ -54.698090506999961, -22.369479923999961 ], [ -54.650246135999964, -22.35126298299997 ], [ -54.588834639999959, -22.393586570999958 ], [ -54.645361625999954, -22.425885040999958 ], [ -54.726720198999942, -22.425340964999975 ], [ -54.746159826999985, -22.396650178999948 ], [ -54.759646144999977, -22.421462511999948 ], [ -54.855422457999964, -22.347655549999956 ], [ -54.831220973999962, -22.390673485999969 ], [ -54.885014100999967, -22.381961043999979 ], [ -54.959100373999945, -22.512987838999948 ], [ -54.946866343999943, -22.540984784999978 ], [ -54.857722978999959, -22.518187465999972 ], [ -54.848572702999945, -22.587457850999954 ], [ -54.950794726999959, -22.680316103999928 ], [ -54.985930249999967, -22.686422345999972 ], [ -54.984840451999958, -22.639187225999933 ], [ -55.057897597999954, -22.670052535999957 ], [ -54.932081302999961, -22.789806674999966 ], [ -55.005205650999983, -22.837670960999958 ], [ -55.058855115999961, -22.811137734999932 ], [ -55.068303783999966, -22.865602869999975 ], [ -55.153603704999966, -22.807319830999973 ], [ -55.156008243999963, -22.852736389999961 ], [ -55.118847595999966, -22.856050382999967 ], [ -55.115588499999944, -22.893026643999974 ], [ -55.182667962999972, -22.969097218999934 ], [ -55.189310367999951, -23.080132535999951 ], [ -55.239742475999947, -23.067674759999932 ], [ -55.242339896999965, -23.116425546999949 ], [ -55.272172073999968, -23.129662318999976 ], [ -55.221622714999967, -23.152483482999969 ], [ -55.197657722999963, -23.116820788999974 ], [ -55.089843722999944, -23.129585410999937 ], [ -54.942934909999963, -23.05488373999998 ], [ -54.924603421999961, -23.077603043999943 ], [ -54.905239544999972, -23.058827408999946 ], [ -54.87587274699996, -23.111474044999966 ], [ -54.820460016999959, -23.053633113999979 ], [ -54.723394109999958, -23.076747806999947 ], [ -54.774760792999984, -23.155597867999973 ], [ -54.648168550999969, -23.179943053999978 ], [ -54.644148322999968, -23.309226040999931 ], [ -54.602116413999966, -23.296957617999965 ], [ -54.584752967999975, -23.339031623999972 ], [ -54.666184554999973, -23.441592837999963 ], [ -54.677376839999965, -23.402431815999932 ], [ -54.736481558999969, -23.396417720999978 ], [ -54.699586413999953, -23.461896858999978 ], [ -54.71656640499998, -23.503674651999972 ], [ -54.68074084899996, -23.50013157799998 ], [ -54.646811077999985, -23.580215393999936 ], [ -54.643274128999963, -23.500030849999973 ], [ -54.591305172999967, -23.483707801999969 ], [ -54.605008520999945, -23.552840495999931 ], [ -54.58257998299996, -23.561998579999965 ], [ -54.557784259999949, -23.539925811999979 ], [ -54.571512635999966, -23.478078602999972 ], [ -54.490113023999982, -23.439460270999973 ], [ -54.483200074999957, -23.517779290999954 ], [ -54.553494383999976, -23.645214326999962 ], [ -54.520541414999968, -23.660619630999975 ], [ -54.487644652999961, -23.599113430999978 ], [ -54.460181623999972, -23.635659154999928 ], [ -54.475966446999962, -23.684070589999976 ], [ -54.443297424999969, -23.686914111999954 ], [ -54.478123366999966, -23.745192700999951 ], [ -54.612095955999962, -23.718942656999957 ], [ -54.705439294999962, -23.606115588999955 ], [ -54.806416857999977, -23.545455727999979 ], [ -54.887215331999982, -23.424827229999948 ], [ -54.883532550999973, -23.471602462999954 ], [ -54.936247673999958, -23.425607663999983 ], [ -54.948488982999947, -23.478730539999958 ], [ -54.986228817999972, -23.487401922999936 ], [ -54.969355889999974, -23.518495042999973 ], [ -55.002711092999959, -23.510605511999927 ], [ -54.923378357999979, -23.575630909999973 ], [ -54.953678780999951, -23.63354719299997 ], [ -54.986849947999985, -23.61632386499997 ], [ -54.953547568999966, -23.574533737999957 ], [ -55.02634993099997, -23.557609029999981 ], [ -55.033265853999978, -23.508396025999957 ], [ -55.082092710999973, -23.51893655799995 ], [ -55.099246792999963, -23.493089704999932 ], [ -55.074276774999987, -23.607118771999978 ], [ -55.138913013999968, -23.603403240999967 ], [ -55.144639704999975, -23.498105086999942 ], [ -55.233517497999969, -23.483963143999972 ], [ -55.251424957999973, -23.530216791999976 ], [ -55.185486155999968, -23.534509083999978 ], [ -55.165850586999966, -23.583561343999975 ], [ -55.187830288999976, -23.595949940999958 ], [ -55.207354900999974, -23.552928832999953 ], [ -55.257525028999964, -23.57100147899996 ], [ -55.169363334999957, -23.670514966999974 ], [ -55.174072702999979, -23.702572575999966 ], [ -55.233982515999969, -23.71817617399995 ], [ -55.244911515999945, -23.66597767899998 ], [ -55.281862650999983, -23.663641102999975 ], [ -55.281910382999968, -23.581278016999931 ], [ -55.334754824999948, -23.617885383999976 ], [ -55.286948559999985, -23.713283045999958 ], [ -55.196513841999945, -23.779791916999955 ], [ -55.255158458999972, -23.761034790999929 ], [ -55.227848287999961, -23.82310395899998 ], [ -55.287870074999944, -23.913876387999949 ], [ -55.261191802999974, -23.921223228999963 ], [ -55.24399716399995, -24.00090406299995 ], [ -55.304177609999954, -23.965023277999933 ], [ -55.34122427799997, -23.994570610999972 ], [ -55.402879666999979, -23.974155221999979 ], [ -55.446379638999986, -23.91683386099993 ], [ -55.436450278999985, -23.716331465999929 ], [ -55.463554221999971, -23.711954110999955 ], [ -55.484098081999946, -23.640219527999932 ], [ -55.539963055999976, -23.625114888999974 ], [ -55.526590470999963, -23.567341 ], [ -55.562204831999964, -23.476155443999971 ], [ -55.504466721999961, -23.374977777999959 ], [ -55.564926720999949, -23.322637610999948 ], [ -55.522675555999967, -23.259717082999941 ], [ -55.546231054999964, -23.22014177799997 ], [ -55.523292415999947, -23.19778772199993 ], [ -55.541902860999983, -23.156119888999967 ], [ -55.596811388999981, -23.152602610999963 ], [ -55.639415221999968, -23.025928388999944 ], [ -55.621977054999945, -22.984551943999975 ], [ -55.665856638999969, -22.852473332999978 ], [ -55.618059998999968, -22.767513943999973 ], [ -55.614424442999962, -22.655086860999972 ], [ -55.723604442999942, -22.551770943999941 ], [ -55.74670772099995, -22.384105971999929 ], [ -55.79110935999995, -22.388471666999976 ], [ -55.843135110999981, -22.28709577799998 ], [ -56.209961849999956, -22.277969106999933 ], [ -56.364683777999971, -22.169640367999932 ], [ -56.393889443999967, -22.074455707999959 ], [ -56.507563020999953, -22.096153708999964 ], [ -56.556667877999985, -22.19652433899995 ], [ -56.63682997799998, -22.263259586999936 ], [ -56.703535029999955, -22.216999784999928 ], [ -56.720479225999952, -22.264888571999961 ], [ -56.793296540999961, -22.242407406999973 ], [ -56.841181682999945, -22.301431964999949 ], [ -56.883334223999952, -22.247481767999943 ], [ -56.905579685999953, -22.266386269999941 ], [ -56.996415283999966, -22.22242386299996 ], [ -57.082583153999963, -22.251068775999954 ], [ -57.202247998999951, -22.210651 ], [ -57.237234998999952, -22.250678 ], [ -57.29160799899995, -22.217738 ], [ -57.321028998999964, -22.245292 ], [ -57.445990998999946, -22.186762 ], [ -57.578595998999958, -22.175375 ], [ -57.575398599999971, -22.110563313999933 ], [ -57.529398980999986, -22.137391630999957 ], [ -57.481686175999982, -21.985570888999973 ], [ -57.645300420999945, -22.042835430999958 ], [ -57.624268711999946, -21.902930994999963 ], [ -57.581211928999949, -21.855828937999945 ], [ -57.493217547999961, -21.876633875999971 ], [ -57.460272903999964, -21.849205740999935 ], [ -57.500859464999962, -21.837115708999931 ], [ -57.521529087999966, -21.743865181999979 ], [ -57.632198357999982, -21.799154935999979 ], [ -57.660839415999988, -21.752861869999947 ], [ -57.624647956999979, -21.742618068999946 ], [ -57.615498556999967, -21.65830023999996 ], [ -57.538485986999945, -21.644930059999979 ], [ -57.482803000999979, -21.747449560999939 ], [ -57.449537612999961, -21.744716034999954 ], [ -57.433944072999964, -21.704198819999931 ], [ -57.464067497999963, -21.66056442699994 ], [ -57.397640707999983, -21.657436917999974 ], [ -57.393350208999948, -21.623082289999957 ], [ -57.443280896999966, -21.589553820999981 ], [ -57.461144539999964, -21.634122071999968 ], [ -57.507115925999983, -21.605447242999958 ], [ -57.609012872999983, -21.618747320999944 ], [ -57.637050743999964, -21.595647937999956 ], [ -57.610209684999973, -21.507934745999933 ], [ -57.526858642999969, -21.485387707999962 ], [ -57.529001604999962, -21.524581558999955 ], [ -57.491543796999963, -21.521744309999974 ], [ -57.469971076999968, -21.487323459999971 ], [ -57.500827672999947, -21.44206554699997 ], [ -57.412731105999967, -21.422151576999966 ], [ -57.384436560999973, -21.447898659999964 ], [ -57.442231593999963, -21.46291228299998 ], [ -57.461554856999953, -21.559797230999948 ], [ -57.403523517999986, -21.593439994999983 ], [ -57.395672829999967, -21.562305015999982 ], [ -57.315140109999959, -21.555711704999965 ], [ -57.350816755999972, -21.517792377999967 ], [ -57.311139070999957, -21.486002028999962 ], [ -57.331823689999965, -21.440641263999964 ], [ -57.243503530999988, -21.471899676999953 ], [ -57.304758075999985, -21.363874237999937 ], [ -57.28685306899996, -21.295617323999977 ], [ -57.235242790999962, -21.258788709999976 ], [ -57.255553708999969, -21.205673388999969 ], [ -57.165281228999959, -21.250341873999957 ], [ -57.099819044999947, -21.207390531999977 ], [ -57.116479667999954, -21.149403724999956 ], [ -57.236433247999969, -21.164556519999962 ], [ -57.23336279199998, -21.093260809999947 ], [ -57.329616474999966, -21.031311880999965 ], [ -57.323346520999962, -20.922894946999975 ], [ -57.353435347999948, -20.909012687999962 ], [ -57.229614186999981, -20.928993716999969 ], [ -57.141024873999982, -21.107023074999972 ], [ -57.168488294999975, -20.971582076999937 ], [ -57.130441660999963, -20.937959613999965 ], [ -57.144299426999964, -20.893912345999979 ], [ -57.188984246999951, -20.93114505799997 ], [ -57.193880694999962, -20.888497580999967 ], [ -57.173626101999957, -20.850185134999947 ], [ -57.137378086999945, -20.858246420999933 ], [ -57.159117764999962, -20.78649537299998 ], [ -57.103792411999962, -20.779000264999979 ], [ -57.136816255999975, -20.75062772299998 ], [ -57.167327346999969, -20.776726131999965 ], [ -57.228856354999948, -20.71268430899994 ], [ -57.228331967999964, -20.672963871999968 ], [ -57.174318505999963, -20.68087475599998 ], [ -57.173625982999965, -20.627248437999981 ], [ -57.127128302999949, -20.617113895999978 ], [ -57.164238487999967, -20.598112465999975 ], [ -57.188775137999983, -20.486890625999933 ], [ -57.146575785999971, -20.489986524999949 ], [ -57.131087881999974, -20.588547673999983 ], [ -57.100380091999966, -20.550942343999964 ], [ -57.071579862999954, -20.594930962999968 ], [ -57.00213826199996, -20.607134568999982 ], [ -56.984677602999966, -20.583604040999944 ], [ -57.021977236999987, -20.578769463999947 ], [ -57.01984687199996, -20.537179447999961 ], [ -56.913831933999973, -20.560034918999975 ], [ -56.97148604399996, -20.482568859999958 ], [ -57.025994537999964, -20.466989056999978 ], [ -56.962639865999961, -20.433929530999933 ], [ -57.026315089999969, -20.348424454999929 ], [ -56.947359347999964, -20.327641939999978 ], [ -56.982913917999952, -20.209401767999964 ], [ -57.022042357999965, -20.212400103999983 ], [ -57.075271350999969, -20.114683443999979 ], [ -57.126633466999976, -20.132989195999983 ], [ -57.214852322999945, -20.090776367999979 ], [ -57.346876895999969, -20.093319038999937 ], [ -57.265681473999962, -19.916971989999979 ], [ -57.210081542999944, -19.878781000999936 ], [ -57.188122142999987, -19.898302020999949 ], [ -57.113908724999987, -19.819379546999983 ], [ -57.034277624999959, -19.821823815999949 ], [ -57.038983322999968, -19.775859384999933 ], [ -56.946083878999957, -19.782589475999941 ], [ -56.75053874699995, -19.960147676999952 ], [ -56.758212516999947, -20.001383467999972 ], [ -56.679232147999983, -20.15156400799998 ], [ -56.613365564999981, -20.082024719999936 ], [ -56.607749715999944, -20.139557157999946 ], [ -56.543380539999987, -20.15526458599993 ], [ -56.545022500999949, -20.188858628999981 ], [ -56.474824269999942, -20.177677754999934 ], [ -56.50517832099996, -20.219605734999959 ], [ -56.646094263999942, -20.23050049099993 ], [ -56.684958595999944, -20.265097681999976 ], [ -56.684356819999948, -20.321145031999947 ], [ -56.622797312999978, -20.362930651999932 ], [ -56.574957704999974, -20.274845622999976 ], [ -56.459434130999966, -20.247454739999966 ], [ -56.440794445999984, -20.292121815999963 ], [ -56.480924507999987, -20.331170013999952 ], [ -56.451368117999948, -20.349570977999974 ], [ -56.426087862999964, -20.321676688999958 ], [ -56.417472939999982, -20.403580337999927 ], [ -56.379030518999969, -20.36584583399997 ], [ -56.384554882999964, -20.230096622999952 ], [ -56.417183060999946, -20.205852888999971 ], [ -56.377531870999974, -20.145460696999976 ], [ -56.456608763999952, -20.146457446999932 ], [ -56.48257179899997, -20.099544646999959 ], [ -56.439007784999944, -20.097215228999971 ], [ -56.459461075999968, -20.068414278999967 ], [ -56.392128810999964, -20.028099690999966 ], [ -56.439856721999945, -20.028469101999974 ], [ -56.465785290999975, -19.993913828999951 ], [ -56.422471840999947, -19.93809852499993 ], [ -56.474078665999969, -19.903419694999968 ], [ -56.467311862999964, -19.873145744999931 ], [ -56.411418273999971, -19.875544374999947 ], [ -56.377112765999982, -19.931826710999928 ], [ -56.295645528999955, -19.968372338999927 ], [ -56.247456701999965, -20.117819228999963 ], [ -56.235391731999982, -19.959364916999959 ], [ -56.203740735999986, -19.969895282999971 ], [ -56.201100921999966, -20.073277362999931 ], [ -56.15658173099996, -20.120641986999942 ], [ -56.105245571999944, -20.093974517999982 ], [ -56.076966170999981, -20.134868007999955 ], [ -56.044426115999954, -20.088597497999956 ], [ -56.014867741999979, -20.222939 ], [ -56.037146519999965, -20.299963482999942 ], [ -55.989413272999968, -20.344181400999958 ], [ -56.013363005999963, -20.41737 ], [ -55.93316880499998, -20.432718294999972 ], [ -55.878426458999968, -20.390444361999982 ], [ -55.843450600999972, -20.440353196999979 ], [ -55.817957552999985, -20.400131081999973 ], [ -55.832272195999963, -20.348839772999952 ], [ -55.71470973199996, -20.236876001999974 ], [ -55.698502691999977, -20.127709393999965 ], [ -55.596614185999954, -20.097637757999962 ], [ -55.64817831299996, -20.054628538999964 ], [ -55.519099468999968, -19.946683955999958 ], [ -55.489566187999969, -19.957968759999972 ], [ -55.430937436999955, -19.762587290999932 ], [ -55.406420501999946, -19.721342513999957 ], [ -55.367095048999943, -19.723872467999968 ], [ -55.315322850999962, -19.572230390999948 ], [ -55.235131603999946, -19.484682745999976 ], [ -55.122687386999985, -19.170689902999982 ], [ -55.094483516999958, -19.160527470999966 ], [ -55.103032603999964, -19.116310709999937 ], [ -55.074235664999946, -19.10920888499993 ], [ -55.098229466999953, -19.077694879999967 ], [ -55.061558497999954, -18.926846415999933 ], [ -54.976374997999983, -18.817873683999949 ], [ -54.969001438999953, -18.637598939999975 ], [ -54.943014696999967, -18.633550109999931 ], [ -54.881663518999972, -18.45844449599997 ], [ -54.902308196999968, -18.332430882999972 ], [ -54.86038033799997, -18.26288472899995 ], [ -54.854054575999953, -18.07181213399997 ], [ -54.793913343999975, -18.004580770999951 ], [ -54.897907301999965, -17.926738344999933 ], [ -54.922686305999946, -17.642969529999959 ], [ -54.957063501999983, -17.638333457999977 ], [ -54.970815737999942, -17.544047242999966 ], [ -55.024708000999965, -17.519169332999979 ], [ -55.178091083999959, -17.623382429999936 ], [ -55.252238488999978, -17.565208402999929 ], [ -55.231770572999949, -17.441169944999956 ], [ -55.270196906999956, -17.395074004999969 ], [ -55.206114342999967, -17.308201159999953 ], [ -55.182254019999959, -17.377761974999942 ], [ -55.140073668999946, -17.395390741999961 ], [ -55.153538823999952, -17.449693768999964 ], [ -55.021404633999964, -17.489321640999947 ], [ -54.965110424999978, -17.430358438999974 ], [ -54.982716133999986, -17.388785887999973 ], [ -54.94012066199997, -17.360385834999931 ], [ -54.940532510999958, -17.289278739999929 ], [ -54.995340356999975, -17.256762694999964 ], [ -54.956476429999952, -17.214582632999964 ], [ -54.983996212999955, -17.198926504999974 ], [ -54.914893175999964, -17.136148078999952 ], [ -54.946402371999966, -17.053312185999971 ], [ -54.919265337999946, -17.025935760999971 ], [ -54.959709901999986, -16.951799480999966 ], [ -54.919950380999978, -16.835817804999976 ], [ -54.928232372999958, -16.786734095999975 ], [ -54.976250767999943, -16.756369329999927 ], [ -54.970074155999953, -16.717619792999926 ], [ -55.022570732999952, -16.684686855999928 ], [ -54.940494249999972, -16.467266336999955 ], [ -55.240884917999949, -16.622017162999953 ], [ -55.42283858899998, -16.652793845999952 ], [ -55.432536015999972, -16.630980523999938 ], [ -55.335640566999984, -16.573261184999978 ], [ -55.359610867999947, -16.553990108999926 ], [ -55.311693820999949, -16.505037288999972 ], [ -55.398743377999949, -16.40530339999998 ], [ -55.377820811999982, -16.36624164899996 ], [ -55.397813824999957, -16.327017094999974 ], [ -55.522638686999983, -16.318968634999976 ], [ -55.554904943999986, -16.290980531999935 ], [ -55.534607964999964, -16.25304545399996 ], [ -55.554509830999962, -16.236950695999951 ], [ -55.484996372999944, -16.177273861999936 ], [ -55.506665945999941, -16.11892407199997 ], [ -55.549211421999985, -16.141209793999963 ], [ -55.593068973999948, -16.107931844999939 ], [ -55.657137005999971, -16.137495520999948 ], [ -55.666916378999986, -16.280831538999962 ], [ -55.713540216999945, -16.298937592999948 ], [ -55.758466960999954, -16.266606306999961 ], [ -55.810538981999969, -16.296313256999952 ], [ -55.741902409999966, -16.161231008999948 ], [ -55.701321374999964, -16.144848139999965 ], [ -55.728660553999987, -16.121389294999972 ], [ -55.638403389999951, -15.979421543999933 ], [ -55.68351340199996, -16.011641887999929 ], [ -55.706672263999963, -15.984739128999934 ], [ -55.823088010999982, -16.091908943999954 ], [ -55.765790178999964, -15.957319720999976 ], [ -55.857835777999981, -15.957154368999966 ], [ -55.824916365999968, -15.897717711999974 ], [ -55.869522219999965, -15.87986058499996 ], [ -55.864664240999957, -15.806775659999971 ], [ -55.914642365999953, -15.827898910999977 ], [ -55.911946114999978, -15.790567861999932 ], [ -55.866797760999987, -15.772053936999953 ], [ -55.891034711999964, -15.758534331999954 ], [ -55.980621044999964, -15.780988314999945 ], [ -56.026718812999945, -15.855446357999938 ], [ -56.069751469999972, -15.869897802999958 ], [ -56.128777901999968, -15.823599414999933 ], [ -56.168996331999949, -16.031140670999946 ], [ -56.228077954999947, -16.025680741999963 ], [ -56.218193397999983, -16.056497523999951 ], [ -56.26716184199995, -16.084722728999964 ], [ -56.284559798999965, -16.05433136399995 ], [ -56.354439298999978, -16.055660376999981 ], [ -56.378981993999957, -16.007606685999974 ], [ -56.39128911499995, -16.037588767999978 ], [ -56.466883276999965, -16.003325728999982 ], [ -56.417970498999978, -16.047870758999977 ], [ -56.464880433999951, -16.143551354999943 ], [ -56.43443128499996, -16.168609165999953 ], [ -56.392274437999959, -16.129742735999969 ], [ -56.357073901999968, -16.153248426999937 ], [ -56.333413735999954, -16.240033824999955 ], [ -56.406775607999975, -16.247691026999973 ], [ -56.400744883999948, -16.214037193999957 ], [ -56.467686968999942, -16.198231372999942 ], [ -56.520489190999967, -16.127513243999942 ], [ -56.553817950999985, -16.168044750999968 ], [ -56.599306881999951, -16.12775752899995 ], [ -56.610890258999973, -16.156674494999947 ], [ -56.563007041999981, -16.198540373999947 ], [ -56.584690068999976, -16.264271295999947 ], [ -56.543642355999964, -16.32467070499996 ], [ -56.597728250999978, -16.314105555999959 ], [ -56.617081456999983, -16.345293574999971 ], [ -56.671285611999963, -16.320602325999971 ], [ -56.645807910999963, -16.359264930999927 ], [ -56.690609368999958, -16.385668662999933 ], [ -56.732101632999957, -16.370194855999955 ], [ -56.719383579999942, -16.320424915999979 ], [ -56.811598598999979, -16.336616049999975 ], [ -56.817860476999954, -16.40307017799995 ], [ -56.848721939999962, -16.286784363999971 ], [ -56.883977493999964, -16.31810416899998 ], [ -56.897709361999944, -16.243028256999935 ], [ -56.93994334599995, -16.230155015999969 ], [ -56.87859154399996, -16.195092116999945 ], [ -56.875916654999969, -16.162286366999979 ], [ -56.94497058099995, -16.15017660999996 ], [ -57.056551837999962, -16.225643571999967 ], [ -57.053043799999955, -16.16685803799993 ], [ -57.088097395999966, -16.142558939999958 ], [ -57.05373777899996, -16.126002645999961 ], [ -57.066456197999969, -16.09707698099993 ], [ -57.030544923999969, -16.087861210999961 ], [ -57.024534914999947, -16.04324203699997 ], [ -57.067900842999961, -16.072561665999956 ], [ -57.070229524999945, -16.017547730999979 ], [ -57.121932342999969, -15.995211053999981 ], [ -57.105671173999951, -15.943912215999944 ], [ -57.181768955999985, -15.923301461999927 ], [ -57.286681528999964, -16.049629356999958 ], [ -57.345645564999984, -16.188458491999938 ], [ -57.402792670999986, -16.207637370999976 ], [ -57.476835260999962, -16.528110516999959 ], [ -57.580850174999966, -16.611051760999942 ], [ -57.615602128999967, -16.590089061999947 ], [ -57.657682248999947, -16.696250745999976 ], [ -57.679581906999942, -16.628083174999972 ], [ -57.720078379999961, -16.646715554999957 ], [ -57.773009148999961, -16.613182734999953 ], [ -57.840384440999969, -16.702128838999954 ], [ -57.84029385599996, -16.577653403999932 ], [ -57.756466100999944, -16.342250798999942 ], [ -57.688255915999946, -16.267606161999936 ], [ -57.480239737999966, -15.783222721999948 ], [ -57.512187513999947, -15.756793720999951 ], [ -57.482708835999972, -15.650469329999964 ], [ -57.405530051999961, -15.565329930999951 ], [ -57.37014325399997, -15.565480436999962 ], [ -57.224737643999958, -15.303537998999957 ], [ -57.108801057999983, -15.322582056999977 ], [ -57.03630153499995, -15.233400789999962 ], [ -57.120038676999968, -15.144563244999972 ], [ -57.190166839999961, -15.171516854999936 ], [ -57.228408259999981, -15.103478204999931 ], [ -57.035762559999966, -15.102295163999941 ], [ -57.00892106699996, -15.044875402999935 ], [ -56.941632098999946, -15.048564732999978 ], [ -56.885651330999963, -15.012135120999972 ], [ -56.832474780999974, -14.936409869999977 ], [ -56.792305938999959, -14.772459592999951 ], [ -56.748313995999979, -14.749717007999948 ], [ -56.758749010999964, -14.699320168999975 ], [ -56.710377851999965, -14.669302115999926 ], [ -56.714122790999966, -14.617388597999934 ], [ -56.667422398999975, -14.564557497999942 ], [ -56.673294986999963, -14.507220320999977 ], [ -56.766957587999968, -14.460807336999949 ], [ -56.706144708999943, -14.47796539899997 ], [ -56.663791561999972, -14.429202144999977 ], [ -56.504310473999965, -14.38683019399997 ], [ -56.50195873499996, -14.332505665999975 ], [ -56.540319161999946, -14.334680777999949 ], [ -56.520004433999986, -14.300722791999931 ], [ -56.550706690999959, -14.301353389999974 ], [ -56.511461079999947, -14.273912673999973 ], [ -56.731590426999958, -14.177668801999971 ], [ -56.786566496999967, -14.276980784999978 ], [ -56.789421245999961, -14.187860314999966 ], [ -56.824902236999947, -14.15162640799997 ], [ -56.853886044999967, -14.193116920999955 ], [ -56.94642728599996, -14.164403796999977 ], [ -56.997904343999949, -14.21024711299998 ], [ -57.134978716999967, -14.166780653999979 ], [ -57.216410876999987, -14.226262582999937 ], [ -57.215042402999984, -14.200806087999979 ], [ -57.282932639999956, -14.200183894999952 ], [ -57.367979088999959, -14.24677879799998 ], [ -57.408960726999965, -14.228335906999973 ], [ -57.45359216199995, -14.298768189999976 ], [ -57.570506918999968, -14.314095356999928 ], [ -57.696836250999979, -14.402460848999965 ], [ -57.785455580999951, -14.403626379999935 ], [ -57.880761155999949, -14.511037140999974 ], [ -57.968455889999973, -14.520764308999958 ], [ -58.103813389999971, -14.636245171999974 ], [ -58.04924959899995, -14.695493582999973 ], [ -58.126400162999971, -14.72755400799997 ], [ -58.171212413999967, -14.873973628999977 ], [ -58.088417625999966, -14.885172057999966 ], [ -58.09798355199996, -14.916680217999954 ], [ -58.306091538999965, -15.003224198999931 ], [ -58.202228303999959, -15.104706435999958 ], [ -58.205135480999957, -15.180138109999973 ], [ -58.253573575999951, -15.084024807999981 ], [ -58.298285608999947, -15.064153079999926 ], [ -58.287655844999961, -15.136893507999957 ], [ -58.348998534999964, -15.069933787999958 ], [ -58.379209465999963, -15.101152586999945 ], [ -58.46295751599996, -15.057471395999926 ], [ -58.509885441999984, -15.100283650999927 ], [ -58.530993764999948, -15.050997672999927 ], [ -58.536759993999965, -15.12276882499998 ], [ -58.62594586299997, -15.13312549799997 ], [ -58.660654361999946, -15.212485759999936 ], [ -58.76322406099996, -15.027708267999969 ], [ -58.757230728999957, -15.096981942999946 ], [ -58.831739177999964, -15.038361496999926 ], [ -58.851243883999985, -15.062193185999945 ], [ -58.798464611999975, -15.118390448999946 ], [ -58.856746227999963, -15.128258203999962 ], [ -58.904512160999957, -15.045663142999956 ], [ -58.940143473999967, -15.068251047999979 ], [ -58.974595920999946, -14.99724082299997 ], [ -58.97128571899998, -15.03789313599998 ], [ -59.024249549999979, -15.058072473999971 ], [ -59.063090028999966, -14.970729749999975 ], [ -59.159193052999967, -14.937186673999975 ], [ -59.22481970299998, -14.873332869999956 ], [ -59.221716423999965, -14.763108296999974 ], [ -59.329304005999973, -14.728780425999958 ], [ -59.283349012999963, -14.68584266199997 ], [ -59.329330001999949, -14.673384792999968 ], [ -59.333537409999963, -14.637625368999977 ], [ -59.408922548999954, -14.625601723999978 ], [ -59.43568948799998, -14.532061731999931 ], [ -59.494539128999975, -14.497410816999945 ], [ -59.453246500999967, -14.488341182999932 ], [ -59.510591058999978, -14.429743585999972 ], [ -59.507659840999963, -14.392870149999965 ], [ -59.546531734999974, -14.40068780799993 ], [ -59.535314812999957, -14.304155505999972 ], [ -59.590158966999979, -14.24140644199997 ], [ -59.545151702999988, -14.099058508999974 ], [ -59.635781747999943, -14.010739342999955 ], [ -59.629784097999959, -13.934419506999973 ], [ -59.71915013399996, -13.959338332999948 ], [ -59.73777180999997, -13.904156417999957 ], [ -59.787845708999953, -13.890763307999975 ], [ -59.774365917999944, -13.801061792999974 ], [ -59.802369949999957, -13.730783901999928 ], [ -59.742707676999942, -13.738368432999948 ], [ -59.694011592999971, -13.833964797999954 ], [ -59.656812004999949, -13.859099685999979 ], [ -59.648834301999955, -13.834228584999948 ], [ -59.768911691999961, -13.652949268999976 ], [ -59.798168699999962, -13.705218388999981 ], [ -59.823162469999943, -13.698221032999982 ], [ -59.801654651999968, -13.624154072999943 ], [ -59.766618568999945, -13.634156166999958 ], [ -59.768914502999962, -13.587772295999969 ], [ -59.909257696999987, -13.476689490999945 ], [ -59.854093020999983, -13.413865873999953 ], [ -59.929394158999969, -13.333606760999942 ], [ -59.911540298999967, -13.262283089999926 ], [ -59.969393096999966, -13.203509793999956 ], [ -59.945470153999963, -13.132702416999962 ], [ -59.846189147999951, -13.274355090999961 ], [ -59.797817961999954, -13.265003561999947 ], [ -59.845970818999945, -13.228529985999955 ], [ -59.798385292999967, -13.177141965999965 ], [ -59.763267381999981, -13.191429312999958 ], [ -59.747868368999946, -13.366048176999982 ], [ -59.691832172999966, -13.193301951999956 ], [ -59.713629967999964, -13.185594184999957 ], [ -59.687107854999965, -13.16762113599998 ], [ -59.706262709999976, -13.130255574999978 ], [ -59.649002246999942, -13.04501817199997 ], [ -59.682366004999949, -13.028124694999974 ], [ -59.675365529999965, -12.973843316999933 ], [ -59.618141982999987, -12.958780162999972 ], [ -59.609962030999952, -12.922288371999969 ], [ -59.668440765999947, -12.895766735999928 ], [ -59.646295202999966, -12.933522743999958 ], [ -59.699129985999946, -12.939455101999954 ], [ -59.699401983999962, -13.002089976999969 ], [ -59.729548424999962, -13.006328781999969 ], [ -59.770888267999965, -12.948209057999975 ], [ -59.737409912999965, -12.892954337999981 ], [ -59.787063629999977, -12.894812347999959 ], [ -59.810560442999986, -12.862956498999949 ], [ -59.88467727799997, -12.888182423999979 ], [ -59.875797529999943, -12.850532081999972 ], [ -59.911291894999977, -12.833667272999946 ], [ -59.923442662999946, -12.981936564999955 ], [ -59.991913955999962, -12.927939963999961 ], [ -60.037318984999956, -12.958927299999971 ], [ -60.009779366999965, -12.908071744999972 ], [ -60.043731554999965, -12.727241101999937 ], [ -60.005673119999983, -12.744595079999954 ], [ -59.954450240999961, -12.701972961999957 ], [ -59.997965626999985, -12.642205106999938 ], [ -59.950125004999961, -12.643087640999966 ], [ -59.977814653999985, -12.613490768999952 ], [ -59.953223212999944, -12.581008337999947 ], [ -59.984748927999988, -12.564754264999976 ], [ -59.949846382999965, -12.454345387999979 ], [ -60.017427530999953, -12.491238227999929 ], [ -60.080881596999973, -12.448010674999978 ], [ -60.094332863999966, -12.466353348999974 ], [ -60.093555893999962, -12.552843315999951 ], [ -60.036402072999977, -12.556369346999929 ], [ -60.041429449999953, -12.593217048999975 ], [ -60.09344525399996, -12.61131013399995 ], [ -60.067204363999963, -12.63525204299998 ], [ -60.093575754999961, -12.676257964999934 ], [ -60.04783142399998, -12.700450572999955 ], [ -60.082630680999955, -12.733399049999946 ], [ -60.058955263999962, -12.775123663999977 ], [ -60.096654120999972, -12.901297204999935 ], [ -60.161132628999951, -12.854062347999957 ], [ -60.132934397999975, -12.800839163999967 ], [ -60.158439408999982, -12.72358924699995 ], [ -60.224943520999943, -12.72148584599995 ], [ -60.32826797599995, -12.65710592399995 ], [ -60.353744130999985, -12.547619426999972 ], [ -60.430803336999986, -12.541156992999959 ], [ -60.46629982099995, -12.50115944099997 ], [ -60.468513679999944, -12.47036843799998 ], [ -60.410756879999951, -12.44559 ], [ -60.346807158999979, -12.441886389999979 ], [ -60.345626642999946, -12.483742053999947 ], [ -60.314872303999948, -12.46368698699996 ], [ -60.374107737999964, -12.382515794999961 ], [ -60.366591994999965, -12.32358204999997 ], [ -60.350831661999962, -12.355465973999969 ], [ -60.324223031999963, -12.323812754999949 ], [ -60.296551354999963, -12.405827301999977 ], [ -60.229674566999961, -12.45717747599997 ], [ -60.129473585999961, -12.420318290999944 ], [ -60.159150529999977, -12.386935986999958 ], [ -60.138589956999965, -12.350101478999932 ], [ -60.189378413999975, -12.361124083999925 ], [ -60.23656839399996, -12.310335900999974 ], [ -60.221581283999967, -12.285018031999925 ], [ -60.185996055999965, -12.302843589999952 ], [ -60.221170254999947, -12.268852338999977 ], [ -60.175015860999963, -12.261696246999975 ], [ -60.211786664999977, -12.233724605999953 ], [ -60.215040958999964, -12.182017826999981 ], [ -60.245499821999942, -12.188608891999934 ], [ -60.29717713399998, -12.135185081999964 ], [ -60.306310174999965, -12.073818707999976 ], [ -60.220088038999961, -12.147701806999976 ], [ -60.176730719999966, -12.12002507699998 ], [ -60.158694408999963, -12.200598945999957 ], [ -60.130262292999987, -12.19761322599993 ], [ -60.095950606999963, -12.252497572999971 ], [ -60.053264170999967, -12.210989537999978 ], [ -60.136579078999944, -12.166370375999975 ], [ -60.107286162999969, -12.135490968999932 ], [ -60.021773764999978, -12.192713924999964 ], [ -59.987052852999966, -12.180512580999959 ], [ -59.967278187999966, -12.126926727999944 ], [ -60.003042039999968, -12.139320795999936 ], [ -60.024381508999966, -12.092613386999972 ], [ -60.003811730999985, -12.026456430999929 ], [ -59.983045907999951, -12.068080373999976 ], [ -59.965013455999951, -12.047707869999954 ], [ -59.989497562999986, -11.907077782999977 ], [ -59.945059132999972, -11.889668020999977 ], [ -59.93610167199995, -11.844550768999966 ], [ -59.97115112399996, -11.801556846999972 ], [ -59.872662772999945, -11.866918600999952 ], [ -59.850510405999955, -11.822011743999951 ], [ -59.835379437999961, -11.860414461999937 ], [ -59.740912769999966, -11.876657603999945 ], [ -59.735789686999965, -11.921674616999951 ], [ -59.818101456999955, -11.965369882999937 ], [ -59.81462232299998, -12.007431336999957 ], [ -59.72532063899996, -12.037344969999936 ], [ -59.695527220999963, -12.010722838999982 ], [ -59.662924038999961, -12.060378309999976 ], [ -59.667867100999956, -11.945641084999977 ], [ -59.654991565999978, -11.995363271999963 ], [ -59.623517350999975, -11.984258373999978 ], [ -59.630273200999966, -12.036775872999954 ], [ -59.542237153999963, -11.960043410999958 ], [ -59.524998884999945, -11.994367863999969 ], [ -59.498947963999967, -11.976966048999941 ], [ -59.514544722999972, -12.02324662999996 ], [ -59.454262220999965, -12.041328241999963 ], [ -59.44996791899996, -12.006731665999951 ], [ -59.380572431999951, -12.017397398999947 ], [ -59.350500797999985, -11.989167454999972 ], [ -59.348803779999969, -11.947966031999954 ], [ -59.411276499999985, -11.918517926999982 ], [ -59.377192894999951, -11.913177524999981 ], [ -59.374932289999947, -11.876382919999969 ], [ -59.317159029999971, -11.888309937999963 ], [ -59.280344386999957, -11.857518252999967 ], [ -59.280356948999952, -11.884091429999955 ], [ -59.233335762999957, -11.888470022999968 ], [ -59.250236843999971, -11.913195840999947 ], [ -59.216450777999967, -11.950849034999976 ], [ -59.110750792999966, -11.994903908999959 ], [ -59.038447014999974, -11.984229160999973 ], [ -58.847382438999944, -12.105206562999967 ], [ -58.795005604999972, -12.073682653999981 ], [ -58.805295894999972, -12.101312331999964 ], [ -58.682574578999947, -12.119615413999952 ], [ -58.497762096999963, -11.95948866699996 ], [ -58.444323807999979, -11.964364739999951 ], [ -58.432508449999943, -12.054668614999969 ], [ -58.465193640999985, -12.130645153999978 ], [ -58.397815549999962, -12.169128545999968 ], [ -58.436416104999978, -12.199031082999966 ], [ -58.383292574999984, -12.275924183999962 ], [ -58.42404830199996, -12.325348832999964 ], [ -58.380739820999963, -12.362568686999964 ], [ -58.389569303999963, -12.457313283999952 ], [ -58.303345478999972, -12.406759998999974 ], [ -58.230177666999964, -12.486591215999965 ], [ -58.217978667999944, -12.405074712999976 ], [ -58.085401567999952, -12.32216772299995 ], [ -58.033583672999953, -12.34783863499996 ], [ -58.022664734999978, -12.399228989999926 ], [ -57.980023552999967, -12.354300017999947 ], [ -57.95743239799998, -12.386018558999979 ], [ -57.982121767999956, -12.429718390999938 ], [ -57.918706903999976, -12.432767716999933 ], [ -57.896959426999956, -12.540379557999927 ], [ -57.864569176999964, -12.532341822999967 ], [ -57.879882434999956, -12.453943872999957 ], [ -57.855901182999958, -12.411667502999933 ], [ -57.775029519999975, -12.484492793999948 ], [ -57.79406411399998, -12.511649803999944 ], [ -57.771113050999986, -12.582134583999959 ], [ -57.801799962999951, -12.608173935999957 ], [ -57.763122357999976, -12.613555421999934 ], [ -57.776284854999972, -12.666638474999957 ], [ -57.842744886999981, -12.642816300999982 ], [ -57.879415981999955, -12.715824841999961 ], [ -57.916121425999961, -12.661502101999929 ], [ -57.97458665299996, -12.699092199999939 ], [ -57.936691669999959, -12.687645015999976 ], [ -57.930637218999948, -12.720066774999964 ], [ -58.030735250999953, -12.74784017199994 ], [ -58.031185654999945, -12.774079345999951 ], [ -57.925832319999984, -12.753009940999959 ], [ -57.968084333999968, -12.786855969999976 ], [ -57.93274502099996, -12.807729927999958 ], [ -58.002228739999964, -12.838060398999971 ], [ -57.94212891899997, -12.888320054999951 ], [ -58.031307021999964, -12.92498610399997 ], [ -57.970937765999963, -12.950507483999957 ], [ -58.029057811999962, -13.006451227999946 ], [ -57.987054571999977, -13.044391648999976 ], [ -57.999163558999953, -13.06936044899993 ], [ -57.947626166999953, -13.070249215999979 ], [ -57.921096328999965, -13.119256435999944 ], [ -57.82833227499998, -13.099248044999968 ], [ -57.881377667999971, -13.056309751999947 ], [ -57.865814324999974, -13.024618935999968 ], [ -57.780728303999979, -13.029792570999973 ], [ -57.720017693999978, -13.137994181999943 ], [ -57.762158523999972, -13.18000104999993 ], [ -57.725303301999986, -13.211057788999938 ], [ -57.745278819999953, -13.261382482999977 ], [ -57.681547472999966, -13.218260467999926 ], [ -57.652152582999975, -13.262104272999977 ], [ -57.550696993999964, -13.285453394999934 ], [ -57.54925904299995, -13.345077427999968 ], [ -57.507187965999947, -13.334651640999937 ], [ -57.512031946999969, -13.404811506999977 ], [ -57.438436939999974, -13.503602008999962 ], [ -57.457058524999979, -13.539617479999947 ], [ -57.410833495999952, -13.524758374999976 ], [ -57.384989256999972, -13.468380631999935 ], [ -57.362783318999959, -13.511725475999981 ], [ -57.325323886999968, -13.513963070999978 ], [ -57.331362870999953, -13.594041896999954 ], [ -57.276633512999979, -13.615402651999943 ], [ -57.306982327999947, -13.714930285999969 ], [ -57.228461782999943, -13.567417697999929 ], [ -57.208345182999949, -13.614480915999934 ], [ -57.143816183999945, -13.637435694999965 ], [ -57.183027065999966, -13.651461085999927 ], [ -57.191776171999948, -13.717055042999959 ], [ -57.118642213999976, -13.686556588999963 ], [ -57.09779552599997, -13.634694345999947 ], [ -57.042976268999951, -13.690988523999977 ], [ -56.986116753999966, -13.616663703999961 ], [ -56.963111886999968, -13.670718124999951 ], [ -56.92934867699995, -13.648104382999975 ], [ -56.925558022999951, -13.675823261999938 ], [ -56.863006539999958, -13.686949020999975 ], [ -56.864655136999943, -13.718896738999945 ], [ -56.821028041999966, -13.709967983999945 ], [ -56.899183799999946, -13.784913692999964 ], [ -56.972355211999968, -13.783633534999979 ], [ -56.982166556999971, -13.810684665999929 ], [ -56.942271214999948, -13.82304934299998 ], [ -56.996803755999963, -13.880706011999962 ], [ -56.936198312999977, -13.884546653999962 ], [ -56.886984517999963, -13.845912605999956 ], [ -56.867280056999959, -13.887426547999951 ], [ -56.807575776999954, -13.907411236999963 ], [ -56.810188469999957, -13.944397439999932 ], [ -56.97716141899997, -13.929572509999957 ], [ -57.021392220999985, -13.966226813999981 ], [ -56.912582787999952, -13.94964295699998 ], [ -56.82796835299996, -14.027284255999973 ], [ -56.764096409999979, -14.016867939999941 ], [ -56.755927486999951, -14.072930034999956 ], [ -56.640638919999958, -14.020453805999978 ], [ -56.706887432999963, -13.948950654999976 ], [ -56.628153459999965, -13.952674015999946 ], [ -56.578243733999955, -13.919022015999928 ], [ -56.602420081999981, -13.853472521999947 ], [ -56.688580019999961, -13.882334184999934 ], [ -56.708494108999957, -13.855704085999946 ], [ -56.647357836999959, -13.802455282999972 ], [ -56.63448766199997, -13.736302858999977 ], [ -56.590158032999966, -13.71500191399997 ], [ -56.639442195999948, -13.666744340999969 ], [ -56.570993104999957, -13.63840146299998 ], [ -56.545531821999987, -13.588671757999975 ], [ -56.491581986999961, -13.600639127999955 ], [ -56.460828532999983, -13.738192666999964 ], [ -56.380410268999981, -13.854997038999954 ], [ -56.240070988999946, -13.823013657999979 ], [ -56.264456353999947, -13.775061401999949 ], [ -56.212523511999962, -13.738442683999949 ], [ -56.211325238999962, -13.664778338999952 ], [ -56.154037158999984, -13.726017044999935 ], [ -56.171602864999954, -13.765195659999961 ], [ -56.116646388999982, -13.774183609999966 ], [ -56.110392324999964, -13.814483542999938 ], [ -56.052349936999974, -13.764713275999952 ], [ -56.001189559999943, -13.796772138999927 ], [ -55.972727870999961, -13.737709681999945 ], [ -56.028631547999964, -13.703839767999966 ], [ -56.051854443999957, -13.745829008999976 ], [ -56.070839692999982, -13.702206163999961 ], [ -56.048127945999966, -13.676191976999974 ], [ -56.091988551999975, -13.693493115999956 ], [ -56.113632272999951, -13.605110354999965 ], [ -56.086097753999979, -13.596129653999981 ], [ -56.05598232799997, -13.641252463999933 ], [ -56.033211777999952, -13.614075516999947 ], [ -56.068107391999945, -13.612168606999944 ], [ -56.059470154999985, -13.582044148999955 ], [ -56.098586771999976, -13.553569076999963 ], [ -56.149054955999986, -13.561921024999947 ], [ -56.113338336999959, -13.511526465999964 ], [ -56.18064239499995, -13.488746108999976 ], [ -56.184902965999981, -13.511569650999945 ], [ -56.285772502999976, -13.519405099999972 ], [ -56.329210189999969, -13.484814289999974 ], [ -56.326680138999961, -13.443682149999972 ], [ -56.365287510999963, -13.470725039999934 ], [ -56.344037659999969, -13.51734492199995 ], [ -56.361629201999961, -13.543784774999949 ], [ -56.49037958599996, -13.366650725999932 ], [ -56.372158531999958, -13.190147901999978 ], [ -56.346844015999977, -13.19875951299997 ], [ -56.362957260999963, -13.229140896999979 ], [ -56.298245974999986, -13.260946347999948 ], [ -56.196941210999967, -13.108614857999953 ], [ -56.221710114999951, -13.023198091999973 ], [ -56.325632148999944, -12.991083712999966 ], [ -56.368933584999979, -12.911765093999975 ], [ -56.464451910999969, -12.927498717999981 ], [ -56.450007269999958, -12.874630071999945 ], [ -56.480498618999945, -12.864660063999963 ], [ -56.400196605999952, -12.770143018999931 ], [ -56.410649819999946, -12.71479388399996 ], [ -56.368615955999985, -12.624441862999959 ], [ -56.277513819999967, -12.575744343999929 ], [ -56.242794733999972, -12.492726194999932 ], [ -56.281007486999954, -12.39778875099995 ], [ -56.241164918999971, -12.325714513999969 ], [ -56.253968549999968, -12.294753868999976 ], [ -56.22246340199996, -12.229581798999959 ], [ -56.168290043999946, -12.246779289999949 ], [ -56.192774362999955, -12.196893431999968 ], [ -56.108538014999965, -12.107550956999944 ], [ -56.077885721999962, -12.14134557899996 ], [ -56.002928857999962, -12.117706372999976 ], [ -55.998346370999968, -12.144653795999943 ], [ -56.098448541999971, -12.175864409999974 ], [ -56.105944638999972, -12.235963241999968 ], [ -56.212158071999966, -12.35912670099998 ], [ -56.145973409999954, -12.405891878999967 ], [ -56.204287376999957, -12.476793187999931 ], [ -56.143464049999977, -12.536984664999977 ], [ -56.151389477999942, -12.607659024999975 ], [ -56.090368080999951, -12.683797432999938 ], [ -55.932452063999961, -12.69251617599997 ], [ -55.921365305999984, -12.656512197999973 ], [ -56.023094385999968, -12.595888034999973 ], [ -56.013140515999964, -12.559716579999929 ], [ -56.077020388999983, -12.557241905999945 ], [ -56.090378602999976, -12.504528529999959 ], [ -55.925353555999948, -12.539162232999956 ], [ -55.79397490499997, -12.484537749999959 ], [ -55.765356420999979, -12.408342915999981 ], [ -55.720731541999953, -12.415291119999949 ], [ -55.652199684999971, -12.337504028999945 ], [ -55.600535764999961, -12.330540020999933 ], [ -55.59862177399998, -12.419266969999967 ], [ -55.531553190999944, -12.471986567999977 ], [ -55.584227942999973, -12.603400214999965 ], [ -55.487016798999946, -12.714509970999927 ], [ -55.497859034999976, -12.877868622999927 ], [ -55.392559302999985, -12.951930943999969 ], [ -55.361263584999961, -13.015159253999968 ], [ -55.338425973999961, -12.975021100999982 ], [ -55.274508795999964, -12.969271778999939 ], [ -55.28560743099996, -13.025700579999977 ], [ -55.232453986999985, -13.098061047999977 ], [ -55.183714926999983, -13.118781297999931 ], [ -55.165550645999986, -13.093843829999969 ], [ -55.149889319999943, -13.128649555999971 ], [ -55.182219726999961, -13.21959852599997 ], [ -55.154510647999984, -13.24853322599995 ], [ -55.193339312999967, -13.294446273999938 ], [ -55.174362346999942, -13.340064221999967 ], [ -55.10464064599995, -13.287243760999957 ], [ -54.974718804999952, -13.291048768999929 ], [ -54.982686051999963, -13.332109277999962 ], [ -54.938639060999947, -13.347530899999981 ], [ -54.894199953999987, -13.292732101999945 ], [ -54.892835326999943, -13.34674572199998 ], [ -54.809828200999959, -13.365634557999954 ], [ -54.727040980999959, -13.31113629999993 ], [ -54.603711013999941, -13.393010389999972 ], [ -54.556611328999963, -13.34535393799996 ], [ -54.565950051999948, -13.397573072999933 ], [ -54.53285146099995, -13.397186746999978 ], [ -54.474723194999967, -13.559511358999941 ], [ -54.379198319999944, -13.566450582999948 ], [ -54.326176324999949, -13.709615042999928 ], [ -54.24961843899996, -13.696643007999967 ], [ -54.203251352999985, -13.58158409899994 ], [ -54.051391648999981, -13.566754919999937 ], [ -54.00812082799996, -13.624756950999938 ], [ -53.991403308999963, -13.730259506999971 ], [ -53.965709449999963, -13.617829313999948 ], [ -53.936613681999972, -13.671274500999971 ], [ -53.938063997999961, -13.63040071699993 ], [ -53.841115326999955, -13.555045207999967 ], [ -53.791398515999958, -13.535654178999948 ], [ -53.780304063999949, -13.590946824999946 ], [ -53.754483582999967, -13.589216901999976 ], [ -53.676131877999978, -13.519512727999938 ], [ -53.624031918999947, -13.568095091999965 ], [ -53.585265036999942, -13.562882368999965 ], [ -53.616541678999965, -13.606816119999962 ], [ -53.601993325999956, -13.663812152999981 ], [ -53.537034761999962, -13.672736716999964 ], [ -53.44628096699995, -13.595578699999976 ], [ -53.476162974999966, -13.575712132999968 ], [ -53.416732370999966, -13.513769466999975 ], [ -53.434435513999972, -13.485788635999938 ], [ -53.399122517999956, -13.410395526999935 ], [ -53.336122512999964, -13.420475057999965 ], [ -53.288033189999965, -13.486073064999971 ], [ -53.236173363999967, -13.502406828999938 ], [ -53.195080160999964, -13.558750839999959 ], [ -53.228517430999943, -13.567733228999941 ], [ -53.229622718999963, -13.60534234499994 ], [ -53.156489596999961, -13.587442827999951 ], [ -53.183675577999963, -13.61921478599993 ], [ -53.164585922999947, -13.650113929999975 ], [ -53.096650620999981, -13.664806347999956 ], [ -53.046075328999962, -13.451200347999929 ], [ -52.940386211999964, -13.486439694999945 ], [ -52.948998843999959, -13.418716164999978 ], [ -52.907506159999969, -13.435252816999935 ], [ -52.947101186999987, -13.390327185999979 ], [ -52.938715158999969, -13.335954180999977 ], [ -52.849520415999962, -13.466038052999977 ], [ -52.63264107599997, -13.393007089999969 ], [ -52.583373887999983, -13.326117716999931 ], [ -52.485276821999946, -13.339060124999946 ], [ -52.400406558999975, -13.28300984599997 ], [ -52.392769591999979, -13.226536333999945 ], [ -52.331571734999955, -13.25010500999997 ], [ -52.335221399999966, -13.316070852999928 ], [ -52.250486257999967, -13.413052130999972 ], [ -52.270401154999945, -13.271123566999961 ], [ -52.219084110999972, -13.176726148999933 ], [ -52.221857675999956, -13.114649464999957 ], [ -52.193209428999978, -13.10265254899997 ], [ -52.18631456199995, -12.998692120999976 ], [ -52.046781347999968, -13.001135456999975 ], [ -52.033561204999955, -12.961160913999947 ], [ -51.99481934399995, -13.015244261999953 ], [ -52.010125154999969, -13.063720452999974 ], [ -51.931573778999962, -13.053747898999973 ], [ -51.878830925999978, -12.864831090999928 ], [ -51.785937728999954, -12.855215105999946 ], [ -51.79603967099996, -12.818250188999968 ], [ -51.734779411999966, -12.798573590999979 ], [ -51.749399454999946, -12.726056301999961 ], [ -51.583758328999977, -12.709766027999933 ], [ -51.516121249999969, -12.648876925999957 ], [ -51.56547323999996, -12.612837322999951 ], [ -51.460864073999971, -12.448551191999968 ], [ -51.301367532999961, -12.381552489999933 ], [ -51.166811260999964, -12.448953576999941 ], [ -51.183172310999964, -12.390475067999944 ], [ -51.088830306999967, -12.431546455999978 ], [ -51.043153244999985, -12.390155571999969 ], [ -51.034617967999964, -12.337016934999951 ], [ -51.153535753999961, -12.334786003999966 ], [ -51.058053980999944, -12.317007027999978 ], [ -51.044430902999977, -12.244967652999946 ], [ -51.171790442999963, -12.274586512999974 ], [ -51.229254766999986, -12.323541106999926 ], [ -51.201035254999965, -12.276613874999953 ], [ -51.227119842999969, -12.250698743999976 ], [ -51.301472781999962, -12.301158584999939 ], [ -51.335207548999961, -12.278724261999969 ], [ -51.421956568999974, -12.144183944999952 ], [ -51.371463932999973, -12.076514582999948 ], [ -51.388909139999953, -11.876536947999966 ], [ -51.482112069999971, -11.875149287999932 ], [ -51.550200820999976, -11.815778766999927 ], [ -51.539222554999981, -11.72628898399995 ], [ -51.385453893999966, -11.672408584999971 ], [ -51.365725358999953, -11.597454941999956 ], [ -51.302696157999947, -11.584842828999967 ], [ -51.282837649999976, -11.470312969999952 ], [ -51.437449881999953, -11.502578553999967 ], [ -51.399321924999981, -11.393175892999977 ], [ -51.477056994999941, -11.414306102999944 ], [ -51.451774201999967, -11.367778574999932 ], [ -51.482582946999969, -11.37271805499995 ], [ -51.490958080999974, -11.340170839999928 ], [ -51.518550107999943, -11.367539393999948 ], [ -51.52363814399996, -11.317156095999962 ], [ -51.561979451999946, -11.338346798999964 ], [ -51.52399221099995, -11.275750654999968 ], [ -51.60796150799996, -11.265773353999975 ], [ -51.563495804999945, -11.20698254499996 ], [ -51.709427584999958, -11.241557894999971 ], [ -51.710970738999947, -11.172470161999968 ], [ -51.787493908999977, -11.038906554999926 ], [ -51.852593858999967, -11.039967845999968 ], [ -51.896938542999976, -10.947434634999979 ], [ -51.853675546999966, -10.852519041999926 ], [ -51.90519758399995, -10.775519030999931 ], [ -51.819901322999954, -10.725828184999955 ], [ -51.704810503999965, -10.741171560999931 ], [ -51.649633652999967, -10.850405423999973 ], [ -51.635982623999951, -10.756505195999978 ], [ -51.619073304999972, -10.80608957499993 ], [ -51.574878747999946, -10.820478101999981 ], [ -51.551055284999961, -10.724914844999944 ], [ -51.519273368999961, -10.724621462999949 ], [ -51.493463267999971, -10.781985745999975 ], [ -51.442489383999941, -10.781252028999972 ], [ -51.405971553999962, -10.739773625999931 ], [ -51.348643343999981, -10.753504661999955 ], [ -51.350853650999966, -10.845290181999928 ], [ -51.26705633499995, -10.906756833999964 ], [ -51.124863130999984, -10.829728780999972 ], [ -51.220634209999957, -10.682548420999979 ], [ -51.165928519999966, -10.719766737999976 ], [ -51.18639940099996, -10.666908729999932 ], [ -51.156607896999958, -10.666500330999952 ], [ -51.126037936999978, -10.736485505999951 ], [ -51.044524032999959, -10.68497918099996 ], [ -51.006299057999968, -10.762793623999926 ], [ -51.023005051999974, -10.66280014199998 ], [ -50.962166353999976, -10.681514801999981 ], [ -50.946886372999984, -10.727030337999963 ], [ -50.916776482999978, -10.709199573999967 ], [ -50.91404616899996, -10.643795685999976 ], [ -50.883035876999941, -10.71041226799997 ], [ -50.813737788999958, -10.650873333999925 ], [ -50.730660701999966, -10.63876425199993 ], [ -50.722876586999973, -10.603470787999981 ], [ -50.669458134999957, -10.652500283999927 ], [ -50.546433409999963, -10.527869040999974 ], [ -50.541042921999974, -10.503270889999953 ], [ -50.607611978999955, -10.489124721999929 ], [ -50.629235889999961, -10.44021177299993 ], [ -50.694132585999967, -10.430221303999929 ], [ -50.694613616999959, -10.396559516999957 ], [ -50.664038568999956, -10.396334855999953 ], [ -50.68694475999996, -10.376708384999972 ], [ -50.569656240999961, -10.382709662999957 ], [ -50.574784532999956, -10.256610571999943 ], [ -50.518344901999967, -10.219519238999965 ], [ -50.497810214999959, -10.252363399999979 ], [ -50.475083465999944, -10.222124444999963 ], [ -50.431910304999974, -10.235594984999977 ], [ -50.494852080999976, -10.109325186999968 ], [ -50.557608970999979, -10.103527652999958 ], [ -50.448624055999971, -10.043982253999957 ], [ -50.399677572999963, -10.048405007999975 ], [ -50.440461421999942, -9.977442966999945 ], [ -50.394572997999944, -9.985850348999975 ], [ -50.390378830999964, -9.940690737999944 ], [ -50.356642888999943, -9.925269521999951 ], [ -50.348406676999957, -9.887845321999976 ], [ -50.38922585399996, -9.848769637999965 ], [ -50.344502219999981, -9.847181730999978 ], [ -50.342836679999948, -9.805159923999952 ], [ -50.249780901999941, -9.760348387999954 ], [ -50.164812062999943, -9.669712475999972 ], [ -50.172944840999946, -9.603639355999974 ], [ -50.232460444999958, -9.590054574999954 ], [ -50.187265385999979, -9.563078761999975 ], [ -50.209149553999964, -9.514942391999966 ], [ -50.255310170999962, -9.536411470999951 ], [ -50.310662235999985, -9.482941414999971 ], [ -50.261911469999973, -9.483187775999966 ], [ -50.260786783999947, -9.41623961199997 ], [ -50.210553107999942, -9.400860063999971 ], [ -50.209731275999957, -9.37583181399998 ], [ -50.27359979299996, -9.365952153999956 ], [ -50.124519315999976, -9.345652714999972 ], [ -50.176595543999952, -9.244404061999944 ], [ -50.104409633999978, -9.273040783999932 ], [ -50.060167814999943, -9.221647369999971 ], [ -50.09675698999996, -9.195898019999959 ], [ -50.026561761999972, -9.169324214999961 ], [ -50.004247349999957, -9.051139578999937 ], [ -49.963851838999972, -9.042747454999926 ], [ -49.987388213999964, -8.978042283999969 ], [ -50.013610338999968, -8.983775967999975 ], [ -50.014313239999979, -8.934899194999957 ], [ -50.084271528999977, -8.889428162999934 ], [ -50.032726236999963, -8.802353598999957 ], [ -49.863551536999978, -8.807395692999933 ], [ -49.847774938999976, -8.77687457299993 ], [ -49.919637971999975, -8.717882499999973 ], [ -50.041869015999964, -8.73448684899995 ], [ -50.096451207999962, -8.659460064999962 ], [ -50.074545261999958, -8.599926694999965 ], [ -50.174963350999974, -8.533445431999951 ], [ -50.058234238999944, -8.490489504999971 ], [ -50.046262782999975, -8.466830811999955 ], [ -50.08059134399997, -8.437671420999948 ], [ -50.014559789999964, -8.420526833999929 ], [ -50.100905099999977, -8.324668592999956 ], [ -50.031545183999981, -8.28750086499997 ], [ -50.045679724999957, -8.249908465999965 ], [ -50.009763633999967, -8.191235542999948 ], [ -50.030436745999964, -8.174996775999944 ], [ -49.98337219299998, -8.08617167999995 ], [ -50.017196251999962, -8.087643997999976 ], [ -49.991761101999941, -8.064901349999957 ], [ -50.013279247999947, -7.941226 ], [ -49.949522234999961, -7.918468073999975 ], [ -50.049705176999964, -7.811088531999928 ], [ -49.961790132999965, -7.765965663999964 ], [ -49.963124652999966, -7.723664403999976 ], [ -50.003363623999974, -7.732697125999948 ], [ -50.017945281999971, -7.694451502999925 ], [ -49.887423024999975, -7.682145795999929 ], [ -49.924182392999967, -7.618067497999959 ], [ -49.879886273999944, -7.615900326999963 ], [ -49.862889958999972, -7.529698690999965 ], [ -49.725294804999976, -7.554225864999978 ], [ -49.621275504999971, -7.438034748999939 ], [ -49.623199093999972, -7.509644849999972 ], [ -49.556535943999961, -7.500302786999953 ], [ -49.578395745999956, -7.513866309999969 ], [ -49.539897813999971, -7.537774643999967 ], [ -49.560457075999977, -7.585665322999944 ], [ -49.537904511999955, -7.621041711999965 ], [ -49.582265987999961, -7.622224867999932 ], [ -49.618571344999964, -7.696057677999931 ], [ -49.596737852999979, -7.738708312999961 ], [ -49.551435956999967, -7.744264118999979 ], [ -49.520397866999986, -7.683349089999979 ], [ -49.524215043999959, -7.763129016999926 ], [ -49.544930570999952, -7.798798881999971 ], [ -49.618379105999963, -7.781431379999958 ], [ -49.59948947099997, -7.840271972999972 ], [ -49.667933811999944, -7.826094185999978 ], [ -49.698785308999959, -7.886083019999944 ], [ -49.509773287999963, -8.062727764999977 ], [ -49.603034475999948, -8.192940715999953 ], [ -49.565717233999976, -8.153483522999977 ], [ -49.510918506999985, -8.180166908999979 ], [ -49.528281985999968, -8.25223557299995 ], [ -49.616578679999975, -8.333790077999936 ], [ -49.588830779999967, -8.409319043999972 ], [ -49.644005734999951, -8.40236669799998 ], [ -49.624196242999972, -8.433549358999926 ], [ -49.661099523999951, -8.448708932999978 ], [ -49.62709558399996, -8.502004767999949 ], [ -49.665064971999982, -8.686585065999964 ], [ -49.572542855999984, -8.728132467999956 ], [ -49.550623408999968, -8.641522394999981 ], [ -49.414858217999949, -8.548932044999958 ], [ -49.378288336999958, -8.415054048999934 ], [ -49.347164655999961, -8.380779126999926 ], [ -49.297955874999957, -8.38452235799997 ], [ -49.316483461999951, -8.355187408999939 ], [ -49.215371991999973, -8.062685905999956 ], [ -49.112951062999969, -8.159703616999934 ], [ -49.067155106999962, -8.151566066999976 ], [ -49.023539633999974, -8.09274953399995 ], [ -49.000919730999954, -8.128415366999945 ], [ -49.045038973999965, -8.196208379999973 ], [ -49.017666920999943, -8.243152506999934 ], [ -49.016071008999972, -8.454089687999954 ], [ -48.960346032999951, -8.485323034999965 ], [ -48.950276709999969, -8.555005411999957 ], [ -48.860453100999962, -8.621828770999969 ], [ -48.817594123999982, -8.721421921999934 ], [ -48.748447540999962, -8.735951738999972 ], [ -48.746351272999959, -8.771770714999946 ], [ -48.808207737999965, -8.800842031999935 ], [ -48.774148080999964, -8.927207026999952 ], [ -48.797365869999965, -8.93205486599993 ], [ -48.793940333999956, -8.983152362999931 ], [ -48.764120709999986, -9.002982148999934 ], [ -48.790941634999967, -9.056404914999973 ], [ -48.758764372999963, -9.111311283999953 ], [ -48.78294720599996, -9.139025888999981 ], [ -48.742871156999968, -9.186017554999978 ], [ -48.70812108299998, -9.166045758999928 ], [ -48.644862308999961, -9.219139689999963 ], [ -48.628815715999963, -9.183077993999973 ], [ -48.683894091999946, -9.059371405999968 ], [ -48.65994029999996, -9.010206451999977 ], [ -48.701143012999978, -8.98592703199995 ], [ -48.636078893999979, -8.967502390999925 ], [ -48.628240496999979, -8.898679352999977 ], [ -48.655568, -8.881148678999978 ], [ -48.63019043099996, -8.884214360999977 ], [ -48.604465852999965, -8.759165520999943 ], [ -48.527293902999986, -8.668961928999977 ], [ -48.568281885999966, -8.562757640999962 ], [ -48.545991878999985, -8.528017254999952 ], [ -48.563903922999941, -8.42433164299996 ], [ -48.536081442999944, -8.404520065999975 ], [ -48.594200530999956, -8.290692940999975 ], [ -48.509700134999946, -8.169380739999951 ], [ -48.527748538999958, -8.088529550999965 ], [ -48.58107694399996, -8.034133013999963 ], [ -48.644452224999952, -8.020785456999931 ], [ -48.619739012999958, -7.917502032999948 ], [ -48.572041939999963, -7.912465747999931 ], [ -48.648242307999965, -7.717335618999925 ], [ -48.644144103999963, -7.662830952999968 ], [ -48.601833476999957, -7.646671629999958 ], [ -48.627360840999984, -7.570667220999951 ], [ -48.585903741999971, -7.540372899999966 ], [ -48.513555868999958, -7.58525648799997 ], [ -48.469201157999976, -7.504324534999967 ], [ -48.399954839999964, -7.515616788999978 ], [ -48.373867036999968, -7.351446948999978 ], [ -48.284026473999972, -7.338146559999927 ], [ -48.260075677999964, -7.264667144999976 ], [ -48.234081308999976, -6.997658534999971 ], [ -48.171591845999956, -6.955984668999974 ], [ -48.186738190999961, -6.833810563999975 ], [ -48.156154124999944, -6.815903878999961 ], [ -48.082763420999981, -6.863906764999967 ], [ -48.126868184999978, -6.820803186999967 ], [ -48.031484209999974, -6.77019009199995 ], [ -48.048513984999943, -6.694361311999955 ], [ -48.019512392999957, -6.687393110999949 ], [ -48.064484523999965, -6.62085305599993 ], [ -47.987022736999961, -6.647389555999951 ], [ -47.944354394999948, -6.601498421999963 ], [ -47.988721835999968, -6.576318876999949 ], [ -47.977539570999966, -6.479354002999969 ], [ -48.022419149999962, -6.446256090999952 ], [ -48.013414099999977, -6.400542907999977 ], [ -48.064221335999946, -6.368187681999927 ], [ -48.046229141999959, -6.270126824999977 ], [ -48.139378015999966, -6.174561273999927 ], [ -48.120467671999961, -6.127777719999926 ], [ -48.07329217399996, -6.115827080999964 ], [ -48.126458966999962, -6.035931055999981 ], [ -48.11073311499996, -5.975972252999952 ], [ -48.180796200999964, -5.855534161999969 ], [ -48.154354380999962, -5.85684661099998 ], [ -48.153831780999951, -5.800188668999965 ], [ -48.18849850099997, -5.766625515999976 ], [ -48.079742166999949, -5.717818687999966 ], [ -48.148856129999956, -5.677774732999978 ], [ -48.116450942999961, -5.604172615999971 ], [ -48.182879617999959, -5.55795623299997 ], [ -48.183908464999945, -5.525373857999966 ], [ -48.133840155999962, -5.495391538999968 ], [ -48.046295355999973, -5.515080073999968 ], [ -47.967302251999968, -5.60299381599998 ], [ -47.906777844999965, -5.622899154999971 ], [ -47.925422331999982, -5.41338492999995 ], [ -47.834319594999954, -5.412872754999967 ], [ -47.887176776999979, -5.243636748999961 ], [ -47.753202275999968, -5.32366000199994 ], [ -47.703850994999982, -5.286558925999941 ], [ -47.688424803999965, -5.327412717999948 ], [ -47.649897745999965, -5.278636153999969 ], [ -47.500392167999962, -5.266219440999976 ], [ -47.43296057699996, -5.222755675999963 ], [ -47.406410384999958, -5.27021922199998 ], [ -47.351251041999944, -5.263008979999938 ], [ -47.27729418399997, -5.338125220999927 ], [ -47.169725930999959, -5.384132147999935 ], [ -47.110758407999981, -5.50633827799993 ], [ -47.068123493999963, -5.436436129999947 ], [ -47.009663367999963, -5.440540212999963 ], [ -46.977616333999947, -5.391024880999964 ], [ -46.897924344999979, -5.417368720999946 ], [ -46.864705752999953, -5.338498901999969 ], [ -46.802830504999974, -5.320005329999958 ], [ -46.741746580999973, -5.452727712999945 ], [ -46.704094207999958, -5.433890180999981 ], [ -46.662719075999973, -5.481479882999963 ], [ -46.676398400999972, -5.425056617999928 ], [ -46.651148098999954, -5.398662749999971 ], [ -46.689120155999944, -5.357628119999958 ], [ -46.663964280999949, -5.29161100999994 ], [ -46.529776424999966, -5.307278807999978 ], [ -46.509428843999956, -5.366814895999937 ], [ -46.541398908999952, -5.375419797999939 ], [ -46.480128398999966, -5.377863881999929 ], [ -46.474296257999981, -5.345855103999952 ], [ -46.421245563999946, -5.394536996999932 ], [ -46.324305789999983, -5.286134269999934 ], [ -46.29921299199998, -5.320573003999925 ], [ -46.281643717999941, -5.269221854999955 ], [ -46.213723812999945, -5.297064241999976 ], [ -46.190007887999968, -5.267055563999975 ], [ -46.165517209999962, -5.302468936999958 ], [ -46.086603484999955, -5.269901842999957 ], [ -45.989954978999947, -5.314958271999956 ], [ -45.971723061999967, -5.291405078999958 ], [ -45.890605975999961, -5.318719714999929 ], [ -45.836858638999956, -5.296242283999959 ], [ -45.75403033799995, -5.236202291999973 ], [ -45.80561862199994, -5.176830064999933 ], [ -45.789135863999945, -5.128171750999968 ], [ -45.750471130999983, -5.09522570699994 ], [ -45.668614061999961, -5.10291747499997 ], [ -45.586007837999944, -4.89660367099998 ], [ -45.596170942999947, -4.860864991999961 ], [ -45.658079433999944, -4.862154517999954 ], [ -45.615667554999959, -4.787886300999958 ], [ -45.642722618999983, -4.733846926999945 ], [ -45.619338896999977, -4.708143784999947 ], [ -45.653282029999957, -4.682515077999938 ], [ -45.631139838999957, -4.64821305199996 ], [ -45.666642667999952, -4.619322201999978 ], [ -45.665880088999984, -4.519205222999972 ], [ -45.75876987099997, -4.391901409999946 ], [ -45.68511661499997, -4.391159940999955 ], [ -45.654219156999943, -4.351530800999967 ], [ -45.591396215999964, -4.438508637999973 ], [ -45.510810438999954, -4.447624410999936 ], [ -45.474705339999957, -4.501079741999945 ], [ -45.380505749999941, -4.513010255999973 ], [ -45.401431024999965, -4.564767177999954 ], [ -45.35849011199997, -4.625309192999964 ], [ -45.400001017999955, -4.68102550499998 ], [ -45.373180202999947, -4.703919608999968 ], [ -45.322259345999953, -4.681258492999973 ], [ -45.321186075999947, -4.650978939999959 ], [ -45.276519379999968, -4.680803259999948 ], [ -45.233015395999985, -4.63942504399995 ], [ -45.233744754999975, -4.670774942999969 ], [ -45.175783696999986, -4.692377973999953 ], [ -45.124571815999957, -4.622028040999965 ], [ -45.088089713999977, -4.656588587999977 ], [ -45.030447565999964, -4.593050810999955 ], [ -45.001364935999959, -4.632035240999926 ], [ -44.939158462999956, -4.596620640999959 ], [ -44.980885614999977, -4.574183599999969 ], [ -44.99071678599995, -4.516867895999951 ], [ -45.058951596999975, -4.486127310999962 ], [ -44.971925154999951, -4.429471956999976 ], [ -44.937135195999986, -4.447365285999979 ], [ -44.852565268999967, -4.413699450999957 ], [ -44.73120638599994, -4.297065982999925 ], [ -44.762604304999968, -4.21529752899994 ], [ -44.733320865999985, -4.195446998999955 ], [ -44.768785699999967, -4.158402716999944 ], [ -44.722420714999942, -4.121998032999954 ], [ -44.747698536999962, -4.095400161999976 ], [ -44.719076801999961, -4.036004605999949 ], [ -44.652377939999951, -4.026131221999947 ], [ -44.626896175999946, -4.119820353999955 ], [ -44.597548678999942, -4.033983166999974 ], [ -44.623343672999965, -4.013480817999948 ], [ -44.595273809999981, -3.993303907999973 ], [ -44.625923019999959, -3.974409262999927 ], [ -44.573436541999968, -3.942158467999946 ], [ -44.608456888999967, -3.87994129599997 ], [ -44.61478498699995, -3.736483229999976 ], [ -44.673924686999953, -3.617377328999964 ], [ -44.586837465999963, -3.585281428999963 ], [ -44.500879836999957, -3.356980890999978 ], [ -44.336233806999985, -3.242847101999928 ], [ -44.304501536999965, -3.277309680999963 ], [ -44.344432220999977, -3.367645318999962 ], [ -44.318213723999975, -3.386940559999971 ], [ -44.260005824999951, -3.243554940999957 ], [ -44.156224992999967, -3.199552371999971 ], [ -44.121479753999949, -3.237434046999965 ], [ -44.16331153699997, -3.262272834999976 ], [ -44.146480426999972, -3.312539196999978 ], [ -44.065942202999963, -3.196024790999957 ], [ -44.045758972999977, -3.245070272999953 ], [ -44.092944981999949, -3.288100235999934 ], [ -44.082736005999948, -3.337182794999933 ], [ -44.11844419099998, -3.312652906999972 ], [ -44.159616936999953, -3.339552616999924 ], [ -44.134597198999984, -3.398152077999953 ], [ -44.107368937999979, -3.405802221999977 ], [ -44.122285069999975, -3.365779601999975 ], [ -44.079124556999943, -3.36216195999998 ], [ -44.069103865999978, -3.316428705999954 ], [ -44.041417734999982, -3.330019087999972 ], [ -44.027675280999972, -3.302488298999947 ], [ -43.945849197999962, -3.438487691999967 ], [ -43.893000204999964, -3.476206140999977 ], [ -43.879573868999955, -3.455422066999972 ], [ -43.910943247999967, -3.450987759999975 ], [ -43.911565406999955, -3.415126452999971 ], [ -43.939280640999982, -3.425681758999929 ], [ -44.030239364999943, -3.248216873999979 ], [ -43.982960382999977, -3.06698980699997 ], [ -44.039349688999948, -3.038115719999951 ], [ -43.908806037999966, -2.926170885999966 ], [ -43.931993527999964, -2.900841361999937 ], [ -43.899020122999957, -2.859803214999943 ], [ -43.94478787099996, -2.866651871999977 ], [ -43.901394728999946, -2.833859406999977 ], [ -43.968735118999973, -2.801926803999947 ], [ -43.915180345999943, -2.755462724999973 ], [ -43.880409232999966, -2.796389515999977 ], [ -43.835503864999964, -2.76837936499993 ], [ -43.840143854999951, -2.803771562999941 ], [ -43.781390476999945, -2.774553633999972 ], [ -43.81647234999997, -2.706039235999981 ], [ -43.767246712999963, -2.736944704999928 ], [ -43.755551719999971, -2.666663831999927 ], [ -43.825078692999966, -2.655032915999925 ], [ -43.843359264999947, -2.621202408999977 ], [ -43.803310042999954, -2.631193834999976 ], [ -43.804917162999971, -2.595202764999954 ], [ -43.744908825999971, -2.552043414999957 ], [ -43.69028345199996, -2.572443165999971 ], [ -43.655811193999966, -2.48252754899994 ], [ -43.61646333799996, -2.532877260999953 ], [ -43.527180107999982, -2.418423968999946 ], [ -43.486965292999969, -2.525504917999967 ], [ -43.466206635999981, -2.502185017999977 ], [ -43.438454376999971, -2.526908228999957 ], [ -43.462449045999961, -2.425756630999956 ], [ -43.399519337999948, -2.438470364999944 ], [ -43.484805040999959, -2.374382262999973 ], [ -43.390087287999961, -2.339372043999958 ] ] ] } }
]
}
