{
"type": "FeatureCollection",
"name": "mata_atlantica_se_leve",
"crs": { "type": "name", "properties": { "name": "urn:ogc:def:crs:OGC:1.3:CRS84" } },
"features": [
{ "type": "Feature", "properties": { }, "geometry": { "type": "MultiPolygon", "coordinates": [ [ [ [ -46.67802448, -24.477387324999967 ], [ -46.671589864999973, -24.489224363999973 ], [ -46.677231044999985, -24.491371605 ], [ -46.67802448, -24.477387324999967 ] ] ], [ [ [ -46.983912738999955, -24.381603089999956 ], [ -46.987415104000014, -24.380518481999921 ], [ -46.984508140999921, -24.379529565999988 ], [ -46.983912738999955, -24.381603089999956 ] ] ], [ [ [ -46.807809681999956, -24.374879848999939 ], [ -46.805358614999925, -24.374879848999939 ], [ -46.807586858, -24.37616527399998 ], [ -46.807809681999956, -24.374879848999939 ] ] ], [ [ [ -46.981233429999953, -24.361640019999953 ], [ -46.979788703999965, -24.360571192999977 ], [ -46.979464734999986, -24.361951094999931 ], [ -46.981233429999953, -24.361640019999953 ] ] ], [ [ [ -46.260968342999952, -24.052783553 ], [ -46.263266094, -24.044584616999906 ], [ -46.260713036999967, -24.044545757999977 ], [ -46.260968342999952, -24.052783553 ] ] ], [ [ [ -46.215941604999976, -24.007007940999955 ], [ -46.217473439999978, -24.01000090499997 ], [ -46.219941394999985, -24.010234119999907 ], [ -46.215941604999976, -24.007007940999955 ] ] ], [ [ [ -46.16788406699996, -23.967785235999969 ], [ -46.166787394, -23.966204735999938 ], [ -46.165733726999946, -23.967344415999911 ], [ -46.16788406699996, -23.967785235999969 ] ] ], [ [ [ -45.78100636799995, -23.872833146999895 ], [ -45.784323010000016, -23.860616765999943 ], [ -45.773083279999959, -23.860995911999957 ], [ -45.78100636799995, -23.872833146999895 ] ] ], [ [ [ -45.524625470999979, -23.85649293299997 ], [ -45.524061549999949, -23.84630665899995 ], [ -45.520219836999964, -23.847015855999921 ], [ -45.524625470999979, -23.85649293299997 ] ] ], [ [ [ -45.341343408999911, -23.727886742999956 ], [ -45.263400191999921, -23.741216577999936 ], [ -45.23032653099996, -23.776033041999945 ], [ -45.248105034999959, -23.824368047999911 ], [ -45.226827268999976, -23.837016867999935 ], [ -45.27045515399994, -23.837068492999947 ], [ -45.290829883, -23.865872209000017 ], [ -45.270003634999973, -23.874543040999974 ], [ -45.272317663999949, -23.892708613999936 ], [ -45.223102249999968, -23.904215599999901 ], [ -45.237550811999959, -23.909633331999899 ], [ -45.226827268999976, -23.945075172999964 ], [ -45.237381492999894, -23.962869808999962 ], [ -45.268197563999934, -23.967717776999983 ], [ -45.303754572999928, -23.909736525 ], [ -45.40777293, -23.940742196 ], [ -45.443483056999966, -23.937049950999956 ], [ -45.462051715999969, -23.889014997999944 ], [ -45.366329005999901, -23.810129824999912 ], [ -45.341343408999911, -23.727886742999956 ] ] ], [ [ [ -45.67099754099992, -23.804992156 ], [ -45.666942663999976, -23.804526338 ], [ -45.670452042, -23.806655780999975 ], [ -45.67099754099992, -23.804992156 ] ] ], [ [ [ -45.160877797, -23.801877207999922 ], [ -45.114949994999982, -23.803310189999912 ], [ -45.116685515999961, -23.81159794199997 ], [ -45.144834813999978, -23.817639146999959 ], [ -45.160877797, -23.801877207999922 ] ] ], [ [ [ -45.71730902499997, -23.799179227999979 ], [ -45.721184664999925, -23.804218292 ], [ -45.72603941399997, -23.800933590999918 ], [ -45.71730902499997, -23.799179227999979 ] ] ], [ [ [ -45.704580607999929, -23.788465902999953 ], [ -45.717961764999977, -23.792721475999898 ], [ -45.705070162999938, -23.786674040999934 ], [ -45.704580607999929, -23.788465902999953 ] ] ], [ [ [ -45.024861965999925, -23.736890840999955 ], [ -45.00701779099991, -23.752098050000015 ], [ -45.01416492700001, -23.760892291999966 ], [ -45.024861965999925, -23.736890840999955 ] ] ], [ [ [ -45.291131051999955, -23.59290791399998 ], [ -45.283012644999964, -23.600979154999976 ], [ -45.295381726999935, -23.600873880999885 ], [ -45.291131051999955, -23.59290791399998 ] ] ], [ [ [ -45.14520080199997, -23.568726468999913 ], [ -45.157619086999929, -23.573210354999915 ], [ -45.163180136999976, -23.567806678999922 ], [ -45.156991901, -23.559528276000016 ], [ -45.14520080199997, -23.568726468999913 ] ] ], [ [ [ -45.076668777999913, -23.563983688999976 ], [ -45.079513782999946, -23.563222604999979 ], [ -45.076668777999913, -23.561954130999915 ], [ -45.076668777999913, -23.563983688999976 ] ] ], [ [ [ -45.215753809, -23.550386725999928 ], [ -45.218906870999938, -23.550531693999929 ], [ -45.215735687999924, -23.548502135999961 ], [ -45.215753809, -23.550386725999928 ] ] ], [ [ [ -45.026631312999953, -23.547723568999935 ], [ -45.032949884999972, -23.54867141499993 ], [ -45.024247488999976, -23.544485045999942 ], [ -45.026631312999953, -23.547723568999935 ] ] ], [ [ [ -45.077874454000018, -23.536037736 ], [ -45.058975245999932, -23.526798918999944 ], [ -45.03903072799995, -23.534849376999908 ], [ -45.077330891999985, -23.56099079799997 ], [ -45.080090510999966, -23.525533801999899 ], [ -45.077874454000018, -23.536037736 ] ] ], [ [ [ -45.213388981, -23.532998762 ], [ -45.214081786999948, -23.532032170999962 ], [ -45.210949097, -23.532915910999982 ], [ -45.213388981, -23.532998762 ] ] ], [ [ [ -44.902636746999946, -23.423772158999945 ], [ -44.90211521899996, -23.427071072999958 ], [ -44.905679048999957, -23.425942221 ], [ -44.902636746999946, -23.423772158999945 ] ] ], [ [ [ -44.849453060999984, -23.421318454999962 ], [ -44.862108141, -23.42266656099995 ], [ -44.852661477999973, -23.408759275999977 ], [ -44.849453060999984, -23.421318454999962 ] ] ], [ [ [ -44.85117624, -23.399935741 ], [ -44.85634440799997, -23.399541206999949 ], [ -44.847183152999932, -23.394609808999952 ], [ -44.85117624, -23.399935741 ] ] ], [ [ [ -44.938420415999957, -23.386618433 ], [ -44.936163824999937, -23.387878808 ], [ -44.938806645999939, -23.38894740299996 ], [ -44.938420415999957, -23.386618433 ] ] ], [ [ [ -44.947066056999958, -23.382837445999968 ], [ -44.942581176999958, -23.386563699 ], [ -44.950898601999896, -23.388180307 ], [ -44.947066056999958, -23.382837445999968 ] ] ], [ [ [ -44.889908619000018, -23.385885003999974 ], [ -44.889245934999984, -23.384060251999983 ], [ -44.886956661999932, -23.383562587999926 ], [ -44.889908619000018, -23.385885003999974 ] ] ], [ [ [ -44.905343448999986, -23.380234252999962 ], [ -44.902757734, -23.374864126 ], [ -44.898034796999937, -23.376206483999951 ], [ -44.905343448999986, -23.380234252999962 ] ] ], [ [ [ -44.670838800999952, -23.354645395999974 ], [ -44.672858023999957, -23.357075875999989 ], [ -44.672863630999977, -23.354788747999933 ], [ -44.670838800999952, -23.354645395999974 ] ] ], [ [ [ -44.638995682999933, -23.228947903999931 ], [ -44.647095817999926, -23.227251944999935 ], [ -44.634025435999924, -23.225876771999928 ], [ -44.638995682999933, -23.228947903999931 ] ] ], [ [ [ -44.69360808299998, -23.215613935999968 ], [ -44.690103673999921, -23.217093505 ], [ -44.692271134999935, -23.217805904999963 ], [ -44.69360808299998, -23.215613935999968 ] ] ], [ [ [ -44.658695318, -23.187326890999927 ], [ -44.657389368999944, -23.180723662999981 ], [ -44.656824956999962, -23.187546082999944 ], [ -44.658695318, -23.187326890999927 ] ] ], [ [ [ -44.679503563999944, -23.173822223999963 ], [ -44.678432638999972, -23.169383471999957 ], [ -44.674215189999984, -23.170260245999941 ], [ -44.679503563999944, -23.173822223999963 ] ] ], [ [ [ -44.663735762999956, -23.163221356999919 ], [ -44.665922205999941, -23.160749245999924 ], [ -44.661587374999918, -23.15894967199997 ], [ -44.663735762999956, -23.163221356999919 ] ] ], [ [ [ -44.681226741999964, -23.157196043999917 ], [ -44.694713699999973, -23.156100105999919 ], [ -44.683306439, -23.151305118000018 ], [ -44.681226741999964, -23.157196043999917 ] ] ], [ [ [ -44.684330444, -23.129788310999977 ], [ -44.687228769999905, -23.130423995999905 ], [ -44.684781118999979, -23.127771861999932 ], [ -44.684330444, -23.129788310999977 ] ] ], [ [ [ -44.673048578, -23.111830091999941 ], [ -44.677686720999894, -23.114179910999944 ], [ -44.677173685999904, -23.110725562999946 ], [ -44.673048578, -23.111830091999941 ] ] ], [ [ [ -44.669027036999971, -23.096594925999966 ], [ -44.669977755999945, -23.098453728999935 ], [ -44.673779265999976, -23.09896228199991 ], [ -44.669027036999971, -23.096594925999966 ] ] ], [ [ [ -44.63530345299997, -23.068916307999906 ], [ -44.641843694999949, -23.068215187999982 ], [ -44.637357006999977, -23.066356084999903 ], [ -44.63530345299997, -23.068916307999906 ] ] ], [ [ [ -44.631822455999988, -23.071992765999902 ], [ -44.630701974, -23.067819576999938 ], [ -44.629428010999938, -23.071028632999976 ], [ -44.631822455999988, -23.071992765999902 ] ] ], [ [ [ -44.626536239999943, -23.062147441999933 ], [ -44.629078046999936, -23.061818652999911 ], [ -44.627225510999956, -23.060350016999983 ], [ -44.626536239999943, -23.062147441999933 ] ] ], [ [ [ -44.623397684999965, -23.060678582 ], [ -44.622565947999888, -23.056579866999968 ], [ -44.618811649999941, -23.057741522999983 ], [ -44.623397684999965, -23.060678582 ] ] ], [ [ [ -39.001623057999986, -14.346620474 ], [ -39.06905119000001, -14.671552269999907 ], [ -39.055688136999954, -14.767891885999948 ], [ -39.039012874999933, -14.785252433 ], [ -39.024336359, -14.77114698799998 ], [ -39.018568546999987, -14.922823347999955 ], [ -39.0, -14.980480875061271 ], [ -39.0, -16.231733708325439 ], [ -39.021447280999965, -16.261098930999903 ], [ -39.023139280999985, -16.296851635999928 ], [ -39.00571351599995, -16.342645994999913 ], [ -39.008803255999979, -16.374867568999981 ], [ -39.033631522999919, -16.387171353999971 ], [ -39.061880575000018, -16.434786452999969 ], [ -39.103978280999939, -16.699014388999952 ], [ -39.141993117, -16.761140230999935 ], [ -39.142434506999919, -16.867184518999942 ], [ -39.111923325999975, -16.896481874 ], [ -39.152089943999989, -16.943324537999946 ], [ -39.172591600999972, -17.014342455999984 ], [ -39.182083856999945, -17.113495006999887 ], [ -39.213078942999964, -17.166567677999986 ], [ -39.221003271999976, -17.281606806999935 ], [ -39.192766150999979, -17.442162219999954 ], [ -39.193807856999925, -17.581379996999921 ], [ -39.136398341, -17.691276152999954 ], [ -39.202587454, -17.745215944999945 ], [ -39.202310325999989, -17.767610934999908 ], [ -39.258571741999958, -17.82716716399991 ], [ -39.269316804999939, -17.865279701999967 ], [ -39.414827308, -17.925524083999974 ], [ -39.493411940999955, -18.00047938599992 ], [ -39.636743913999979, -18.23643477 ], [ -39.716326834999926, -18.469429538999979 ], [ -39.748408905, -18.847040358999919 ], [ -39.688482601999929, -19.292915577999977 ], [ -39.702113436999937, -19.38867651000001 ], [ -39.811735260999924, -19.655541806999985 ], [ -39.896511001999912, -19.67952517699992 ], [ -39.978698612999985, -19.735026257999952 ], [ -40.050878777, -19.808586757999954 ], [ -40.09873048299994, -19.918208580999938 ], [ -40.154193053999983, -19.952079775999984 ], [ -40.13283633099995, -19.965945261999959 ], [ -40.15846309999997, -20.036131412999922 ], [ -40.190546157999947, -20.052288346999955 ], [ -40.169772956999971, -20.107337333999972 ], [ -40.190928441999958, -20.198696144999925 ], [ -40.232085349999934, -20.292478498999941 ], [ -40.259696398, -20.265862833999989 ], [ -40.28967148, -20.28469215299998 ], [ -40.270269331999948, -20.335396765999988 ], [ -40.31067429299997, -20.386053085999908 ], [ -40.358798877999931, -20.518597656999912 ], [ -40.390708823999972, -20.55483535299992 ], [ -40.422339269999981, -20.635601997000016 ], [ -40.465800703999939, -20.626059305999952 ], [ -40.46671494, -20.661871440999921 ], [ -40.480520465, -20.652480223999955 ], [ -40.499847119, -20.664041527999885 ], [ -40.519637754999955, -20.729704102999932 ], [ -40.556207517, -20.74623668299996 ], [ -40.581425415999938, -20.802716648999894 ], [ -40.606668709999937, -20.805307006 ], [ -40.627696322999917, -20.840886338999972 ], [ -40.62972797599997, -20.817522323999945 ], [ -40.653523718000017, -20.805814919999918 ], [ -40.754725455999917, -20.858824145999918 ], [ -40.802786757999975, -20.941207693999949 ], [ -40.812203514000011, -21.033040748999973 ], [ -40.858582384999949, -21.127278662999935 ], [ -40.914829097999949, -21.172473390999954 ], [ -40.953609725999947, -21.236811736999947 ], [ -40.961997394999926, -21.36075186399998 ], [ -41.072319894999971, -21.510743099999971 ], [ -41.047119886999916, -21.590277926999931 ], [ -41.012371807999969, -21.610524245999926 ], [ -41.024575973999973, -21.721660050999944 ], [ -40.973657896999981, -21.946910047999943 ], [ -40.986802548999911, -22.00614657699996 ], [ -41.2022582929999, -22.131340199999968 ], [ -41.500589377999937, -22.217168549999919 ], [ -41.670093100999956, -22.288791879999955 ], [ -41.764164097999966, -22.352912993999915 ], [ -41.767533882999984, -22.390464349999903 ], [ -41.836595824, -22.430075224999943 ], [ -41.862769192999956, -22.475940549999937 ], [ -41.896420667999941, -22.491487333999935 ], [ -41.932204599999977, -22.537403569999967 ], [ -41.961359742, -22.534336322999934 ], [ -41.998644783999971, -22.610996379999978 ], [ -41.987975876999982, -22.713494657999952 ], [ -41.928571891999965, -22.769666023999932 ], [ -41.874110360999971, -22.737157558999929 ], [ -41.864250065, -22.754873275999973 ], [ -41.877533365999952, -22.778145219999931 ], [ -41.889641603999927, -22.771079258999979 ], [ -41.881927071999954, -22.778474955999947 ], [ -41.883919565999967, -22.784975301 ], [ -41.916770189999951, -22.782243309 ], [ -41.929107828999989, -22.813856563999909 ], [ -41.967178184000019, -22.819612285999899 ], [ -41.987522658999964, -22.853584664999971 ], [ -41.980674022999963, -22.873629954999942 ], [ -42.028211092999989, -22.897977404999978 ], [ -42.033396769999975, -22.945698238999931 ], [ -41.995820649999978, -22.962362641999945 ], [ -42.020298463999971, -22.970890033999936 ], [ -42.013726957999985, -22.997476277999937 ], [ -42.069830625999955, -22.956483535999958 ], [ -42.359539147999946, -22.935778280999919 ], [ -42.598616769999985, -22.933527640999948 ], [ -42.677594045, -22.944835356999945 ], [ -42.691541727999933, -22.962453753999931 ], [ -43.026604044999956, -22.967383484999971 ], [ -43.024407057, -22.980485251999902 ], [ -43.050870781999983, -22.981542530999988 ], [ -43.051170369999987, -22.963843489999903 ], [ -43.135255114, -22.937865379999941 ], [ -43.12365851, -22.922896965999925 ], [ -43.098712705, -22.931279286999903 ], [ -43.096166194999981, -22.915873232999914 ], [ -43.135711988999965, -22.905662881999945 ], [ -43.134313904999928, -22.878661540999964 ], [ -43.114590940999982, -22.880777683 ], [ -43.126025267999978, -22.872450931999907 ], [ -43.114291350999977, -22.864537745999932 ], [ -43.112743472999981, -22.877971486999982 ], [ -43.096465785, -22.82740402699995 ], [ -43.064859108999904, -22.802872728999976 ], [ -43.079738713999944, -22.786577456999954 ], [ -43.02870866300001, -22.736206318 ], [ -43.033252434, -22.693371646999946 ], [ -43.084332416999978, -22.676971172000012 ], [ -43.127423349999923, -22.714974892999948 ], [ -43.159479409999975, -22.709263491999895 ], [ -43.267181777999951, -22.751402493999947 ], [ -43.281212545999921, -22.776449469999957 ], [ -43.266882188999944, -22.824182531999945 ], [ -43.232423866999987, -22.868039438999944 ], [ -43.217394467999988, -22.87563039 ], [ -43.20481171499992, -22.871535929999965 ], [ -43.211202956, -22.897388765999949 ], [ -43.178797373999899, -22.892420987999962 ], [ -43.16152105599997, -22.905300037999943 ], [ -43.180495046999944, -22.947654282999949 ], [ -43.152333649, -22.938549927999915 ], [ -43.150935564999955, -22.950918826999967 ], [ -43.167412978999948, -22.951286657999937 ], [ -43.159324066999915, -22.964068163000015 ], [ -43.183740597999986, -22.986639741999937 ], [ -43.22588283299995, -22.988294534999987 ], [ -43.286487198999986, -23.016426902999932 ], [ -43.454908098999944, -23.025502747999916 ], [ -43.535809926999946, -23.051713964999976 ], [ -43.552808780999918, -23.076609903999923 ], [ -43.586064928999967, -23.054740433999918 ], [ -43.639609417999935, -23.05287529199996 ], [ -44.007140425999957, -23.096677742999894 ], [ -44.007240251999953, -23.072177009999962 ], [ -43.955216912, -23.040201843999938 ], [ -43.89368638199997, -23.069322474999943 ], [ -43.877286484, -23.050759909 ], [ -43.894922316999917, -23.032326742999921 ], [ -43.789088405, -23.062139966999936 ], [ -43.598231581999976, -23.027637304999956 ], [ -43.673984838999957, -22.980470174999901 ], [ -43.700589486999974, -22.985961522999951 ], [ -43.776426934999989, -22.921816867999908 ], [ -43.806337436999975, -22.915071027999979 ], [ -43.840737279999971, -22.932176269999957 ], [ -43.854118499999934, -22.918731927999922 ], [ -43.841179111999935, -22.902068519 ], [ -43.910245075999939, -22.931034209999964 ], [ -43.981253921999937, -22.932063837999983 ], [ -44.042570059999981, -22.984432862999945 ], [ -44.056016203, -22.980951112 ], [ -44.040368787000013, -22.950597147999908 ], [ -44.054570554999927, -22.942750669999946 ], [ -44.079636679000011, -22.957165465999893 ], [ -44.082192995999954, -22.991356224999912 ], [ -44.113658538, -23.023294349999979 ], [ -44.153232212999981, -23.041079864999936 ], [ -44.160469559, -23.032104910999948 ], [ -44.171913838, -23.03325980999994 ], [ -44.194517181999977, -23.054871077999984 ], [ -44.200114538, -23.038341247999917 ], [ -44.250918579999983, -23.050021219999984 ], [ -44.221398758, -23.015308244000011 ], [ -44.251223069999952, -22.997661578 ], [ -44.29027834299994, -23.024185330999977 ], [ -44.306428680999964, -23.023756340999924 ], [ -44.302471312999913, -23.002602090999943 ], [ -44.351243192999966, -23.030653021999989 ], [ -44.363578772000011, -23.016133276999973 ], [ -44.355199925999962, -22.998521546999918 ], [ -44.327260984999945, -22.994309695999945 ], [ -44.30017994399995, -22.958187681999917 ], [ -44.333609444999951, -22.967535047999988 ], [ -44.337239631999935, -22.947894593999941 ], [ -44.320196018999987, -22.936307348999904 ], [ -44.365264364999945, -22.924262585999941 ], [ -44.370335505999954, -22.948245706999948 ], [ -44.349707778999935, -22.945471887999943 ], [ -44.376976285999902, -22.969591672999975 ], [ -44.388364114999952, -22.951897228999918 ], [ -44.414952659999969, -22.95353570099995 ], [ -44.41190234799992, -22.941129635000024 ], [ -44.435033872999981, -22.963834211999931 ], [ -44.441236170999971, -22.993508257999984 ], [ -44.425374554999948, -22.997673335999899 ], [ -44.44655081999997, -23.011913454999963 ], [ -44.430792652999983, -23.019965763999906 ], [ -44.44063259399995, -23.026389661999936 ], [ -44.476807449, -23.005670379999977 ], [ -44.596182093000024, -23.06407432399994 ], [ -44.594548044, -23.045736482999935 ], [ -44.645292666999943, -23.046781285999963 ], [ -44.686975747999931, -23.075427670999979 ], [ -44.698889444999978, -23.116407113999927 ], [ -44.687985886999932, -23.127123994999977 ], [ -44.706346643999971, -23.157648623999968 ], [ -44.698057563999981, -23.1745976079999 ], [ -44.720036997999934, -23.195477310999898 ], [ -44.712910564999952, -23.233614581999959 ], [ -44.643615042999961, -23.185633333999952 ], [ -44.615972889999988, -23.203737643999908 ], [ -44.624576895999922, -23.222190940999965 ], [ -44.662320436, -23.214041051999942 ], [ -44.654667149999945, -23.227089418999988 ], [ -44.688227528999946, -23.251974392 ], [ -44.613667397999919, -23.233437398999953 ], [ -44.657495538999932, -23.292246028999919 ], [ -44.647631829999952, -23.301554621999976 ], [ -44.599359077999985, -23.236424576999937 ], [ -44.561211481999962, -23.226430440999913 ], [ -44.582991395999926, -23.268095707999933 ], [ -44.538574996999913, -23.266338972999975 ], [ -44.502477389999946, -23.293071737999938 ], [ -44.529354209999923, -23.287620231999895 ], [ -44.555327853999955, -23.304007001999935 ], [ -44.584667037999921, -23.359159030999955 ], [ -44.607313162999972, -23.367023464999889 ], [ -44.607180061999969, -23.34780041599992 ], [ -44.62398877299993, -23.339074505999932 ], [ -44.634256536999949, -23.352294824999909 ], [ -44.640341136999972, -23.330962575999948 ], [ -44.659925947999945, -23.347431727999968 ], [ -44.675175478999947, -23.335562907999908 ], [ -44.686660162999935, -23.352470383999957 ], [ -44.715885261999965, -23.345307357999964 ], [ -44.727160789999964, -23.370235808999936 ], [ -44.796106924, -23.369867183999901 ], [ -44.840505497999956, -23.388560463 ], [ -44.847502789, -23.362810435 ], [ -44.891159800999979, -23.372342220999961 ], [ -44.882641360000015, -23.346676790999943 ], [ -44.906200175, -23.334017775999961 ], [ -44.977104789999899, -23.400406937999904 ], [ -45.044691184999962, -23.426140129999936 ], [ -45.057823324999923, -23.417824650999897 ], [ -45.06328029099997, -23.45295501799994 ], [ -45.017989773999929, -23.461136835999937 ], [ -45.063615698999925, -23.468968201999893 ], [ -45.081366320000015, -23.521636107999896 ], [ -45.088149223999906, -23.493393695999906 ], [ -45.122918403, -23.501246689999967 ], [ -45.107289168999927, -23.508421018 ], [ -45.112034659, -23.526368438999945 ], [ -45.169064208999927, -23.492752337999953 ], [ -45.161865421, -23.541677642 ], [ -45.186315468, -23.540299031999979 ], [ -45.194441646999927, -23.519779828999965 ], [ -45.227637475999956, -23.537066130999918 ], [ -45.210097176999952, -23.582059400999967 ], [ -45.262840216999955, -23.596350854000015 ], [ -45.298262153999964, -23.572207600999903 ], [ -45.335656715999946, -23.590860392999943 ], [ -45.35841261300002, -23.62491633 ], [ -45.415474030000013, -23.631154526999943 ], [ -45.430390754999927, -23.686523239999943 ], [ -45.419273179999941, -23.72580880999989 ], [ -45.397197125999988, -23.723445914999964 ], [ -45.412048027999958, -23.753948711999925 ], [ -45.395651855999937, -23.808627699999974 ], [ -45.43174828399998, -23.833056573999912 ], [ -45.467290251999977, -23.818565634999963 ], [ -45.514412491999963, -23.841717051999986 ], [ -45.561135812999986, -23.791556271999944 ], [ -45.623144451999949, -23.804739438999952 ], [ -45.643180522999955, -23.777603121 ], [ -45.803994120999931, -23.769784283999925 ], [ -45.81939816600002, -23.756686421999959 ], [ -45.962148609999986, -23.780666315999966 ], [ -46.032678699999984, -23.809281475999974 ], [ -46.047191506999958, -23.831989411999899 ], [ -46.06247, -23.813589 ], [ -46.118743998999911, -23.835573 ], [ -46.146189560999957, -23.905406881999966 ], [ -46.178254409999937, -23.923741152999945 ], [ -46.160248371999941, -23.945436388999916 ], [ -46.184500397, -23.964336138999961 ], [ -46.182378289, -23.990604732999977 ], [ -46.243206357999988, -23.991331413999973 ], [ -46.289388310999975, -24.04470389899992 ], [ -46.296177155999914, -24.015180749999921 ], [ -46.324677890999965, -24.021688996 ], [ -46.30655525199991, -23.993983909999969 ], [ -46.315391179999942, -23.980327213999949 ], [ -46.36512713, -23.972425659999963 ], [ -46.391639685999948, -23.997605440999948 ], [ -46.383488686999925, -24.017744712999963 ], [ -46.398502680999982, -24.033313415999913 ], [ -46.399148607999962, -24.018549790999963 ], [ -46.418462286999969, -24.015083753999889 ], [ -46.517804570999942, -24.047192619999954 ], [ -46.835141, -24.2106 ], [ -46.99981, -24.331051 ], [ -47.017051, -24.378478 ], [ -47.001329998999907, -24.398692 ], [ -47.008489998999913, -24.414362 ], [ -47.11026, -24.467258 ], [ -47.228731, -24.571809 ], [ -47.590113, -24.775035 ], [ -47.864202307578893, -25.0 ], [ -52.0, -25.0 ], [ -52.0, -21.343218088894272 ], [ -51.949124943999905, -21.209860001999989 ], [ -51.979018049999958, -21.157331997999925 ], [ -51.937050492999973, -21.164750465999912 ], [ -51.917236182999929, -21.127234291 ], [ -51.886345638999941, -21.126323556999957 ], [ -51.897469289999989, -21.10673977699998 ], [ -51.869667049, -21.103551168999942 ], [ -51.809680921999956, -21.057869335999943 ], [ -51.786455986999982, -21.009142499999975 ], [ -51.775180354999975, -21.02441062599992 ], [ -51.750422605, -20.996596092999894 ], [ -51.717361097999984, -20.917523395999979 ], [ -51.657850771999961, -20.880754037999946 ], [ -51.692654718, -20.840181117999975 ], [ -51.649171226999989, -20.796679247999958 ], [ -51.661565776999936, -20.746011977999931 ], [ -51.683732375000012, -20.714708593999983 ], [ -51.767356736999943, -20.682357096 ], [ -51.784000078, -20.654254596999952 ], [ -51.667568503999938, -20.656607671999957 ], [ -51.60411656699992, -20.584110594999924 ], [ -51.546687719, -20.578627334 ], [ -51.526598876999969, -20.53155862099992 ], [ -51.416395294, -20.429031464999955 ], [ -51.395260983999975, -20.369409908999966 ], [ -51.302336951999926, -20.332983340999963 ], [ -51.145165672999958, -20.300263541999971 ], [ -51.096647473999937, -20.267806437999955 ], [ -51.04415979299992, -20.19926942899993 ], [ -50.999679772999968, -20.085496940999978 ], [ -51.052876162999915, -20.024798909 ], [ -51.153075492999918, -19.985655939999955 ], [ -51.135760428999987, -19.955243749999937 ], [ -51.116984821999907, -19.97557562 ], [ -51.039546366999943, -19.992245131999894 ], [ -51.062024569999949, -19.967734032 ], [ -51.026737379999986, -19.901495411999978 ], [ -51.077256618999932, -19.874573539 ], [ -51.046165473999963, -19.821816417 ], [ -51.082200809000014, -19.81179487 ], [ -51.048388766999977, -19.760935768 ], [ -51.111357937999927, -19.709852889999965 ], [ -51.141945134999943, -19.733877963999888 ], [ -51.147793017999916, -19.712307512999935 ], [ -51.123840317999949, -19.692612912999937 ], [ -51.06798503200001, -19.698506954 ], [ -51.028354538999942, -19.651914112999943 ], [ -51.042951466999952, -19.629698633 ], [ -51.132886019999923, -19.599557928999975 ], [ -51.099860851999978, -19.595169152999933 ], [ -51.019466887999982, -19.62187419 ], [ -50.994748434999977, -19.574188410999923 ], [ -51.046676109999936, -19.531415613000011 ], [ -50.992946385, -19.536399493 ], [ -51.027051632999964, -19.494725309999946 ], [ -50.983340153999919, -19.465213321999983 ], [ -51.009062511999943, -19.431200276999924 ], [ -51.031875148, -19.431452790999945 ], [ -51.021616244000015, -19.409551036999936 ], [ -51.054830211999942, -19.414586128999897 ], [ -51.036718912999945, -19.381416718 ], [ -51.046403679999955, -19.344913023999929 ], [ -50.972690470999922, -19.422880659999983 ], [ -50.935089908999956, -19.445917529999942 ], [ -50.90883181600001, -19.44225662 ], [ -50.897632057999971, -19.420957621999943 ], [ -50.908787029999942, -19.386594436999957 ], [ -50.857450342999954, -19.31912609399998 ], [ -50.903504402999928, -19.262250389999988 ], [ -50.885943411999989, -19.257164303999982 ], [ -50.836354134999979, -19.28578251199998 ], [ -50.775368304, -19.24971450999989 ], [ -50.752822603999917, -19.222771788999967 ], [ -50.744024435999989, -19.154726103999916 ], [ -50.711886523, -19.14325894399996 ], [ -50.686766393999982, -19.104282485999921 ], [ -50.707445212999971, -19.033450301999974 ], [ -50.947140243999932, -18.894770917999967 ], [ -50.967044485999956, -18.828641294999912 ], [ -51.000181253999983, -18.798461166 ], [ -51.005432248999959, -18.743146004999986 ], [ -51.044289994999943, -18.708551200999931 ], [ -51.042210196999989, -18.68290194 ], [ -51.072819042999939, -18.633943618999979 ], [ -51.03511977299997, -18.639859777 ], [ -51.039927258999924, -18.662369336999948 ], [ -50.998391716999976, -18.696991957 ], [ -51.002881116, -18.717668869999912 ], [ -50.973786934999964, -18.741333002 ], [ -50.964708878999971, -18.788438849999952 ], [ -50.864710590999906, -18.883361629 ], [ -50.63790298, -18.948452457 ], [ -50.611543103999978, -18.919723313999967 ], [ -50.689466336999914, -18.883306498999971 ], [ -50.700234574999946, -18.848854241999987 ], [ -50.640419154, -18.83327835799998 ], [ -50.582737439999924, -18.844867199999968 ], [ -50.569863734999942, -18.826626037999969 ], [ -50.659300162, -18.78625636599994 ], [ -50.749893994999979, -18.683345872999965 ], [ -50.736245905999965, -18.678345849999975 ], [ -50.676446276999982, -18.71849804099995 ], [ -50.643953859999982, -18.70852947 ], [ -50.625763600999932, -18.721778716999967 ], [ -50.625483032999981, -18.67101387499995 ], [ -50.612990257999989, -18.665072922 ], [ -50.606524414999953, -18.699536390999935 ], [ -50.573738012999954, -18.708027014 ], [ -50.54713530699992, -18.739733777 ], [ -50.477471763999944, -18.725350226999979 ], [ -50.443990798999948, -18.6808536099999 ], [ -50.469361885999952, -18.642512191 ], [ -50.466430605999975, -18.617487457999967 ], [ -50.499306804999947, -18.62604671999993 ], [ -50.483506467999931, -18.602358603 ], [ -50.505286928999936, -18.591287011 ], [ -50.481536273999978, -18.574261259999933 ], [ -50.508804855999955, -18.570785840999967 ], [ -50.520527147999971, -18.526380027999942 ], [ -50.54571461999997, -18.552576761999958 ], [ -50.576904844999973, -18.537013658999943 ], [ -50.550604800999935, -18.523495974999967 ], [ -50.547183247999982, -18.49621899100001 ], [ -50.590827745999903, -18.508483846999976 ], [ -50.584204198999956, -18.485187670999967 ], [ -50.60839182099992, -18.494594312999965 ], [ -50.608968654999956, -18.473292836999974 ], [ -50.675806488999982, -18.443906880999958 ], [ -50.711887158999971, -18.462129031999982 ], [ -50.733549712, -18.455678380999959 ], [ -50.694946612999935, -18.422063253999962 ], [ -50.716097900999934, -18.341928878999955 ], [ -50.707922389999922, -18.322454120999939 ], [ -50.645234541999983, -18.342621347999962 ], [ -50.65071578299991, -18.359638192 ], [ -50.635363727999945, -18.367388385 ], [ -50.648782195999971, -18.382134959999949 ], [ -50.624150861999979, -18.378759362999983 ], [ -50.646661020999971, -18.397115867999933 ], [ -50.643340978999987, -18.427525059999969 ], [ -50.602643476999916, -18.453200008999978 ], [ -50.552211309999983, -18.441750332999959 ], [ -50.515111825, -18.472611272999892 ], [ -50.466581016, -18.472351259999961 ], [ -50.475351822999954, -18.502878595 ], [ -50.449393114, -18.490488791999912 ], [ -50.449520073999942, -18.519728357999984 ], [ -50.411853289, -18.484733614999968 ], [ -50.388704735999944, -18.502942398999952 ], [ -50.413820044000012, -18.519279851 ], [ -50.39369846299995, -18.526373975999974 ], [ -50.400547978999931, -18.543536395999979 ], [ -50.339987889, -18.54986416599996 ], [ -50.299510764999965, -18.58621597 ], [ -50.287380900999977, -18.561736140999926 ], [ -50.322933059000022, -18.540082013999978 ], [ -50.30809386199995, -18.525264582999931 ], [ -50.312609331, -18.502745398999906 ], [ -50.365009403999949, -18.481200045999987 ], [ -50.33209585199991, -18.463462081999968 ], [ -50.37390523899996, -18.442006049999979 ], [ -50.36120868299998, -18.422378016999982 ], [ -50.30929795099992, -18.460529845999915 ], [ -50.289470286000011, -18.434007009 ], [ -50.281286664999953, -18.447647116999985 ], [ -50.300442142999934, -18.46991355899997 ], [ -50.287376073999937, -18.494055227999947 ], [ -50.265938620999975, -18.510160578999976 ], [ -50.253803374999983, -18.489832208999943 ], [ -50.249099612, -18.517172046999949 ], [ -50.223343918999959, -18.509759448999915 ], [ -50.220505868999979, -18.535900171 ], [ -50.20071956599994, -18.533076712999982 ], [ -50.197513234999946, -18.506038007999933 ], [ -50.180132299999983, -18.513400011999956 ], [ -50.171349090999961, -18.499511474999938 ], [ -50.150859431999905, -18.52477340299988 ], [ -50.160256691999926, -18.543651965999949 ], [ -50.125308482999941, -18.541654552999972 ], [ -50.086135831999925, -18.580579833999952 ], [ -50.05674178699995, -18.57420755599993 ], [ -49.941806931, -18.623222050999985 ], [ -49.886514092999974, -18.607944544999974 ], [ -49.794588748999956, -18.64366098899993 ], [ -49.767673942999949, -18.611239761999951 ], [ -49.733701303999943, -18.616082034999945 ], [ -49.676224205999929, -18.588945435999968 ], [ -49.638996488999986, -18.600154189999948 ], [ -49.654097887, -18.558261204999912 ], [ -49.604248986, -18.542937545 ], [ -49.607792628000013, -18.513785155999937 ], [ -49.591282408999973, -18.534533630999913 ], [ -49.554152076, -18.53392488 ], [ -49.54508412099996, -18.489453989 ], [ -49.506978562999947, -18.481629491 ], [ -49.471681180999937, -18.506393713999966 ], [ -49.474417102999908, -18.557340913999973 ], [ -49.447579166999958, -18.572759142999903 ], [ -49.410419682999972, -18.634726724999936 ], [ -49.382384830000014, -18.638147770999932 ], [ -49.333114666999947, -18.563766143999935 ], [ -49.293666382999945, -18.561480981999953 ], [ -49.287029816, -18.53607399 ], [ -49.248991650999962, -18.519632434999952 ], [ -49.228944876999961, -18.477772971999936 ], [ -49.198763749999962, -18.45640379499994 ], [ -49.212026259999959, -18.416595164999968 ], [ -49.166386521999982, -18.416472829999972 ], [ -49.157666101999922, -18.402994020999927 ], [ -49.157162216999971, -18.359693323999945 ], [ -49.178997990999939, -18.338787810999943 ], [ -49.170839690999934, -18.313968747999962 ], [ -49.194257439999966, -18.277159225999981 ], [ -49.177154613, -18.223333012999973 ], [ -49.128374281999967, -18.208254729000014 ], [ -49.122696857999969, -18.239682941999899 ], [ -49.105621921, -18.245151354 ], [ -49.102068145999951, -18.221601649999982 ], [ -49.082979941999952, -18.213653567999962 ], [ -49.061411661, -18.258633729999904 ], [ -49.06750677, -18.281309846999946 ], [ -49.025002715999946, -18.256761483999981 ], [ -49.048345615, -18.24377722299991 ], [ -49.027894480000022, -18.22501104 ], [ -49.037542104999972, -18.202646308999956 ], [ -49.018715297999925, -18.172618067 ], [ -49.041359228999966, -18.154793903999952 ], [ -49.012150623999972, -18.159303756999975 ], [ -48.995757340999923, -18.141287382999923 ], [ -49.034592923999938, -18.119411267 ], [ -49.049864273999972, -18.087604819999989 ], [ -48.958386166000011, -18.06626282400002 ], [ -48.963535474000011, -18.033183655999959 ], [ -48.994245669, -18.026801506 ], [ -49.013133071, -18.063690504 ], [ -49.054061831999917, -18.076782872999949 ], [ -49.063606706999984, -18.062540073000019 ], [ -49.052240813999973, -18.04219146899991 ], [ -49.094473278999942, -18.044771488999952 ], [ -49.086706254999982, -17.980661033999986 ], [ -49.112771765999973, -17.98494891799994 ], [ -49.106870229, -17.968192484999953 ], [ -49.142584542999955, -17.928962134999956 ], [ -49.13695168000001, -17.868287401999957 ], [ -49.108629644, -17.871989611999947 ], [ -49.136514565999988, -17.841219779 ], [ -49.097936750999978, -17.830075702999956 ], [ -49.071719500999954, -17.844868116999976 ], [ -49.058819741999947, -17.832456108 ], [ -49.056749629, -17.852262738999944 ], [ -48.985894844999955, -17.861977632999956 ], [ -49.008789853999986, -17.902252109999925 ], [ -48.97146758699995, -17.92859243199992 ], [ -48.955060717999928, -17.884016274999922 ], [ -48.942183671999942, -17.903440744999951 ], [ -48.929434538999956, -17.884545689999939 ], [ -48.919166499999918, -17.902776313999954 ], [ -48.929765359999976, -17.91978010999998 ], [ -48.907927507999929, -17.931642213000018 ], [ -48.806483081999929, -17.875871552999975 ], [ -48.806812942999954, -17.903802758999973 ], [ -48.732713700999966, -17.952212160999967 ], [ -48.693332386999913, -18.012300280000012 ], [ -48.675242069999953, -17.99814213099998 ], [ -48.61999306099991, -18.020806807999964 ], [ -48.630106928999979, -18.054671511 ], [ -48.613691226999947, -18.068594548999947 ], [ -48.640186032999935, -18.091571817999949 ], [ -48.626700959, -18.141398762999902 ], [ -48.550112499999919, -18.167163305999953 ], [ -48.555899241, -18.205054043999954 ], [ -48.544556502999939, -18.215740295999957 ], [ -48.519712418000012, -18.206537725999969 ], [ -48.526318819999958, -18.226950042999931 ], [ -48.487325917999982, -18.252732038 ], [ -48.494145079999939, -18.263318157999983 ], [ -48.463632500999964, -18.305728712999944 ], [ -48.426405829999929, -18.311606123999965 ], [ -48.441315505999967, -18.281079961999932 ], [ -48.405986486999922, -18.237084823999957 ], [ -48.339960145999967, -18.277060755 ], [ -48.323042899, -18.301696168999978 ], [ -48.329081435999939, -18.380268705999988 ], [ -48.363425364999934, -18.452866106999974 ], [ -48.387399343999981, -18.432255072 ], [ -48.416329407999939, -18.443032204999973 ], [ -48.469976382999945, -18.419974339999964 ], [ -48.487869713999942, -18.466138142999963 ], [ -48.500195688, -18.461066606 ], [ -48.508003995, -18.478785597999966 ], [ -48.519647264999954, -18.45557103799996 ], [ -48.544838397999989, -18.505407381999891 ], [ -48.524869759999966, -18.506971612 ], [ -48.498941992, -18.541517636999924 ], [ -48.442256479000022, -18.556627309 ], [ -48.419702279999939, -18.589986330999938 ], [ -48.356036337999981, -18.576947464999968 ], [ -48.342468882999981, -18.591254974999924 ], [ -48.325357202, -18.580432897999962 ], [ -48.328217227000025, -18.563735896 ], [ -48.309939635999939, -18.585949268999954 ], [ -48.28504978899997, -18.588469575999941 ], [ -48.289136303999953, -18.614694036999943 ], [ -48.263855301999946, -18.635335955999984 ], [ -48.28204725899996, -18.651166110999981 ], [ -48.240715000999955, -18.675774658999952 ], [ -48.278444346999926, -18.694794098999953 ], [ -48.283151081999989, -18.714209867999973 ], [ -48.24806045199994, -18.716896471999952 ], [ -48.223812897, -18.689055869 ], [ -48.193349779999934, -18.687881483999899 ], [ -48.21698544299997, -18.70390779899996 ], [ -48.210668345999984, -18.719662517999932 ], [ -48.277912335999957, -18.770528086999935 ], [ -48.298816791999968, -18.766721453999921 ], [ -48.282409145999971, -18.740452798 ], [ -48.319896537, -18.737765093999922 ], [ -48.327228998999971, -18.699266445999982 ], [ -48.359100094, -18.681972841999958 ], [ -48.342869858999933, -18.659930510999953 ], [ -48.359569617999938, -18.635431270999966 ], [ -48.383643383999981, -18.673730474999925 ], [ -48.379083225999977, -18.70055582 ], [ -48.444670144999975, -18.717255998999946 ], [ -48.435591556999945, -18.677973607 ], [ -48.482701246999959, -18.667052975999962 ], [ -48.500807944999934, -18.617703656999915 ], [ -48.528998444999985, -18.620784419999911 ], [ -48.564918420999987, -18.582972577999954 ], [ -48.592270748999965, -18.602543531999935 ], [ -48.611075650999979, -18.5878947809999 ], [ -48.609430281999906, -18.568611209999982 ], [ -48.659044635999948, -18.548111637 ], [ -48.654740852999922, -18.519988423 ], [ -48.674903721999939, -18.502750969000012 ], [ -48.645211075999953, -18.43001704700001 ], [ -48.664430968000019, -18.397870166999905 ], [ -48.678814050999918, -18.416983953999896 ], [ -48.69146907899993, -18.405257719999909 ], [ -48.687486883999952, -18.462465214 ], [ -48.778533001999968, -18.454252400999923 ], [ -48.786783213999939, -18.48082602899995 ], [ -48.765750892999925, -18.486670549999914 ], [ -48.789203333999986, -18.503310790999969 ], [ -48.828979745999959, -18.502289548999936 ], [ -48.832447014999957, -18.485380846999963 ], [ -48.895344970999965, -18.457037908999915 ], [ -48.916707844999976, -18.454769157999959 ], [ -48.917793515, -18.473881002999967 ], [ -48.946439292999976, -18.468671442999959 ], [ -48.950520324999957, -18.484364546999895 ], [ -49.016536945999988, -18.516075520999905 ], [ -48.980205106999918, -18.540953821999903 ], [ -49.000029602, -18.551155519999959 ], [ -49.022844619999901, -18.539792758999937 ], [ -49.036211189999989, -18.571321848 ], [ -49.06947386399996, -18.563153572999965 ], [ -49.041053337999969, -18.593004363999984 ], [ -49.072221365, -18.642657157 ], [ -49.040598878999944, -18.636834037999947 ], [ -49.028005955999916, -18.647092913999938 ], [ -49.042612376, -18.660707966999976 ], [ -48.990714907999973, -18.695002942 ], [ -49.076188665999986, -18.681501536999953 ], [ -49.084626628999949, -18.662321624 ], [ -49.097717806999981, -18.672164197999916 ], [ -49.100138192999964, -18.647122462999985 ], [ -49.12112786999991, -18.652148478 ], [ -49.11630258, -18.637177106999911 ], [ -49.137556253999932, -18.623964350999941 ], [ -49.176983240999945, -18.628861215000011 ], [ -49.186644394999959, -18.667739674999936 ], [ -49.172786576, -18.701591101999945 ], [ -49.228402041999985, -18.7006652389999 ], [ -49.213972127999938, -18.725750473999966 ], [ -49.252358934999947, -18.72309992099995 ], [ -49.247317531, -18.749024008999967 ], [ -49.280056223999956, -18.765345662999952 ], [ -49.281909641999917, -18.797380032999985 ], [ -49.369569004999931, -18.826437045999963 ], [ -49.452061934999961, -18.798727536999923 ], [ -49.455007236999933, -18.765108733999977 ], [ -49.514659583999986, -18.736959158999941 ], [ -49.548680991999937, -18.737247285999977 ], [ -49.572900265999941, -18.764248497999944 ], [ -49.611793932999973, -18.768370676999954 ], [ -49.665225177999986, -18.758473618999968 ], [ -49.67968175799993, -18.729444281999971 ], [ -49.726337778999977, -18.716821318999951 ], [ -49.750086607999954, -18.751046209999952 ], [ -49.842425979999945, -18.778318460999962 ], [ -49.856619134999946, -18.797575989999945 ], [ -49.832511000999901, -18.801568260999954 ], [ -49.823878398, -18.821862299999989 ], [ -49.847413479999972, -18.831107504999952 ], [ -49.845065668999951, -18.849578157999932 ], [ -49.81788354399994, -18.875760987999953 ], [ -49.820982414999925, -18.892813597999933 ], [ -49.7781408, -18.90828237999996 ], [ -49.792796964999937, -18.931961363999935 ], [ -49.763650963999972, -18.92993939899997 ], [ -49.766896930999962, -18.952680203999947 ], [ -49.741233773999951, -18.961806651999943 ], [ -49.714330205999978, -18.94676286 ], [ -49.71760806999994, -18.996034564999928 ], [ -49.690365453999988, -18.990429663999983 ], [ -49.705457954999964, -19.010980956999987 ], [ -49.660497166999939, -19.033434621 ], [ -49.639248357999953, -19.064104924999977 ], [ -49.596897530999961, -19.049099101999975 ], [ -49.613699825999923, -19.075334717000011 ], [ -49.585932858999925, -19.083304849999902 ], [ -49.588981813999951, -19.104088309999931 ], [ -49.567600146, -19.102830478999952 ], [ -49.569856396999981, -19.12330882599996 ], [ -49.499976522999958, -19.18518869299993 ], [ -49.51241199, -19.224737060999949 ], [ -49.566179721999973, -19.175966172999978 ], [ -49.601088176999951, -19.20971386199993 ], [ -49.576898306999979, -19.139777328999926 ], [ -49.593028294, -19.13397726599991 ], [ -49.604818467999955, -19.149563216999951 ], [ -49.612377115, -19.121441398999902 ], [ -49.64667553699995, -19.105732303999975 ], [ -49.661293972999964, -19.073218959000013 ], [ -49.694161493999921, -19.065242523999956 ], [ -49.69015329099993, -19.050375616999901 ], [ -49.73894909900001, -18.997684234999909 ], [ -49.759002903999971, -19.006684633999956 ], [ -49.79351273000001, -18.952992753999961 ], [ -49.827345351999973, -18.949054038999943 ], [ -49.816596053999902, -18.935194336999913 ], [ -49.836493321999974, -18.916556486999955 ], [ -49.859311954, -18.921739534 ], [ -49.857308655999972, -18.889821419999983 ], [ -49.882207274999971, -18.901157853999958 ], [ -49.87386122499997, -18.876527701999976 ], [ -49.897882372999923, -18.870239587 ], [ -49.904859081999952, -18.842295366999981 ], [ -49.929446248000019, -18.84686694499996 ], [ -49.922208412999964, -18.875355902999921 ], [ -49.939221107000023, -18.882410772999933 ], [ -49.926822063999964, -18.929662361999963 ], [ -49.944783267999981, -18.926508858999988 ], [ -49.956912497999916, -18.899025552999923 ], [ -49.950939596999987, -18.860579671 ], [ -49.96569733099998, -18.821344470999954 ], [ -50.000666607999932, -18.839058585999954 ], [ -49.99249649999993, -18.902975410999975 ], [ -49.963631172999911, -18.951717947 ], [ -49.992518020999931, -18.958289684999915 ], [ -50.00359583399991, -18.911365271999955 ], [ -50.024086722999982, -18.907651941999934 ], [ -50.008475749999917, -18.895364472999962 ], [ -50.014323960999917, -18.873395228999964 ], [ -50.029194348, -18.869066710999935 ], [ -50.000421858999928, -18.800814135999907 ], [ -50.024606123999973, -18.786744961999954 ], [ -50.041126452999961, -18.797617676999931 ], [ -50.051910309999954, -18.777903258999981 ], [ -50.068533652999946, -18.796429304999926 ], [ -50.087005083, -18.788545718999913 ], [ -50.098410959999939, -18.815144834999916 ], [ -50.104480855999988, -18.786704893000014 ], [ -50.118229743, -18.801596485999891 ], [ -50.142112077999926, -18.788252615 ], [ -50.169993638999983, -18.802908396 ], [ -50.170609433999957, -18.82145618699996 ], [ -50.205454699999947, -18.824989190999894 ], [ -50.213406248, -18.763742354999987 ], [ -50.262874880999959, -18.740090604999956 ], [ -50.279746314999961, -18.767909855999928 ], [ -50.299056541999953, -18.759988882999931 ], [ -50.303969373999919, -18.781708593999976 ], [ -50.259799334999954, -18.809248509999929 ], [ -50.318744715999955, -18.825246651999969 ], [ -50.343445065999973, -18.869190766999985 ], [ -50.309423139999979, -18.878877559999982 ], [ -50.288331695999958, -18.862545372999925 ], [ -50.273790644999949, -18.880716437999986 ], [ -50.316418540999948, -18.903307982999959 ], [ -50.320122946999945, -18.921424137 ], [ -50.347169353000012, -18.92309426 ], [ -50.349137060000018, -18.939820614999977 ], [ -50.381615959999969, -18.92365469 ], [ -50.454247016999901, -18.94639040799991 ], [ -50.416578479999899, -18.972406237999969 ], [ -50.371152239, -18.953445586999948 ], [ -50.365552844999968, -18.974912133 ], [ -50.311532421999971, -19.00083542999996 ], [ -50.452348448999928, -19.003699368999957 ], [ -50.468161277, -19.055719071999885 ], [ -50.509920886999922, -19.097842938999928 ], [ -50.526811767999931, -19.14452309899993 ], [ -50.589689392999944, -19.159903212 ], [ -50.638874397999984, -19.151673480999939 ], [ -50.710676231999962, -19.196850183999977 ], [ -50.696654103, -19.211104171999946 ], [ -50.574598458000011, -19.214738621999924 ], [ -50.571577244999965, -19.248380971999953 ], [ -50.70689343899997, -19.226878417999934 ], [ -50.731133273999987, -19.249632987999984 ], [ -50.72791453899994, -19.268542042 ], [ -50.814479245999976, -19.320108492 ], [ -50.802193645999978, -19.374482554999947 ], [ -50.828958331999914, -19.408909239999947 ], [ -50.825007811999988, -19.447965905999961 ], [ -50.767873494999918, -19.475567825999981 ], [ -50.827138836999922, -19.509046379999958 ], [ -50.900430665999984, -19.496111759 ], [ -50.889343164, -19.563239752999969 ], [ -50.907975413999935, -19.585591251999976 ], [ -50.901874597999907, -19.599714080999927 ], [ -50.948206140999929, -19.609658606999933 ], [ -50.98634388299994, -19.676810492999927 ], [ -51.017370763999921, -19.695870793999934 ], [ -51.009937516999955, -19.717282184999959 ], [ -51.025861176999967, -19.735425392999936 ], [ -50.981058617999977, -19.790733389999978 ], [ -50.986472648999936, -19.881284894999926 ], [ -50.925416147999968, -19.876515916999956 ], [ -50.914685967999972, -19.852983211 ], [ -50.903623276, -19.877558676 ], [ -50.880966069999921, -19.878042280999949 ], [ -50.961240801, -19.905474428999955 ], [ -50.969383260999933, -19.972580885999921 ], [ -50.943999086999909, -19.983999249999925 ], [ -50.874539913999968, -19.94389560699997 ], [ -50.819317310999978, -19.932029702999973 ], [ -50.803998511000017, -19.919527021999958 ], [ -50.806456009999955, -19.893147011999964 ], [ -50.785488658, -19.920553915999925 ], [ -50.762451766999938, -19.915400725999962 ], [ -50.737981987999902, -19.864039059999946 ], [ -50.721231836999905, -19.896801851999943 ], [ -50.713152371999939, -19.879926243999954 ], [ -50.685135407999951, -19.890271396999889 ], [ -50.681086314999945, -19.868762788 ], [ -50.662958566, -19.871427189 ], [ -50.654130676999927, -19.849141188 ], [ -50.613262723999974, -19.834915639999981 ], [ -50.628779540999979, -19.800494969999946 ], [ -50.609284282999951, -19.805287336999985 ], [ -50.61423284199995, -19.791391028999946 ], [ -50.579663845999988, -19.764388869999902 ], [ -50.601791711999965, -19.726659244 ], [ -50.568050195, -19.753587678999981 ], [ -50.547553581999978, -19.744014209999946 ], [ -50.562647435999985, -19.68408878099995 ], [ -50.526904208999945, -19.736320532999926 ], [ -50.470066889999927, -19.724497006999972 ], [ -50.479011209999953, -19.661284315999946 ], [ -50.453061384999941, -19.680341104000018 ], [ -50.406166666999951, -19.684505452999964 ], [ -50.440855869999908, -19.713740918999964 ], [ -50.42569866, -19.735742214999949 ], [ -50.398462809999977, -19.725617957999905 ], [ -50.383948339999947, -19.697934155999949 ], [ -50.353878445999925, -19.694494940999959 ], [ -50.370367656, -19.729850465999984 ], [ -50.338206117999931, -19.721289014000018 ], [ -50.359507908999944, -19.750857527999951 ], [ -50.361625396, -19.819060284999942 ], [ -50.334129429999948, -19.810803831999987 ], [ -50.32912018, -19.759466322999927 ], [ -50.314838354999949, -19.749526534999958 ], [ -50.311427481, -19.788809701999973 ], [ -50.288535408999934, -19.811498235999977 ], [ -50.266665297999964, -19.801520639999989 ], [ -50.228812076999958, -19.835253439999953 ], [ -50.215866536999982, -19.816019910999913 ], [ -50.197504916999968, -19.830551012999894 ], [ -50.190567110999964, -19.807651717999949 ], [ -50.17620060499992, -19.842425951999928 ], [ -50.160272411999983, -19.840466140999954 ], [ -50.139302556999986, -19.827012574999955 ], [ -50.139470919999972, -19.799389553999966 ], [ -50.11864221499993, -19.803670101999934 ], [ -50.105833084999958, -19.777328664999935 ], [ -50.131481170999969, -19.743930194000011 ], [ -50.123478565999967, -19.73373558299992 ], [ -50.071316806000013, -19.754736835999939 ], [ -50.079811498999959, -19.769864716 ], [ -50.066774008999928, -19.797291903999955 ], [ -50.039465648999951, -19.789260077999934 ], [ -50.0467421, -19.808545102999972 ], [ -50.006241097000029, -19.796831640999976 ], [ -50.014315836999955, -19.82459068099994 ], [ -50.045150694999947, -19.842599743999919 ], [ -49.977344783000021, -19.841660309 ], [ -50.00990355799992, -19.866900147999974 ], [ -50.001345347999958, -19.897747512999938 ], [ -49.920861931999937, -19.889214077999981 ], [ -49.904658995, -19.90741504299994 ], [ -49.887511734000014, -19.895928337999965 ], [ -49.849045288999982, -19.912758412999917 ], [ -49.786496353, -19.878919858 ], [ -49.779614066999955, -19.845479491999981 ], [ -49.761745100999931, -19.887841407999915 ], [ -49.722035900999927, -19.873011588999908 ], [ -49.711168077, -19.90424323399996 ], [ -49.658228843999929, -19.906699074999942 ], [ -49.584984973999923, -19.851903780999955 ], [ -49.537842634999961, -19.863358756999968 ], [ -49.516687539, -19.843744505999958 ], [ -49.480976132999928, -19.888095898999921 ], [ -49.473462136999942, -19.801067503999978 ], [ -49.449957658999935, -19.839020422999972 ], [ -49.445185259999946, -19.818418786999889 ], [ -49.429923790999929, -19.82863593999998 ], [ -49.409063625999948, -19.795069937999962 ], [ -49.445436430999948, -19.745110578999977 ], [ -49.413164352999956, -19.725721298999929 ], [ -49.414741448999976, -19.752143796999974 ], [ -49.385181110999923, -19.74669883399994 ], [ -49.389555505999923, -19.777138346 ], [ -49.334380337999946, -19.775205360999934 ], [ -49.390028237999957, -19.804639763999962 ], [ -49.444827596999929, -19.86859686299994 ], [ -49.415208274999969, -19.876400119999968 ], [ -49.378373546999939, -19.831991100999943 ], [ -49.334522975999938, -19.816587946999928 ], [ -49.399413640999981, -19.875682571999928 ], [ -49.399234157999956, -19.891913976 ], [ -49.425475359999922, -19.89104358 ], [ -49.441351398999984, -19.915198977999967 ], [ -49.444415239, -19.936469334999959 ], [ -49.40633055899994, -19.973748473999894 ], [ -49.36793424399994, -19.966827687999963 ], [ -49.345025960999962, -19.936337301999959 ], [ -49.330988627999986, -19.943308299999959 ], [ -49.308476721999938, -19.884138807999893 ], [ -49.269305769999974, -19.838230648 ], [ -49.21049441599996, -19.889434732999941 ], [ -49.227692097999949, -19.839567603999949 ], [ -49.199896395999971, -19.842596721999936 ], [ -49.185669982999983, -19.880000883 ], [ -49.156450537999973, -19.824574903999967 ], [ -49.16623370199995, -19.804507186 ], [ -49.123781472999916, -19.808256155999956 ], [ -49.138614083999975, -19.867430615999989 ], [ -49.177188981, -19.918161351999938 ], [ -49.159046001999961, -19.921272661999975 ], [ -49.11966177199993, -19.880106551999951 ], [ -49.147383028999968, -19.95520156 ], [ -49.106085607999916, -19.945261798999944 ], [ -49.08466623799994, -19.915668958999952 ], [ -49.089455920999939, -19.959947751999948 ], [ -49.11697516699995, -20.007198601999917 ], [ -49.1952206509999, -20.007853499999925 ], [ -49.197970269999942, -20.028977405999967 ], [ -49.229644750999952, -20.038108635999915 ], [ -49.255369031999962, -20.065304291999983 ], [ -49.257575111999969, -20.121963727999933 ], [ -49.280861706999985, -20.144436865999968 ], [ -49.285955938999962, -20.188913169999964 ], [ -49.257148269999917, -20.259069223000012 ], [ -49.226144543999979, -20.303368752999948 ], [ -49.196461380999978, -20.312358928999949 ], [ -49.253214154999924, -20.308456651999926 ], [ -49.280691421999933, -20.266329513999967 ], [ -49.282749628999966, -20.225432574999921 ], [ -49.318130255999932, -20.232223331999929 ], [ -49.341356264999916, -20.205909554 ], [ -49.349019958000028, -20.143566642999907 ], [ -49.33755859399993, -20.114100338 ], [ -49.352352805999921, -20.088434395000018 ], [ -49.323544786999939, -20.019968881999958 ], [ -49.356594204999936, -20.005975177999943 ], [ -49.379447075999948, -20.046577899999892 ], [ -49.407921378999944, -20.054808622999939 ], [ -49.414718394999937, -20.034130781999945 ], [ -49.454964455999949, -20.030437470999981 ], [ -49.454370438999916, -20.003056852999975 ], [ -49.474154239000015, -20.014096892999941 ], [ -49.484339926, -20.000247232999943 ], [ -49.508510908, -20.004368636999978 ], [ -49.513433517999971, -19.973445354999949 ], [ -49.550857563, -19.941739135999978 ], [ -49.563354858999915, -19.951954759999943 ], [ -49.535571987999937, -19.993786518999975 ], [ -49.534353012999972, -20.047022409 ], [ -49.560342039999952, -20.083874929999975 ], [ -49.597873312999965, -20.078496434999934 ], [ -49.628917459999954, -20.097407608999948 ], [ -49.670617997999969, -20.062990331999927 ], [ -49.667196061999988, -20.035516655999949 ], [ -49.702972106, -20.029925845000015 ], [ -49.70309650599998, -20.007744265999946 ], [ -49.728565445999905, -20.011830930999949 ], [ -49.716847549999983, -19.979943770999927 ], [ -49.729126798999985, -19.949882093999957 ], [ -49.750933172999922, -19.964287091999985 ], [ -49.75611482799993, -19.946289936999925 ], [ -49.787520378999986, -19.951129627999972 ], [ -49.79294272700001, -19.968459393999968 ], [ -49.77194085899994, -20.005307118999912 ], [ -49.835580455999938, -19.95906192999993 ], [ -49.876012282999959, -19.970962984 ], [ -49.865303404999949, -19.998038931999925 ], [ -49.883069888999927, -20.025179036999926 ], [ -49.859546124999923, -20.005257753999913 ], [ -49.818794876999938, -20.011108979999989 ], [ -49.791266907, -20.066135713999941 ], [ -49.731264919999973, -20.066910606999929 ], [ -49.719235741999967, -20.105905821999922 ], [ -49.697566289, -20.099418685999989 ], [ -49.679794627999939, -20.111945183999932 ], [ -49.682692894999931, -20.13012861299995 ], [ -49.659428995999932, -20.127329005999947 ], [ -49.664170552999941, -20.144629076999973 ], [ -49.618307176999934, -20.154547059 ], [ -49.601910236999935, -20.196109582999963 ], [ -49.673724909, -20.188439795999965 ], [ -49.695377433999987, -20.151432745999983 ], [ -49.772698928999958, -20.126930354 ], [ -49.800998764, -20.099376647999975 ], [ -49.838197376000011, -20.128185398999928 ], [ -49.832829073999932, -20.091448337 ], [ -49.859407156999964, -20.045605862999935 ], [ -49.872613760999961, -20.055297013999937 ], [ -49.862284191999983, -20.090836617 ], [ -49.881582006000016, -20.124980241999943 ], [ -49.89798633, -20.121041491999922 ], [ -49.900923527000018, -20.089308687999971 ], [ -49.917151532999981, -20.137443644 ], [ -49.944603365999924, -20.15353106799996 ], [ -49.941838090999923, -20.126799109999979 ], [ -49.957946340999925, -20.127236534999934 ], [ -49.961058118, -20.100485239999951 ], [ -49.953693361999925, -20.041385080999937 ], [ -49.967780561999952, -20.020913569999962 ], [ -49.94834170999998, -20.021308361999942 ], [ -49.931314141999934, -19.981022465 ], [ -50.000360003999965, -20.013780301999947 ], [ -49.982681515999985, -20.032319422999908 ], [ -50.02589843699996, -20.056212274 ], [ -50.017605643999929, -20.115986741999933 ], [ -50.031679782999937, -20.12459137799992 ], [ -50.060774227, -20.067904513 ], [ -50.022712752, -19.997503959999982 ], [ -50.076086641999964, -19.972533711999926 ], [ -50.102063535999903, -20.024269929999935 ], [ -50.08175994799997, -20.038633381 ], [ -50.096930218999901, -20.052787104999922 ], [ -50.087059191999941, -20.08167189199995 ], [ -50.104559368, -20.113788606999957 ], [ -50.086367240999977, -20.118946786999977 ], [ -50.108474866999963, -20.142105543999985 ], [ -50.098799093999986, -20.159118744 ], [ -50.049632554999967, -20.15697875499994 ], [ -50.039316077, -20.203309035999947 ], [ -50.021366638999986, -20.212166774999915 ], [ -49.982482524999952, -20.215323556999984 ], [ -49.973893458, -20.186087423999929 ], [ -49.99075703699998, -20.178018240999926 ], [ -49.965871496, -20.167826201999958 ], [ -49.913501415999946, -20.215893711 ], [ -49.850719946999988, -20.140385254999934 ], [ -49.834815749, -20.150683655 ], [ -49.840208225999945, -20.17364702 ], [ -49.805852680999976, -20.141073465999945 ], [ -49.77557262699996, -20.195591491 ], [ -49.70592402299998, -20.190934063999929 ], [ -49.715793004999952, -20.21676038099994 ], [ -49.679915905999934, -20.26935593 ], [ -49.683432651999951, -20.292983287999963 ], [ -49.653683928999939, -20.350297046999962 ], [ -49.669539405999984, -20.376219132999903 ], [ -49.654092941999934, -20.400441589 ], [ -49.622595282, -20.39591850199994 ], [ -49.613061535999961, -20.378373932999935 ], [ -49.627101242999956, -20.287938749999931 ], [ -49.667145821, -20.223483436999942 ], [ -49.633396057999967, -20.221070342999944 ], [ -49.575108606999962, -20.275937089999982 ], [ -49.551842235000024, -20.26553161799994 ], [ -49.533525755999918, -20.335147040999932 ], [ -49.490553494000025, -20.363995495999973 ], [ -49.476602938999932, -20.350912971999943 ], [ -49.454119276, -20.357753353999971 ], [ -49.463635171999982, -20.273558635999919 ], [ -49.449190489999964, -20.253198047999973 ], [ -49.417898345999966, -20.276970603999963 ], [ -49.427580927999969, -20.28690082999994 ], [ -49.413600742999918, -20.328688782 ], [ -49.356797458999964, -20.290050240999932 ], [ -49.363077165999968, -20.320727189 ], [ -49.334426772999976, -20.317735117999977 ], [ -49.347884639999975, -20.380038997999947 ], [ -49.326990445000021, -20.391623640999942 ], [ -49.313360195999962, -20.37428892099998 ], [ -49.324454239999959, -20.422314015999973 ], [ -49.283454316999922, -20.436500004 ], [ -49.307059950999957, -20.468061870999929 ], [ -49.266371685999943, -20.46074940399992 ], [ -49.270954049999929, -20.478614492999977 ], [ -49.238186231999961, -20.494936052999954 ], [ -49.248580052999927, -20.516681873999939 ], [ -49.234664161999952, -20.532478907999948 ], [ -49.166874041, -20.547087854999976 ], [ -49.129714393, -20.493251035999979 ], [ -49.086114575999957, -20.466114858999948 ], [ -49.134583756000012, -20.463374055000013 ], [ -49.154065320999976, -20.400765455999966 ], [ -49.123470539999943, -20.401549306999986 ], [ -49.111630313999939, -20.423687914999963 ], [ -49.08356045999993, -20.430688075999978 ], [ -49.065169252999951, -20.417401302000012 ], [ -49.08151437699992, -20.396632381999943 ], [ -49.050964591999978, -20.394828987999944 ], [ -49.018644427000012, -20.458928996999934 ], [ -49.029795318, -20.484496371000013 ], [ -49.05271661, -20.470278627999935 ], [ -49.043805214999935, -20.511227838999954 ], [ -49.017096995999964, -20.507922375999929 ], [ -49.00953869199995, -20.488878818999975 ], [ -48.984948995999943, -20.514898960999947 ], [ -48.957681835, -20.508355161999944 ], [ -48.964075110999985, -20.606986943999924 ], [ -48.886777020999901, -20.534317060999982 ], [ -48.868006149999957, -20.55051614499995 ], [ -48.849936316999916, -20.534740717999952 ], [ -48.805530338999972, -20.591015318999947 ], [ -48.765660226999969, -20.590209484999974 ], [ -48.766979759, -20.54319293499994 ], [ -48.814690350999989, -20.513553794999936 ], [ -48.779813184999931, -20.433373918999983 ], [ -48.734677340999987, -20.462696120999965 ], [ -48.722729237999943, -20.49216389 ], [ -48.739950655999941, -20.505043305999923 ], [ -48.724289804, -20.521064918999951 ], [ -48.700368135999938, -20.492145717999918 ], [ -48.66470771, -20.49919105599994 ], [ -48.709870049, -20.561949315999936 ], [ -48.686854147, -20.586212946999968 ], [ -48.691367767999978, -20.652550067999961 ], [ -48.631715501999935, -20.661325680999973 ], [ -48.638119590999928, -20.719468810999938 ], [ -48.570880259999981, -20.740573799999925 ], [ -48.608051722999974, -20.735862403999924 ], [ -48.64278537399997, -20.753628736999893 ], [ -48.651425737999986, -20.805904438999953 ], [ -48.631170294999947, -20.830028138999953 ], [ -48.635378035999935, -20.869006084999938 ], [ -48.607379671999972, -20.877985907999971 ], [ -48.599325435999958, -20.930946835999972 ], [ -48.566135077999938, -20.962450581999978 ], [ -48.556515745999931, -20.995886608999989 ], [ -48.479964485, -21.04490046 ], [ -48.458551663999948, -21.077537181999947 ], [ -48.445416697999931, -21.114644745999986 ], [ -48.461826303999914, -21.138202554999971 ], [ -48.458178028999939, -21.172716806000022 ], [ -48.418083578999948, -21.208379582999978 ], [ -48.300132628999947, -21.239901003999936 ], [ -48.275315263000017, -21.217301617999937 ], [ -48.285813419, -21.173977165999943 ], [ -48.25303137600001, -21.151849058999947 ], [ -48.258189040999987, -21.133786340999968 ], [ -48.29605594099997, -21.119675870999973 ], [ -48.25389390499997, -21.084149494999934 ], [ -48.299596106999964, -21.063081229999966 ], [ -48.290226203999985, -21.019816721999959 ], [ -48.338110684999975, -20.958153126999942 ], [ -48.324574727, -20.93553401 ], [ -48.330575622999937, -20.895525805999945 ], [ -48.306193270999941, -20.871387114999948 ], [ -48.324928771999986, -20.848766169999941 ], [ -48.362504933999986, -20.844052339 ], [ -48.380387667, -20.759673968999945 ], [ -48.413596352999932, -20.786012225999947 ], [ -48.425592335999944, -20.777485164999984 ], [ -48.42045518099998, -20.728766745 ], [ -48.462191085999983, -20.724554917999946 ], [ -48.490317010999931, -20.68658303299998 ], [ -48.518402345999974, -20.685996112999913 ], [ -48.488127487999954, -20.628969870999988 ], [ -48.505881132999939, -20.613865494 ], [ -48.4949700989999, -20.587339709999938 ], [ -48.525748375, -20.562285057999915 ], [ -48.497620388999984, -20.557502496999977 ], [ -48.509910476999906, -20.541412450999882 ], [ -48.484009406000013, -20.521613185000017 ], [ -48.531821097999938, -20.509729951999919 ], [ -48.511484207, -20.487851520999975 ], [ -48.526401252999939, -20.421877861999945 ], [ -48.501344144999976, -20.397376872999903 ], [ -48.460980261999985, -20.401625617 ], [ -48.46033015499993, -20.362969127999961 ], [ -48.440099215999965, -20.337309515999976 ], [ -48.36627875799995, -20.292269484999967 ], [ -48.370851932999969, -20.319592547999918 ], [ -48.316537765, -20.355889495999943 ], [ -48.321538204999939, -20.376105254999985 ], [ -48.285996783999984, -20.390394712999957 ], [ -48.283111592999916, -20.430815072 ], [ -48.265460246999957, -20.442248749999944 ], [ -48.256676833999919, -20.422520472 ], [ -48.217750641999956, -20.447170818999968 ], [ -48.202540767999949, -20.435671873999958 ], [ -48.232940631999924, -20.417220399999966 ], [ -48.23459696799992, -20.391634792999977 ], [ -48.271162744999984, -20.385375273999959 ], [ -48.285526182999945, -20.345248463999951 ], [ -48.333942338999968, -20.301807669999924 ], [ -48.344306772999985, -20.256862671999961 ], [ -48.370202695999986, -20.271102265999982 ], [ -48.400135548999955, -20.233975316999938 ], [ -48.442356079, -20.246053804999939 ], [ -48.460016738000022, -20.219016845999946 ], [ -48.484642035999954, -20.226913757 ], [ -48.483011407999953, -20.200570365000011 ], [ -48.52387161999998, -20.21763871399996 ], [ -48.526423812999937, -20.197077687999951 ], [ -48.570145898999968, -20.180020594999956 ], [ -48.50203508599995, -20.16089661900001 ], [ -48.484136268999947, -20.113380875999972 ], [ -48.461868620999951, -20.098262138999953 ], [ -48.452361874999923, -20.047943262999976 ], [ -48.41585241, -20.012463380999964 ], [ -48.462419459999964, -19.989539499999939 ], [ -48.497479056999921, -20.004527216999954 ], [ -48.511976782999987, -19.996295913999948 ], [ -48.53305934399998, -20.014915879999936 ], [ -48.576746190999941, -20.004521172999898 ], [ -48.591455857999954, -19.96994233600001 ], [ -48.561830845999964, -19.959287849999971 ], [ -48.564397388999957, -19.895270967999931 ], [ -48.62804157799998, -19.983714918999937 ], [ -48.609526095999932, -20.018007396999934 ], [ -48.641374419999934, -20.031029241999917 ], [ -48.635780574999927, -20.063769484 ], [ -48.66272204800002, -20.074621506999954 ], [ -48.675990358999968, -20.056811219999901 ], [ -48.728084220999989, -20.056592377999912 ], [ -48.710682597999906, -20.073159050999919 ], [ -48.724350187999946, -20.129987902999943 ], [ -48.685553103999908, -20.160244644999977 ], [ -48.610032331999989, -20.16019116 ], [ -48.56489294999993, -20.216959364999973 ], [ -48.519423972999952, -20.24462398099994 ], [ -48.505982089999947, -20.277971552999915 ], [ -48.532186668999898, -20.329163433999916 ], [ -48.559435535999924, -20.308439841999956 ], [ -48.540383736, -20.30139160099996 ], [ -48.551227742, -20.285039735999963 ], [ -48.610147209999987, -20.250376 ], [ -48.624825592999983, -20.249974677999901 ], [ -48.630973189999978, -20.278029830999941 ], [ -48.652571285, -20.262601164999946 ], [ -48.691939737999967, -20.272234217999937 ], [ -48.681794947999911, -20.218195838999961 ], [ -48.64615007699993, -20.201929503999935 ], [ -48.659294037999977, -20.181435993 ], [ -48.678501196999967, -20.190974301999972 ], [ -48.694486664999935, -20.176855344999986 ], [ -48.706033502, -20.194527643 ], [ -48.717702103999926, -20.178098280999976 ], [ -48.768528417999967, -20.21139860299995 ], [ -48.806888541, -20.188618736999938 ], [ -48.811957122999971, -20.202767467999902 ], [ -48.835960100999927, -20.197998512999934 ], [ -48.82199882299993, -20.240311960999943 ], [ -48.850673609999902, -20.25719923399992 ], [ -48.847290803999968, -20.274565114999973 ], [ -48.865500680999951, -20.274264359999957 ], [ -48.836746262999966, -20.293778751999966 ], [ -48.866802406, -20.297224199999938 ], [ -48.829701648, -20.337613870999935 ], [ -48.856683953999912, -20.339206866999934 ], [ -48.861058611999937, -20.364242222999959 ], [ -48.909666892999958, -20.306521279999931 ], [ -48.925810782999974, -20.259200107 ], [ -48.962382292999983, -20.248055418 ], [ -48.989980111999927, -20.164006869999959 ], [ -49.024877395999965, -20.148726104999945 ], [ -49.075252684, -20.156518648999974 ], [ -49.072738014999942, -20.095616853999928 ], [ -49.062111167999966, -20.090745109999983 ], [ -49.055996566999951, -20.122945835999925 ], [ -49.036456562999952, -20.101866462999926 ], [ -49.015837296, -20.121311022999929 ], [ -49.012790756, -20.086387733999963 ], [ -49.03819541499994, -20.061336459999954 ], [ -49.002904256999912, -20.071269924999932 ], [ -49.009105093999963, -20.010893279 ], [ -48.996216428999986, -20.008393690999945 ], [ -48.989027446999977, -20.100202955999954 ], [ -48.966483410999942, -20.091500715999885 ], [ -48.960600358999983, -20.047310059999987 ], [ -48.948356928999928, -20.071325729999931 ], [ -48.951937540999978, -20.104201642999961 ], [ -48.980610637999987, -20.134144867999989 ], [ -48.955798715999975, -20.121726144 ], [ -48.918473175999935, -20.134635347999982 ], [ -48.932183905999977, -20.15653231699995 ], [ -48.924076697999936, -20.179210800999922 ], [ -48.943316523999968, -20.190589797999955 ], [ -48.917709959999932, -20.247623356999952 ], [ -48.884555139, -20.220217865999931 ], [ -48.880839129999941, -20.16729104199991 ], [ -48.852706649999988, -20.129460995999956 ], [ -48.904651533999939, -20.070141960999951 ], [ -48.852899635999968, -20.099925726999931 ], [ -48.867505529999917, -20.008158208999912 ], [ -48.844291052999921, -20.024652146999941 ], [ -48.837461197999964, -20.10677338999994 ], [ -48.808520814999952, -20.052531486999911 ], [ -48.80142201099995, -20.098218021999944 ], [ -48.824094945999903, -20.13195371399997 ], [ -48.765549820999986, -20.113591913999937 ], [ -48.753896842999936, -20.127477346999964 ], [ -48.748398009999974, -20.042033541999945 ], [ -48.782117310999972, -20.022640810999967 ], [ -48.748992533999953, -20.012547681999923 ], [ -48.806505552999923, -19.987508445999932 ], [ -48.793252384999988, -19.975281685999921 ], [ -48.831175143999971, -19.967647069 ], [ -48.824340630999984, -19.943084727999935 ], [ -48.882364170999914, -19.905772627999937 ], [ -48.868472121999957, -19.880373772999945 ], [ -48.823740367999967, -19.908626731 ], [ -48.786300742999984, -19.967443867999965 ], [ -48.763807947999922, -19.969443518999949 ], [ -48.781060714999946, -19.950652877999961 ], [ -48.778420065999953, -19.923326197999888 ], [ -48.80990037699997, -19.89743921900001 ], [ -48.785584527999973, -19.8745229039999 ], [ -48.829326076999919, -19.856329860999974 ], [ -48.778369063, -19.854917132999969 ], [ -48.777370671999989, -19.833259771999931 ], [ -48.802264355999924, -19.830547071999924 ], [ -48.783444846999942, -19.814226122 ], [ -48.801482037999946, -19.787496613999952 ], [ -48.768511594, -19.797882395999963 ], [ -48.764246337999964, -19.780310624999927 ], [ -48.788276068999913, -19.745996547999919 ], [ -48.772352837999946, -19.737590485999931 ], [ -48.755556209, -19.7627550519999 ], [ -48.756168037999913, -19.728457717999945 ], [ -48.72695018499995, -19.726139033999942 ], [ -48.737223506999982, -19.768031593999943 ], [ -48.723996470999985, -19.782206143999911 ], [ -48.765160076999976, -19.850493823999912 ], [ -48.751280192999971, -19.912982362999973 ], [ -48.695336923999946, -19.845675649999958 ], [ -48.653672430999983, -19.839463305999935 ], [ -48.631403496999965, -19.812327179 ], [ -48.545680619999956, -19.806763555 ], [ -48.619741849, -19.838212545 ], [ -48.619143647999977, -19.867788401999928 ], [ -48.697980914999945, -19.889944911999965 ], [ -48.669862737999935, -19.910034122999928 ], [ -48.678826976000011, -19.928596931999984 ], [ -48.652695636999987, -19.924787393 ], [ -48.635197842999943, -19.894956023999985 ], [ -48.548417107999974, -19.833143195999966 ], [ -48.560550603, -19.854591365000015 ], [ -48.541190135999933, -19.871442572999939 ], [ -48.502720889999935, -19.861420707000018 ], [ -48.534517593999936, -19.910234855999928 ], [ -48.533627843999952, -19.952386543999964 ], [ -48.51466169, -19.93786482999996 ], [ -48.514861700999944, -19.965246258999944 ], [ -48.493746443, -19.968481028999982 ], [ -48.489234950999929, -19.889104412999966 ], [ -48.46947253, -19.903544716999896 ], [ -48.4720004119999, -19.930509067999921 ], [ -48.413736663, -19.917772536 ], [ -48.429880555999929, -19.898350925999949 ], [ -48.423584889000026, -19.879396515999911 ], [ -48.397515049999939, -19.920985812999955 ], [ -48.43116923699997, -19.97865172399996 ], [ -48.378246597000029, -19.98804085799993 ], [ -48.316140833999931, -19.890771377999958 ], [ -48.403382912999973, -19.872011736999958 ], [ -48.406332559999953, -19.844843547999943 ], [ -48.433877262999943, -19.816584010999957 ], [ -48.43125466199993, -19.805181730999951 ], [ -48.415442976999955, -19.816619618999972 ], [ -48.419868700999942, -19.791588104 ], [ -48.38455715500001, -19.788426400999967 ], [ -48.39286359799992, -19.767462010999978 ], [ -48.381448833999954, -19.757770137 ], [ -48.401922922999958, -19.737574664999954 ], [ -48.347199460999967, -19.744220774999985 ], [ -48.38775515699993, -19.708706531999972 ], [ -48.358114245999957, -19.705685128999914 ], [ -48.33503179999996, -19.722443245999951 ], [ -48.308421296, -19.712845641999962 ], [ -48.326709868999913, -19.735683594999983 ], [ -48.308621370999937, -19.798017015 ], [ -48.284077720999917, -19.80714076699995 ], [ -48.28744028499996, -19.830396062999952 ], [ -48.244056545999946, -19.824832728999983 ], [ -48.254547037999913, -19.840543924 ], [ -48.240337289999971, -19.854366285999955 ], [ -48.285046812999987, -19.850103250999926 ], [ -48.285134456999955, -19.89698024999996 ], [ -48.328762022999982, -19.970745697999956 ], [ -48.303035542999972, -19.983640108999964 ], [ -48.300213118999949, -19.96369400599994 ], [ -48.273881477999957, -19.962667257999986 ], [ -48.254583811999936, -19.928251979999953 ], [ -48.235278221999977, -19.936994084999945 ], [ -48.238885172999986, -19.90341357099997 ], [ -48.217840231, -19.939218307999948 ], [ -48.20190785299998, -19.935583273999921 ], [ -48.210556896, -19.953985887999956 ], [ -48.172637148, -19.964078273999938 ], [ -48.185181885999938, -19.922647494999953 ], [ -48.206631338, -19.913976797999918 ], [ -48.204312289999976, -19.883551795999907 ], [ -48.170652404999913, -19.913542074999921 ], [ -48.149797663999934, -19.899027818 ], [ -48.160991143999986, -19.936563832999962 ], [ -48.144653599000023, -19.953126626 ], [ -48.128744722, -19.914751950999928 ], [ -48.144181391999936, -19.86284576899989 ], [ -48.135835566999958, -19.78481379099993 ], [ -48.119550313999966, -19.808280414999921 ], [ -48.103064536, -19.786589206999924 ], [ -48.078373588999952, -19.783523100999986 ], [ -48.076743941999943, -19.767503315999932 ], [ -47.992449053999948, -19.770902055999947 ], [ -48.016671059, -19.79733131099993 ], [ -48.005401576999972, -19.825196608999892 ], [ -48.036589163999935, -19.857108193999981 ], [ -47.999958928999952, -19.864798997999941 ], [ -47.982224002999914, -19.846370338999971 ], [ -47.993261264999916, -19.823083910999969 ], [ -47.983528892999971, -19.794547446999985 ], [ -47.97200385599993, -19.797014437 ], [ -47.975780442999948, -19.827936159999989 ], [ -47.956182767999977, -19.831437497999968 ], [ -47.934378683999967, -19.801296849999947 ], [ -47.933670266999968, -19.833599585999892 ], [ -47.921326907, -19.836332386999963 ], [ -47.916220535, -19.805578805999943 ], [ -47.888562034999914, -19.803838091999978 ], [ -47.904239532999981, -19.766459516999898 ], [ -47.87200208900002, -19.743381141999969 ], [ -47.861170129999948, -19.761605903999943 ], [ -47.844912173, -19.756749417000016 ], [ -47.841631956999926, -19.783644359999982 ], [ -47.822138922999912, -19.774147295999963 ], [ -47.834269579999962, -19.734934127999967 ], [ -47.80592418099998, -19.72275082399991 ], [ -47.763620358999965, -19.769320244999985 ], [ -47.739867337, -19.740918380999947 ], [ -47.734516594999938, -19.758183207999899 ], [ -47.689677241999924, -19.759955461999898 ], [ -47.644440644, -19.705779724999925 ], [ -47.601559126999966, -19.718555829 ], [ -47.509989729, -19.703788800999952 ], [ -47.505534439999963, -19.72328242699993 ], [ -47.540370589, -19.734307356999977 ], [ -47.512612173, -19.746220012999935 ], [ -47.50170532399995, -19.784663332 ], [ -47.329944625999971, -19.848011553999964 ], [ -47.328827668999928, -19.86753128399997 ], [ -47.360000112999963, -19.893619346999966 ], [ -47.332705389999958, -19.897808555999926 ], [ -47.352690278999908, -19.931906585 ], [ -47.399192698999947, -19.929663909999892 ], [ -47.418550062999927, -19.901296492999951 ], [ -47.457644289999941, -19.91634008699997 ], [ -47.489065086000011, -19.880911755999961 ], [ -47.535374372999968, -19.907152329999963 ], [ -47.512374026999922, -19.941913725999946 ], [ -47.535487630999924, -19.94192716 ], [ -47.537862751999981, -19.975156198000018 ], [ -47.508814404999917, -19.981350817999907 ], [ -47.483309338999931, -19.964373522999942 ], [ -47.468956347999942, -19.974300058999969 ], [ -47.469285790999933, -20.055664188999941 ], [ -47.446997685999932, -20.068484388999938 ], [ -47.459004035999918, -20.090761161999978 ], [ -47.441193888999962, -20.090216506999944 ], [ -47.442006754999987, -20.111805979999961 ], [ -47.400847691999921, -20.111277871999963 ], [ -47.425002648999936, -20.138155469 ], [ -47.470682368000027, -20.14993392499996 ], [ -47.478032804999977, -20.167083327999954 ], [ -47.457007144999984, -20.199643898 ], [ -47.485817320999963, -20.207605841999928 ], [ -47.502060151, -20.18188713799994 ], [ -47.51485184999995, -20.205579636999968 ], [ -47.554910548999914, -20.191548771999987 ], [ -47.58914714, -20.204406477999978 ], [ -47.67932801300001, -20.181646083999979 ], [ -47.667836450999985, -20.147750321999943 ], [ -47.695136979999937, -20.166379943999932 ], [ -47.719899810999976, -20.158179276999885 ], [ -47.68866740199995, -20.110249282999945 ], [ -47.693002629, -20.09626548199995 ], [ -47.713906486999953, -20.11187562799995 ], [ -47.706226827999942, -20.077382668999974 ], [ -47.739816079999926, -20.133470188999944 ], [ -47.733489048999921, -20.146063789999932 ], [ -47.753213955999939, -20.15012224 ], [ -47.814110833999933, -20.088447215999924 ], [ -47.846301870999959, -20.088499288999969 ], [ -47.856559901999972, -20.122519446999906 ], [ -47.881267550999972, -20.113431806999923 ], [ -47.885048119999965, -20.080136715999938 ], [ -47.915366236999922, -20.071681439999963 ], [ -47.953780584999905, -20.118289695999966 ], [ -47.957217827, -20.188561191999973 ], [ -48.10855614899998, -20.207082684999897 ], [ -48.128867594999946, -20.226931740999884 ], [ -48.105460052999959, -20.252955451999973 ], [ -48.041825767999953, -20.248146741 ], [ -48.02554869799993, -20.314904698999911 ], [ -47.985053599, -20.314722089999989 ], [ -47.95939524799995, -20.288048572999958 ], [ -47.925100411999935, -20.31454795999997 ], [ -47.90294152099996, -20.304044980999944 ], [ -47.925537615999957, -20.248712504 ], [ -47.889364379999954, -20.237910127999989 ], [ -47.872372721999952, -20.200179819999939 ], [ -47.773074927999936, -20.199369003999909 ], [ -47.714810782, -20.220095457999928 ], [ -47.745622767999961, -20.233820257999987 ], [ -47.677628118999955, -20.279619864999962 ], [ -47.749661649999915, -20.258277767999985 ], [ -47.755140453, -20.268789370000015 ], [ -47.732631059999981, -20.271738102999922 ], [ -47.725290646999973, -20.291189608999968 ], [ -47.750430739999956, -20.305326473999926 ], [ -47.736716197999947, -20.329164867999946 ], [ -47.690951470999927, -20.311168474999949 ], [ -47.67637265, -20.328340903999983 ], [ -47.646593147999923, -20.316525219999967 ], [ -47.628941770999965, -20.348128064 ], [ -47.642573506999959, -20.381333303999924 ], [ -47.61088133, -20.34530391600001 ], [ -47.555009640999941, -20.336843136999935 ], [ -47.545774507999923, -20.352628968 ], [ -47.598813019999952, -20.365291423 ], [ -47.607016922, -20.384923752 ], [ -47.530330653, -20.364022555 ], [ -47.515975178, -20.385225646999924 ], [ -47.497746094999926, -20.384358138 ], [ -47.479773017999904, -20.35790730599992 ], [ -47.452218161999959, -20.358458273999943 ], [ -47.483733307999927, -20.383940336999981 ], [ -47.458242244999944, -20.393494101999984 ], [ -47.461295567999983, -20.404482778999963 ], [ -47.547750305999976, -20.395527507999919 ], [ -47.611594973999978, -20.411862986999981 ], [ -47.58646405099995, -20.441948594999889 ], [ -47.504423444999965, -20.425159319999938 ], [ -47.442160680999933, -20.438982895 ], [ -47.438144124999958, -20.452585898999928 ], [ -47.509302791, -20.441804924999904 ], [ -47.529995663999912, -20.457818772999911 ], [ -47.603597282999942, -20.459170307999916 ], [ -47.628454034999933, -20.416824408999975 ], [ -47.678297034999972, -20.452387902999888 ], [ -47.738131844999927, -20.431680253 ], [ -47.745716961999939, -20.447129991999965 ], [ -47.719458893, -20.450973435 ], [ -47.720359028999958, -20.464837559999957 ], [ -47.676741663999977, -20.466375924999966 ], [ -47.691136894999907, -20.48686759500001 ], [ -47.724122290999937, -20.493248398999938 ], [ -47.689584640999989, -20.496749832000013 ], [ -47.682016429999962, -20.510775913999954 ], [ -47.720693276, -20.533091472999917 ], [ -47.753360866000016, -20.517121297999971 ], [ -47.793978265999932, -20.521820035 ], [ -47.777245409999942, -20.541942094 ], [ -47.75208413999998, -20.540253392 ], [ -47.74872316499998, -20.561022185999963 ], [ -47.726313635999972, -20.555670794999944 ], [ -47.746184737, -20.581279046999942 ], [ -47.724173515, -20.589113027999936 ], [ -47.710265452999963, -20.569131998999953 ], [ -47.696307055999938, -20.57914644099997 ], [ -47.629685052999911, -20.484606635999988 ], [ -47.610852015999967, -20.4872013 ], [ -47.621701028999937, -20.499526605 ], [ -47.608659562999932, -20.520712012999972 ], [ -47.593332389999986, -20.487957163000011 ], [ -47.576098530999928, -20.497480469999982 ], [ -47.543600673999919, -20.479359804999916 ], [ -47.45774078100002, -20.478742320999984 ], [ -47.491018023999949, -20.49080726499993 ], [ -47.487446699999957, -20.515581893999965 ], [ -47.456151053999939, -20.514272710999911 ], [ -47.475362890999961, -20.543742279999918 ], [ -47.511404565999911, -20.555175147999968 ], [ -47.550641554999928, -20.536343705999979 ], [ -47.590186306, -20.549709391 ], [ -47.564389419999941, -20.602765198999936 ], [ -47.54512002999995, -20.613655089999913 ], [ -47.548648702999969, -20.583677521999974 ], [ -47.53567966, -20.595280771 ], [ -47.519400214999962, -20.586439140999943 ], [ -47.526603709999925, -20.569029321999984 ], [ -47.460794393, -20.556324943999979 ], [ -47.501533544999951, -20.639304441999936 ], [ -47.422717151999926, -20.555278301999977 ], [ -47.421300161999923, -20.58637815999996 ], [ -47.385485737999943, -20.587412324 ], [ -47.44042487399993, -20.608993077 ], [ -47.426000142999953, -20.625788904999961 ], [ -47.473880476999959, -20.654951391999962 ], [ -47.453913316999973, -20.665196876 ], [ -47.473593463000014, -20.680182778999953 ], [ -47.443411641999965, -20.690033198999988 ], [ -47.421689465999982, -20.674161622999939 ], [ -47.398282147999922, -20.686852162999955 ], [ -47.416165641, -20.644412290999966 ], [ -47.381596326999919, -20.623649586999967 ], [ -47.390659355, -20.604574955999929 ], [ -47.341924303999967, -20.597578165999927 ], [ -47.336564148999933, -20.611229525999949 ], [ -47.401174032999926, -20.709355026999962 ], [ -47.390899220999948, -20.72573198 ], [ -47.356644690999978, -20.710329926999979 ], [ -47.355969940999927, -20.728184951999914 ], [ -47.372719725999985, -20.726857747999968 ], [ -47.417444158, -20.784111512999978 ], [ -47.406685877999983, -20.797366494999977 ], [ -47.356746803, -20.786580804 ], [ -47.31536649600001, -20.805815587999973 ], [ -47.306280042999944, -20.783437782999922 ], [ -47.261115919999973, -20.798754 ], [ -47.243063885999987, -20.780984237999952 ], [ -47.212146993999959, -20.78359198599998 ], [ -47.202119851999953, -20.799248096999964 ], [ -47.249108405999984, -20.824109907000018 ], [ -47.278181031999921, -20.815285674999892 ], [ -47.315197261999948, -20.849953032 ], [ -47.364217105, -20.840095964999946 ], [ -47.355342928, -20.865584440999982 ], [ -47.384955862999973, -20.917516596999949 ], [ -47.339871242999919, -20.921395772000015 ], [ -47.381808629999988, -20.954177128999948 ], [ -47.334503612999974, -20.974279424999928 ], [ -47.347839822999944, -21.004593441999905 ], [ -47.29760120499995, -21.020123205999916 ], [ -47.268748659000011, -20.998612077999987 ], [ -47.23104381999994, -21.033667582999968 ], [ -47.233912231999952, -21.053762014 ], [ -47.205381911999943, -21.087521611999968 ], [ -47.2302749, -21.116417283 ], [ -47.265164719999952, -21.04526136699992 ], [ -47.314096381, -21.041658386999881 ], [ -47.319330833000016, -21.027963152999959 ], [ -47.347341698999941, -21.045696757999973 ], [ -47.384725991999964, -21.024905657999934 ], [ -47.390819010999969, -20.969419315999968 ], [ -47.410093460999931, -20.970240723999986 ], [ -47.411133756999945, -20.943229920999936 ], [ -47.430366565000014, -20.949350210999981 ], [ -47.434127366999967, -20.923159536999933 ], [ -47.464034284, -20.91412449999995 ], [ -47.437596613999951, -20.880166534999919 ], [ -47.454901392999922, -20.867852909 ], [ -47.433733877999913, -20.842144419999972 ], [ -47.46360587, -20.858394461999982 ], [ -47.463062124999951, -20.829212133999938 ], [ -47.486097090999934, -20.825623956999969 ], [ -47.491561254999958, -20.873774472999948 ], [ -47.474647611999927, -20.89495634 ], [ -47.498712128, -20.907096192 ], [ -47.488610344999955, -20.921997527999977 ], [ -47.50010774099993, -20.945318962999945 ], [ -47.534930367999912, -20.916697820999971 ], [ -47.565250361999944, -20.920662816999943 ], [ -47.57250336, -20.892501357 ], [ -47.543898456999955, -20.888434943999975 ], [ -47.564895787999916, -20.878353056999973 ], [ -47.552892743999941, -20.85543861599993 ], [ -47.606714225999909, -20.845201980999914 ], [ -47.544742508999981, -20.835907203999934 ], [ -47.534468679, -20.819141863 ], [ -47.569116923999943, -20.824308839999958 ], [ -47.571945812999971, -20.804966542999978 ], [ -47.588724369999923, -20.804729866999935 ], [ -47.579074727999981, -20.78906254 ], [ -47.608302006999921, -20.770696319999956 ], [ -47.608920889999972, -20.797589868999985 ], [ -47.631011783999909, -20.790648751999971 ], [ -47.648571080999979, -20.815412988999945 ], [ -47.633112506, -20.745894057999944 ], [ -47.644173895999948, -20.73355945199998 ], [ -47.68719391099998, -20.768146486000013 ], [ -47.67647273999993, -20.743629369999969 ], [ -47.686345466999946, -20.720911720999954 ], [ -47.642319583, -20.696337463999978 ], [ -47.691460402999937, -20.691582846999953 ], [ -47.712966905999927, -20.735143819999976 ], [ -47.732891163999923, -20.741257102999974 ], [ -47.736701739, -20.713534485 ], [ -47.716116343999921, -20.677827324999928 ], [ -47.741815725, -20.699543332999934 ], [ -47.765156981999922, -20.69737802 ], [ -47.777931229999936, -20.718532262999897 ], [ -47.777593962, -20.665682643999958 ], [ -47.835801646999982, -20.700228108999926 ], [ -47.846709564999941, -20.685120324999925 ], [ -47.82418605, -20.656531053999924 ], [ -47.852976231999932, -20.660311198999967 ], [ -47.855971527999962, -20.643107906999955 ], [ -47.872467423999979, -20.663089553999988 ], [ -47.866022613, -20.623461595999956 ], [ -47.890574454999978, -20.629552991 ], [ -47.923363108999979, -20.613692858999929 ], [ -47.924057660999985, -20.566708683999909 ], [ -47.950808943999967, -20.591317519 ], [ -47.98806628899996, -20.584986906999955 ], [ -47.957981944999986, -20.6133953 ], [ -47.950842270999971, -20.649885603999948 ], [ -47.92941662799992, -20.646914246999945 ], [ -47.928184431999931, -20.661609903999953 ], [ -47.889976925000013, -20.679096175999931 ], [ -47.89862393599995, -20.69194956199992 ], [ -47.972254484999979, -20.65974648599996 ], [ -47.984600368999985, -20.680494627 ], [ -47.928791322999963, -20.693001838999944 ], [ -47.925934169, -20.709655711999972 ], [ -47.836545874999921, -20.742469397 ], [ -47.813636173, -20.715045476999968 ], [ -47.816154974999954, -20.733108655999985 ], [ -47.781594356999975, -20.748071027999945 ], [ -47.785867508999956, -20.761406049999906 ], [ -47.915464429999965, -20.734205914 ], [ -47.905594077999964, -20.772366322999932 ], [ -47.885270008999939, -20.781125436999911 ], [ -47.869395147999967, -20.758422917 ], [ -47.851713890999932, -20.768395028999972 ], [ -47.867878267999963, -20.803118639999937 ], [ -47.841443026999926, -20.80337296199993 ], [ -47.821656766999986, -20.767605590999935 ], [ -47.804771959999947, -20.768100953999976 ], [ -47.815616382999977, -20.790329269 ], [ -47.789987325999945, -20.793606158999975 ], [ -47.834063998, -20.82095658999997 ], [ -47.840989483999969, -20.843528840999944 ], [ -47.81994409699994, -20.842509954000018 ], [ -47.805573344, -20.815663268999959 ], [ -47.791551360999946, -20.829015746999943 ], [ -47.768170329999933, -20.796601916999954 ], [ -47.735681934999903, -20.814985016999973 ], [ -47.772900453999974, -20.842434014999952 ], [ -47.80566750199997, -20.842015729999982 ], [ -47.808605848999903, -20.872599833999924 ], [ -47.838094777, -20.868509348999961 ], [ -47.832270921999971, -20.887795983999954 ], [ -47.80930225099997, -20.891593663999938 ], [ -47.816322670999973, -20.917970669999949 ], [ -47.779975942, -20.926555642 ], [ -47.789100074, -20.884256448000013 ], [ -47.739589117999977, -20.840612678999978 ], [ -47.697885242999959, -20.842145784 ], [ -47.683647202999978, -20.857175994999974 ], [ -47.711526480999943, -20.855103135999972 ], [ -47.766075066999946, -20.894057757999981 ], [ -47.652921239999934, -20.87275352899994 ], [ -47.670587663999981, -20.889488697999944 ], [ -47.663212570999946, -20.907129216999984 ], [ -47.735921326, -20.898608387999914 ], [ -47.758166348999985, -20.910885048999969 ], [ -47.73805327, -20.936831310999956 ], [ -47.649689031999927, -20.927946807999906 ], [ -47.685085210999944, -20.957646154 ], [ -47.736425036999925, -20.950182784999946 ], [ -47.74077331, -20.964569561999976 ], [ -47.718352606999943, -20.978228380999905 ], [ -47.744781179999961, -20.998124736999987 ], [ -47.719136564999971, -21.000477404999959 ], [ -47.667031289999983, -20.962892638999961 ], [ -47.580836576, -20.974765333999986 ], [ -47.558070384999972, -20.950124645999932 ], [ -47.544703211999924, -20.983330013999954 ], [ -47.527954267000027, -20.971777340999939 ], [ -47.474169465999978, -20.984581695999957 ], [ -47.430384967999935, -21.026768747999899 ], [ -47.451685223999917, -21.058471884999971 ], [ -47.454125721999958, -21.036078729999893 ], [ -47.480016913, -21.036650198999926 ], [ -47.492568245999962, -21.020321031999941 ], [ -47.532374311, -21.027636767999955 ], [ -47.547945993, -21.008374407999927 ], [ -47.568780369999985, -21.059407527999937 ], [ -47.604993081999964, -21.057250847000017 ], [ -47.599296387999978, -21.088234234999955 ], [ -47.624741968999928, -21.092687235999982 ], [ -47.660955292999958, -21.072245626 ], [ -47.65311073199998, -21.105508290999961 ], [ -47.688503758, -21.138378383999953 ], [ -47.764359790999954, -21.110904998 ], [ -47.763782900999914, -21.084868789999941 ], [ -47.821458091999979, -21.113916036 ], [ -47.817277652999941, -21.14587115999996 ], [ -47.782719632999914, -21.152531804999949 ], [ -47.774778941999969, -21.235713935999975 ], [ -47.759267692999984, -21.237017212999984 ], [ -47.750724308, -21.194288317999973 ], [ -47.727648598999934, -21.214770294999926 ], [ -47.670965875999926, -21.211339714999941 ], [ -47.668747461999956, -21.159625047999938 ], [ -47.648689379, -21.147158920999928 ], [ -47.621837568999958, -21.18789528400001 ], [ -47.583078567999969, -21.190857593999976 ], [ -47.572228861999939, -21.227718258999925 ], [ -47.544999451999921, -21.234607314999984 ], [ -47.548433663999944, -21.262170682000011 ], [ -47.575867857999938, -21.29012322999991 ], [ -47.578580528999943, -21.330548113999978 ], [ -47.594824939999931, -21.337130652999988 ], [ -47.62695390899998, -21.313870692999956 ], [ -47.648923366, -21.272108056999958 ], [ -47.672566776999957, -21.343262165999896 ], [ -47.710541684, -21.359668799999984 ], [ -47.645118353999933, -21.464869070999967 ], [ -47.652155297999975, -21.526694929 ], [ -47.684492324999916, -21.522964857999924 ], [ -47.799236386999965, -21.452061757999971 ], [ -47.832976534999915, -21.454870188 ], [ -47.818972112, -21.480800535 ], [ -47.799548364999929, -21.478324570999948 ], [ -47.672702548999908, -21.559852532999976 ], [ -47.706139158999967, -21.572452169999931 ], [ -47.713194281, -21.601825240999947 ], [ -47.725777288, -21.60286628299993 ], [ -47.739261929999905, -21.544193996999969 ], [ -47.798533228999958, -21.545561392999954 ], [ -47.811764086, -21.523501450999913 ], [ -47.835025369999968, -21.524034957 ], [ -47.903796610999926, -21.478648084999982 ], [ -47.947449391, -21.488912578999905 ], [ -48.027978585999989, -21.467066867 ], [ -48.05585587399996, -21.38142026 ], [ -48.091999167999973, -21.349953231999915 ], [ -48.108950792999948, -21.352946615999965 ], [ -48.140783712999919, -21.308275085999981 ], [ -48.15015730199994, -21.372833080999939 ], [ -48.078607844999979, -21.494120009 ], [ -48.090427937, -21.514490612999978 ], [ -48.035889885999978, -21.546349476999968 ], [ -48.059300029, -21.570430777999924 ], [ -48.025153642999925, -21.556687251999914 ], [ -48.012803957999964, -21.581750375999928 ], [ -48.029665112, -21.67695501499994 ], [ -47.996783969999981, -21.650026610999959 ], [ -47.995674493999928, -21.719969040999917 ], [ -48.024467519, -21.746972985999932 ], [ -48.037391973999917, -21.786775682999945 ], [ -48.006608375999988, -21.854584678999952 ], [ -48.039529477999942, -21.838972319999947 ], [ -48.063762799999949, -21.84785039799991 ], [ -48.08553171299998, -21.813749493999953 ], [ -48.103288021999923, -21.8113284 ], [ -48.087597392999925, -21.790127658999911 ], [ -48.094876696999947, -21.775351840999932 ], [ -48.139013764999937, -21.803462586999952 ], [ -48.125261581999922, -21.75727145 ], [ -48.074305834, -21.716244495999945 ], [ -48.083829031999969, -21.697544437 ], [ -48.140574241, -21.689501454999935 ], [ -48.146192801000012, -21.634658583 ], [ -48.107669159999958, -21.624431903999927 ], [ -48.09944396, -21.607983158 ], [ -48.145828867, -21.572780583999926 ], [ -48.178559004999968, -21.576803521999985 ], [ -48.179359242, -21.601212392999955 ], [ -48.28087051699994, -21.6939601629999 ], [ -48.403535338999973, -21.689274609999906 ], [ -48.442518074, -21.707888888999957 ], [ -48.484398917999911, -21.704027695999958 ], [ -48.517060124999944, -21.727896742999938 ], [ -48.497111804, -21.743623039999957 ], [ -48.496207851, -21.771309264999935 ], [ -48.455803868999965, -21.754598900999941 ], [ -48.472292683999925, -21.810360825999972 ], [ -48.448817376999926, -21.787494876999943 ], [ -48.433808062, -21.805095508999969 ], [ -48.420656434999927, -21.796916760999959 ], [ -48.351227765999937, -21.820147256999952 ], [ -48.303856950999901, -21.796585743000016 ], [ -48.213983105999979, -21.787491418999924 ], [ -48.202596677999949, -21.816638562999987 ], [ -48.176121602, -21.822792592999981 ], [ -48.181629347999987, -21.837301063999956 ], [ -48.115732962999957, -21.874606737999954 ], [ -48.081691814999971, -21.856685080000013 ], [ -48.018084195999954, -21.877142402999969 ], [ -47.994553250999971, -21.926324102999914 ], [ -48.037281992999965, -21.885337339999985 ], [ -48.114677682999954, -21.887592061999936 ], [ -48.103517351999983, -21.925194731 ], [ -48.085204910999948, -21.934196448999973 ], [ -48.098674355999925, -21.949491599999934 ], [ -48.080615954999949, -21.967967619 ], [ -48.047593669999976, -21.967225540999976 ], [ -48.056176432999933, -21.997156406999959 ], [ -48.025808965999971, -21.985451874 ], [ -48.008339783999986, -22.00555080599996 ], [ -47.938593522, -22.023897475999984 ], [ -47.953117642999942, -22.03573211999997 ], [ -47.952576010999977, -22.069158602 ], [ -47.929442304, -22.095986956999955 ], [ -47.884673011999922, -22.111214627000017 ], [ -47.909438892999944, -22.127017618999986 ], [ -47.910698060999948, -22.144904720999911 ], [ -47.888010004999984, -22.152851677999926 ], [ -47.899149825999942, -22.165653251999981 ], [ -47.954799115999975, -22.129129725999949 ], [ -47.983707577999922, -22.144855090999979 ], [ -48.026069542999949, -22.084430554999987 ], [ -48.055754957999966, -22.093326871999949 ], [ -48.084121301, -22.081544739999956 ], [ -48.100128759, -22.107448249999958 ], [ -48.144922715, -22.028056201 ], [ -48.122325113999963, -22.022044573999974 ], [ -48.112540254999935, -22.048370258 ], [ -48.073173143, -22.066550705999951 ], [ -48.027356560999948, -22.069231648 ], [ -48.009801689999975, -22.049996478 ], [ -48.037386339999983, -22.034997845999968 ], [ -48.090846905999939, -22.036590556999943 ], [ -48.081764745999962, -22.007577967 ], [ -48.104598499, -21.995639757999971 ], [ -48.098586523999941, -21.981038399999949 ], [ -48.119987576, -21.947497109000022 ], [ -48.177637449999921, -21.939344402999946 ], [ -48.19805145199993, -21.904535021 ], [ -48.218600004999978, -21.910098977999922 ], [ -48.247857885999963, -21.885068162 ], [ -48.217871351, -21.87050109499998 ], [ -48.179057947999951, -21.886970412999926 ], [ -48.227909343, -21.815870912999976 ], [ -48.312326288999969, -21.848829049999971 ], [ -48.399327310999965, -21.85477155799996 ], [ -48.398051165999973, -21.941099646999959 ], [ -48.421997382999947, -21.905860913 ], [ -48.473502078999985, -21.906896166999953 ], [ -48.49147041599997, -21.873281446999989 ], [ -48.531189320999978, -21.870282845999952 ], [ -48.535356770999911, -21.803937155999961 ], [ -48.521792923999939, -21.786412480999914 ], [ -48.538466245999977, -21.776868242999988 ], [ -48.583307603999984, -21.812940463999983 ], [ -48.587715567000011, -21.86771570799991 ], [ -48.638543704999933, -21.851431635000015 ], [ -48.693638683999936, -21.85563890299996 ], [ -48.762665614999911, -21.819671395999926 ], [ -48.777099219, -21.842592646999911 ], [ -48.797532842999942, -21.835349972999904 ], [ -48.786925702, -21.852101475999927 ], [ -48.80658214099995, -21.888399327999938 ], [ -48.782121295999943, -21.892249974999952 ], [ -48.774775733999952, -21.921507863999942 ], [ -48.736753311999976, -21.94467579 ], [ -48.731290632999986, -21.980255332 ], [ -48.707647035, -21.986178661999908 ], [ -48.728989460999927, -22.04201574899994 ], [ -48.648299450999957, -22.051773300000018 ], [ -48.649236517999952, -22.083398163 ], [ -48.615577447999954, -22.098391018 ], [ -48.623285274, -22.136553587999938 ], [ -48.594413850999914, -22.169114261999908 ], [ -48.563598215999917, -22.148029313999892 ], [ -48.563285443999973, -22.113734601999976 ], [ -48.512741174, -22.07777614499998 ], [ -48.518420646999985, -22.061457763 ], [ -48.497497530999944, -22.065520836999916 ], [ -48.519330403999938, -22.040642836999943 ], [ -48.504546942999951, -22.03041279299994 ], [ -48.469959581999973, -22.042048460999982 ], [ -48.469377116999922, -22.058295468 ], [ -48.405437035999931, -22.093149987999968 ], [ -48.389886341999969, -22.118790948 ], [ -48.332272411999909, -22.035735266999964 ], [ -48.281053109999945, -22.055727001999944 ], [ -48.26932423800001, -22.046580088999942 ], [ -48.252556, -22.071415362999932 ], [ -48.224190461999967, -22.046313162999972 ], [ -48.308645370999969, -22.009687640999939 ], [ -48.297292977, -21.987683611 ], [ -48.308652896999973, -21.916571208999954 ], [ -48.24717723699996, -21.924581772 ], [ -48.2476877, -21.95218115299998 ], [ -48.26691262099996, -21.965892664999917 ], [ -48.253562249999973, -21.982211334999921 ], [ -48.22476037499996, -21.974178185999968 ], [ -48.207365017999962, -21.93244668499997 ], [ -48.192106267999989, -21.991156522000018 ], [ -48.221822983999928, -21.988983598999909 ], [ -48.225800195999938, -22.016549252999948 ], [ -48.185459387999984, -22.011912747999926 ], [ -48.197853954000024, -22.029860527999986 ], [ -48.180137714999937, -22.067902318999963 ], [ -48.190551519999957, -22.099078074 ], [ -48.162296581, -22.108075357999976 ], [ -48.160769343999931, -22.144595994999946 ], [ -48.177566272999982, -22.147460445999986 ], [ -48.220589268999987, -22.104409704 ], [ -48.279547785, -22.126226940999935 ], [ -48.309976698999989, -22.164963151999903 ], [ -48.356236939999974, -22.168374195999959 ], [ -48.33359952899994, -22.187796436999982 ], [ -48.346799592999922, -22.213525835999967 ], [ -48.32186328800001, -22.262818788999969 ], [ -48.302557681999957, -22.245505112999972 ], [ -48.263891460000011, -22.25301055199996 ], [ -48.178388941999927, -22.334832445999972 ], [ -48.15610408000002, -22.339939473999934 ], [ -48.146970610999972, -22.414619319999915 ], [ -48.083619670999965, -22.356163405999915 ], [ -48.019679217999943, -22.392088493 ], [ -47.973684733999917, -22.372784126999953 ], [ -47.975025613999932, -22.350989375 ], [ -47.944312049999937, -22.342739009999931 ], [ -47.965588987999936, -22.325444369 ], [ -47.93955057099997, -22.287177153999934 ], [ -47.907491121, -22.293290155999909 ], [ -47.890530154999951, -22.318611908 ], [ -47.900556056999946, -22.330817333999939 ], [ -47.854651077999954, -22.369983120000011 ], [ -47.820294340999965, -22.358086967 ], [ -47.807040263999951, -22.323363311999941 ], [ -47.771843439999913, -22.341428374999936 ], [ -47.726538215, -22.332236368999933 ], [ -47.707796861, -22.354038520999961 ], [ -47.721063040999944, -22.424820364999917 ], [ -47.741605063999977, -22.449840769999948 ], [ -47.734382993999986, -22.47791193499998 ], [ -47.788327144999982, -22.481931222999915 ], [ -47.825750507999949, -22.538308967 ], [ -47.854701174999924, -22.533976831999944 ], [ -47.872702270999952, -22.55390459699996 ], [ -47.911492978, -22.524319863999928 ], [ -47.938651072999974, -22.528648825999905 ], [ -47.944501072999941, -22.54490608799998 ], [ -48.003095554999952, -22.536097485 ], [ -48.03363541799996, -22.592099747999924 ], [ -48.055915430999917, -22.564007826999951 ], [ -48.098825699999921, -22.559327116999913 ], [ -48.106811809999982, -22.534578513999989 ], [ -48.153819002999953, -22.543873315999971 ], [ -48.156000352999961, -22.502107850999916 ], [ -48.177646948, -22.535428732 ], [ -48.19356871599993, -22.528897655999977 ], [ -48.215787044999935, -22.554358924999981 ], [ -48.250919669999988, -22.556613709999937 ], [ -48.248063084999984, -22.531254114 ], [ -48.275366983999945, -22.512127773999943 ], [ -48.21017200199995, -22.481598402 ], [ -48.228614797999938, -22.453792886999921 ], [ -48.244685807999964, -22.477602862999987 ], [ -48.286286581999981, -22.445784222999951 ], [ -48.332778959999985, -22.506358688 ], [ -48.378534207999934, -22.486333221999896 ], [ -48.414536029999965, -22.492042477999949 ], [ -48.412273946999939, -22.523491109999924 ], [ -48.394720513, -22.534943276999972 ], [ -48.41944216, -22.557150307999926 ], [ -48.420030201999985, -22.587669374 ], [ -48.45225890299993, -22.61210979299991 ], [ -48.446891002999969, -22.647102102 ], [ -48.489609005999966, -22.660191776 ], [ -48.483764879999946, -22.691597686999984 ], [ -48.506121895999968, -22.692988453999948 ], [ -48.484459670999968, -22.756802039999954 ], [ -48.437214741999952, -22.764290723999977 ], [ -48.42483665099995, -22.789711191999981 ], [ -48.390968050999938, -22.805156353 ], [ -48.410968777999955, -22.840484216999968 ], [ -48.439315958, -22.850746372999964 ], [ -48.461259097999964, -22.846967590999945 ], [ -48.477774537, -22.821960956999895 ], [ -48.498672988999942, -22.856018855999935 ], [ -48.534294928999898, -22.851163097999979 ], [ -48.54454475499994, -22.780790176999929 ], [ -48.525861382999949, -22.755489654 ], [ -48.540319105999984, -22.723358611999952 ], [ -48.527113454999977, -22.707262626999988 ], [ -48.539387640999919, -22.703348714999979 ], [ -48.539884698, -22.671809693999897 ], [ -48.594084778999957, -22.670362448999967 ], [ -48.617074423, -22.691878696999964 ], [ -48.643695402999953, -22.651611293999959 ], [ -48.702317540999942, -22.649162863999969 ], [ -48.704066174999937, -22.60358348399992 ], [ -48.715506879000017, -22.65654405199998 ], [ -48.736192347000014, -22.665268559999937 ], [ -48.729916413999973, -22.632582891999927 ], [ -48.757199924999938, -22.637011245999958 ], [ -48.760751477999989, -22.606753483000016 ], [ -48.781500817999941, -22.610233905999952 ], [ -48.792750344999924, -22.575030922999936 ], [ -48.762078221999985, -22.592405378999988 ], [ -48.727903643999966, -22.589233160999974 ], [ -48.674940298999942, -22.538323578999972 ], [ -48.708801044000012, -22.496773594999983 ], [ -48.764504465999913, -22.516383445999985 ], [ -48.787928931999971, -22.543533273 ], [ -48.793645962999953, -22.527390526999977 ], [ -48.753695856, -22.47356527599996 ], [ -48.785923856999979, -22.49421825899994 ], [ -48.76405152400001, -22.457634457999983 ], [ -48.815109314000011, -22.446700569 ], [ -48.813050515000022, -22.41578205599993 ], [ -48.883696559000022, -22.379438281999938 ], [ -48.888780552999947, -22.343286671999948 ], [ -48.857419658999945, -22.358774742999973 ], [ -48.805015829999945, -22.322336588999988 ], [ -48.847323846999942, -22.274695597999891 ], [ -48.837893826999967, -22.225927583999979 ], [ -48.860100264999957, -22.193811483999934 ], [ -48.901963703999954, -22.206597902999889 ], [ -48.86456780099995, -22.164633139999953 ], [ -48.898396964999975, -22.136749551999987 ], [ -48.883044419999976, -22.122365355999904 ], [ -48.885780875, -22.061597444000011 ], [ -48.919234875999983, -22.062957287 ], [ -48.929958616999983, -22.019598145999971 ], [ -48.896483331999917, -21.96783804199994 ], [ -48.963025041999963, -21.956584559999989 ], [ -48.952509649999975, -21.92359462799994 ], [ -48.982360005999958, -21.926745424999957 ], [ -48.98775627499996, -21.906567808999963 ], [ -49.028627521999923, -21.969489072999945 ], [ -49.028994842999936, -21.982112191999889 ], [ -49.007055733999948, -21.986460608999966 ], [ -49.007178849999917, -22.019759486999909 ], [ -49.02688647599993, -22.030142100000013 ], [ -49.017534525999928, -22.050385357000021 ], [ -49.044155879999906, -22.063231324999929 ], [ -49.039887499999963, -22.078001227999952 ], [ -49.061296564999978, -22.057490882999961 ], [ -49.068046646, -22.086970744999931 ], [ -49.132478269999979, -22.073964116999964 ], [ -49.178247187999901, -22.106161408999977 ], [ -49.163288613, -22.126092979999953 ], [ -49.175372882999937, -22.132842737999944 ], [ -49.197763295999962, -22.096556002999964 ], [ -49.181144368999981, -22.088935550999963 ], [ -49.184609829999928, -22.073845077999973 ], [ -49.110211388999957, -22.06211971799997 ], [ -49.085473983999982, -22.020910527999934 ], [ -49.103029883999952, -22.020870179999971 ], [ -49.10707336900002, -21.992543588999943 ], [ -49.146947788999924, -21.976682574999881 ], [ -49.165428886999976, -21.988456036999956 ], [ -49.159882544999988, -22.010046274999947 ], [ -49.176875853999945, -22.004184832 ], [ -49.199712233999925, -22.042423458999924 ], [ -49.223628285999979, -22.030044633999943 ], [ -49.230863213999967, -21.99705933400001 ], [ -49.271584751999974, -22.123934073999937 ], [ -49.266405376999977, -22.147258891 ], [ -49.301690489999949, -22.143720515999984 ], [ -49.324876602, -22.181487536999963 ], [ -49.315790307999947, -22.196877865999983 ], [ -49.287375992999948, -22.1898843889999 ], [ -49.245992051999934, -22.228172036999968 ], [ -49.215378496999946, -22.232979024999974 ], [ -49.199435964999978, -22.270642565999918 ], [ -49.171786782999959, -22.289548666999956 ], [ -49.166547709, -22.246213375999954 ], [ -49.184638932999931, -22.251633563999981 ], [ -49.185169875999989, -22.218187695999955 ], [ -49.211894915999935, -22.213587914999952 ], [ -49.179369083, -22.176689326999973 ], [ -49.170103204000014, -22.228230027999881 ], [ -49.115483427999983, -22.246894756999932 ], [ -49.118108466999928, -22.193701274999963 ], [ -49.149090427000019, -22.153197639999952 ], [ -49.120649176999919, -22.134145006999958 ], [ -49.108138534999952, -22.137273212999972 ], [ -49.117231299000011, -22.179700822999923 ], [ -49.051518930000015, -22.179566375 ], [ -49.04376591399997, -22.198662315000014 ], [ -49.058417704999989, -22.216805912999934 ], [ -49.019845564, -22.217885108999965 ], [ -49.007357369999951, -22.232186853999977 ], [ -49.096919011999972, -22.27187457399998 ], [ -49.137925640999946, -22.317322416999982 ], [ -49.046174873999981, -22.420388670999966 ], [ -49.07521576299996, -22.427730612999927 ], [ -49.112730450999933, -22.400980633999964 ], [ -49.133782918999927, -22.422184192999936 ], [ -49.104092877999975, -22.456171425 ], [ -49.074826490999989, -22.449557380999948 ], [ -49.070436505999936, -22.479435836999947 ], [ -49.055824822999952, -22.477902917999945 ], [ -49.050931573, -22.453413494999971 ], [ -49.008232515999971, -22.457743694999962 ], [ -49.022994527999963, -22.486825014 ], [ -48.990107624, -22.570738142000021 ], [ -48.963290387999976, -22.598330919 ], [ -48.940138497999918, -22.5931074229999 ], [ -48.919037728999925, -22.60961235499995 ], [ -48.992773373999938, -22.633712609999964 ], [ -49.019463446999922, -22.617879121999959 ], [ -49.036024518, -22.66272315 ], [ -49.072554263999919, -22.689585702999956 ], [ -49.127257394999923, -22.648821708999986 ], [ -49.10132641499996, -22.638800749999962 ], [ -49.104667986999949, -22.611844231999964 ], [ -49.082978144999977, -22.629046154999951 ], [ -49.045554830999926, -22.622311721999985 ], [ -49.038829435, -22.590353331999932 ], [ -49.011403606999977, -22.573758709999922 ], [ -49.043165855999973, -22.517719530999955 ], [ -49.069657400999958, -22.532642749999962 ], [ -49.067301909999927, -22.554403521999941 ], [ -49.094349294999986, -22.556504696999976 ], [ -49.10409374299995, -22.538348436999986 ], [ -49.113198105999984, -22.56019454899992 ], [ -49.127154102, -22.513827570999986 ], [ -49.15859747899998, -22.508904049999931 ], [ -49.136426033999946, -22.490029614999937 ], [ -49.183595568999934, -22.462849750999933 ], [ -49.225122538999976, -22.475639464999983 ], [ -49.216125231, -22.441972095000015 ], [ -49.233282237000012, -22.443423106999902 ], [ -49.231782992999953, -22.428310057 ], [ -49.290369097999971, -22.390480213999972 ], [ -49.327470499999947, -22.405190749999967 ], [ -49.340066403999948, -22.436604528 ], [ -49.356984310999977, -22.421461601000011 ], [ -49.372014201999924, -22.43895061299995 ], [ -49.416002550999963, -22.425712951999962 ], [ -49.451313215, -22.442899355999909 ], [ -49.446630699, -22.416116092999946 ], [ -49.462724556999959, -22.419581938999919 ], [ -49.477273928999942, -22.40132253499992 ], [ -49.510110519, -22.41347487 ], [ -49.513865368, -22.387177638999919 ], [ -49.484222131999921, -22.366076636999907 ], [ -49.515680396999983, -22.313888486999897 ], [ -49.561476806999963, -22.346502060999981 ], [ -49.563614914999945, -22.384846822999979 ], [ -49.522980288000014, -22.420406627999942 ], [ -49.545514925, -22.448892830999942 ], [ -49.531874870999928, -22.476573162999966 ], [ -49.55796217299995, -22.46665052 ], [ -49.577540013999965, -22.481695433999946 ], [ -49.582572005999936, -22.529258123999959 ], [ -49.634306991999935, -22.585088525999971 ], [ -49.654906626999939, -22.553790652999947 ], [ -49.63272093599997, -22.527872948999924 ], [ -49.660719012, -22.516295940999939 ], [ -49.641858068999966, -22.499632709999936 ], [ -49.646697662999912, -22.467589733999901 ], [ -49.693656835, -22.435928583999928 ], [ -49.712595912000012, -22.445505993999934 ], [ -49.693910252, -22.506770070999934 ], [ -49.750790146999989, -22.500903764999943 ], [ -49.751417861999968, -22.523703398 ], [ -49.763542021999925, -22.524993096999943 ], [ -49.79466035399993, -22.507823381999955 ], [ -49.783405559999963, -22.466310966999966 ], [ -49.804697190999931, -22.460281212999952 ], [ -49.814525847999946, -22.483080283999954 ], [ -49.848343670999924, -22.473669968999918 ], [ -49.851480930999983, -22.509665844 ], [ -49.88202450699994, -22.529189911999911 ], [ -49.881226170999966, -22.457808776000018 ], [ -49.918683534, -22.418934790999931 ], [ -49.932655838999928, -22.417009895 ], [ -49.940813034999934, -22.437202837999934 ], [ -49.976889967999959, -22.427899650999969 ], [ -49.983038927999978, -22.445773794999976 ], [ -50.029327108999965, -22.416501705999966 ], [ -50.055651843, -22.428615231999935 ], [ -50.068264853999906, -22.414788814 ], [ -50.086594647999959, -22.424170278999952 ], [ -50.081928209999944, -22.460772067999976 ], [ -50.138727349, -22.465647516999962 ], [ -50.160985167999982, -22.440596380999963 ], [ -50.190411126999933, -22.459638523999978 ], [ -50.220375111, -22.444767462999934 ], [ -50.252099012999921, -22.36807390499996 ], [ -50.29406029599992, -22.36853024199997 ], [ -50.404604235, -22.334173960999934 ], [ -50.41094773599994, -22.320430921999964 ], [ -50.504193857999908, -22.31039684300001 ], [ -50.518252526999973, -22.295275154999924 ], [ -50.532730569, -22.342470614999929 ], [ -50.56524043099995, -22.357767380999935 ], [ -50.581668029999904, -22.34905316099994 ], [ -50.611883345999971, -22.407881980999974 ], [ -50.653563196999961, -22.391347102999934 ], [ -50.690885324999989, -22.395864411999952 ], [ -50.707746843999971, -22.37714254999997 ], [ -50.703854490999966, -22.322429455999945 ], [ -50.733914738999907, -22.297127624999987 ], [ -50.793475412999925, -22.320197785999948 ], [ -50.849015417999979, -22.265650422999958 ], [ -50.88868978299994, -22.278093216999903 ], [ -50.870260297999906, -22.326353988999944 ], [ -50.945344883999979, -22.301494022999954 ], [ -50.939930958999938, -22.272408031999888 ], [ -50.974243819000023, -22.266266302999934 ], [ -50.973299971999907, -22.240571527999972 ], [ -50.935256282999951, -22.226015260999951 ], [ -50.953984761999948, -22.203320989999916 ], [ -50.949018473, -22.156620090999976 ], [ -50.959241059, -22.147193686999941 ], [ -50.991779843999936, -22.162545929999919 ], [ -50.957802699999917, -22.101101159999889 ], [ -50.984703264, -22.087154635999958 ], [ -50.981168361999906, -22.047869902999903 ], [ -51.015112867999974, -22.037349132 ], [ -51.039080605999956, -22.051108292999974 ], [ -51.037459347999928, -22.085852165999928 ], [ -51.07112595400001, -22.098975114999927 ], [ -51.067967741, -22.133015882999882 ], [ -51.087824461, -22.15680279 ], [ -51.100509989999949, -22.146964554 ], [ -51.124274682, -22.167034489999956 ], [ -51.148553985, -22.138330621999977 ], [ -51.190268874999958, -22.1830444 ], [ -51.214026927, -22.146901757999945 ], [ -51.219456699999924, -22.169758298 ], [ -51.24459408999995, -22.170288551999903 ], [ -51.260222961, -22.192861667999949 ], [ -51.289290281999932, -22.179594567000013 ], [ -51.286962203999948, -22.223417280999932 ], [ -51.239069086999955, -22.253365897999963 ], [ -51.246290936000015, -22.267591818 ], [ -51.288120806999984, -22.267847881999966 ], [ -51.290195308999941, -22.310281786 ], [ -51.240570439999921, -22.320654721 ], [ -51.24800985499995, -22.36591208699997 ], [ -51.234233644999989, -22.382793836999934 ], [ -51.273635249999948, -22.418886531999934 ], [ -51.326792376999933, -22.404604309999939 ], [ -51.343826811, -22.438636038999945 ], [ -51.361093088999986, -22.426063550000016 ], [ -51.395069147999919, -22.436116517999935 ], [ -51.405066998999985, -22.378299216999928 ], [ -51.446822545000018, -22.384494864 ], [ -51.454397461999974, -22.403185988999915 ], [ -51.492102082999949, -22.392268024000014 ], [ -51.507954182999981, -22.428475276 ], [ -51.519980962999966, -22.427204150999977 ], [ -51.511109662999942, -22.391086894999898 ], [ -51.546897434999934, -22.387262959999962 ], [ -51.541444397999946, -22.369851493999956 ], [ -51.556874723, -22.353339330000018 ], [ -51.61297505899995, -22.344942541999909 ], [ -51.632213480999951, -22.289227947999976 ], [ -51.667055374999933, -22.265390447999941 ], [ -51.637515347999965, -22.254927621999951 ], [ -51.684673348999979, -22.213530421 ], [ -51.735504888, -22.241828385999959 ], [ -51.761810135999937, -22.213327716 ], [ -51.811772924999943, -22.247662906999985 ], [ -51.821888928999925, -22.30147680199995 ], [ -51.775802633999945, -22.325869136999884 ], [ -51.770830130999926, -22.360240816999951 ], [ -51.741221405999951, -22.365635157999971 ], [ -51.744462404999965, -22.390055090999969 ], [ -51.80266787099994, -22.386907146999921 ], [ -51.770821970999961, -22.469616155999969 ], [ -51.736366681999989, -22.448699102999988 ], [ -51.730814274999943, -22.405157994999922 ], [ -51.678455545999945, -22.340362392999932 ], [ -51.664480606999973, -22.383939152999929 ], [ -51.579705446999945, -22.388326781999965 ], [ -51.595728961999953, -22.471654550999961 ], [ -51.519861825999968, -22.535731119999966 ], [ -51.409491379999949, -22.503620272 ], [ -51.362988355999946, -22.474477996999983 ], [ -51.338234968999984, -22.488480875999958 ], [ -51.318464181999985, -22.469366674999932 ], [ -51.288994639999899, -22.480002884999969 ], [ -51.294349144, -22.50919745599996 ], [ -51.250808583999969, -22.540371666999967 ], [ -51.245923594, -22.56911195999994 ], [ -51.220550757999938, -22.589092594999979 ], [ -51.164954848999969, -22.585004406999939 ], [ -51.120471273, -22.530316267999936 ], [ -51.11223396099993, -22.587282679999884 ], [ -51.064750636, -22.621526507999942 ], [ -51.030662138, -22.612754727999981 ], [ -51.005908720999948, -22.57985816799993 ], [ -51.015616829999928, -22.641598759000011 ], [ -50.999722192000021, -22.655998123999929 ], [ -50.977520527999971, -22.642753682 ], [ -50.998528181999987, -22.624148882999936 ], [ -50.969061782999979, -22.625592087999976 ], [ -50.983973110999983, -22.584464884999885 ], [ -50.942211688, -22.571583348999965 ], [ -50.976448131999973, -22.562225063999971 ], [ -50.972026494999966, -22.542631136999955 ], [ -50.925539445999959, -22.528120874999921 ], [ -50.919587840999924, -22.486450541999922 ], [ -50.859877465999958, -22.535868610999973 ], [ -50.855767500999981, -22.571245428999895 ], [ -50.815221864999955, -22.610370076999939 ], [ -50.806605740999913, -22.592666396999913 ], [ -50.749784337999969, -22.607895005999964 ], [ -50.63260278999995, -22.550762789999975 ], [ -50.668017592, -22.593761427999922 ], [ -50.639546115999963, -22.595915496999982 ], [ -50.608479723, -22.624616889999935 ], [ -50.61810342499993, -22.653281505999953 ], [ -50.589169768999938, -22.677814951999927 ], [ -50.583775977999963, -22.735437675999911 ], [ -50.550843257999944, -22.750260547999964 ], [ -50.52522325099995, -22.735576305999924 ], [ -50.497203891999945, -22.748256026999933 ], [ -50.486494312999966, -22.70629903999993 ], [ -50.469685768999923, -22.723906444999983 ], [ -50.469059901, -22.671336493999913 ], [ -50.448816735, -22.670121850999955 ], [ -50.425907550999959, -22.632523771999921 ], [ -50.395524368999943, -22.632551489 ], [ -50.381963648999957, -22.665970195999904 ], [ -50.335255305999937, -22.693682437999904 ], [ -50.334799996999919, -22.736397338 ], [ -50.318883399999969, -22.749786934999946 ], [ -50.297319112, -22.739160468999916 ], [ -50.266825157999961, -22.681093496999946 ], [ -50.246796225999923, -22.681830110999964 ], [ -50.258443284999927, -22.711033183999948 ], [ -50.240570541999951, -22.737297945999909 ], [ -50.222434673999956, -22.72423724 ], [ -50.222748942999942, -22.700203583999986 ], [ -50.191008853999918, -22.72118675199993 ], [ -50.149183038999936, -22.694125561999975 ], [ -50.127918487999978, -22.707808825999972 ], [ -50.091445673999971, -22.692409114999975 ], [ -50.098223925999918, -22.744105645999987 ], [ -50.065087175999977, -22.790331679999984 ], [ -50.021145252999965, -22.789552295999979 ], [ -50.023455800999912, -22.771325346999912 ], [ -49.983658658999914, -22.769182471999979 ], [ -49.958908514999955, -22.739508595999943 ], [ -49.930558787999971, -22.745890605999971 ], [ -49.92063626, -22.734332109 ], [ -49.868992939999956, -22.775370405999936 ], [ -49.820994003, -22.746752175999937 ], [ -49.779966323999972, -22.739452901999954 ], [ -49.768730229999946, -22.754104568999963 ], [ -49.762080887, -22.734015140999894 ], [ -49.74676768399997, -22.734124087999938 ], [ -49.749658110999938, -22.712651081999965 ], [ -49.730217653999915, -22.707829803000021 ], [ -49.696671448999936, -22.745189884 ], [ -49.664752377999946, -22.727647652 ], [ -49.659034686999988, -22.693976709999916 ], [ -49.622621351999925, -22.69743542199992 ], [ -49.603685214999985, -22.658925236999913 ], [ -49.571070257999963, -22.653273212999977 ], [ -49.551311846999923, -22.694252367999987 ], [ -49.525793800999928, -22.698634205999987 ], [ -49.523844061, -22.729292701999956 ], [ -49.50357801899996, -22.732955113999939 ], [ -49.51520779699996, -22.768987672999938 ], [ -49.48484747199997, -22.785961070999935 ], [ -49.460639611999937, -22.771303358999958 ], [ -49.452828169000028, -22.831525238999973 ], [ -49.51847491800001, -22.795827913 ], [ -49.530515394999973, -22.833589950000011 ], [ -49.496658209999936, -22.834573894999977 ], [ -49.494100845999988, -22.855237151 ], [ -49.46577497600002, -22.875142174999915 ], [ -49.43948501200002, -22.858345544999978 ], [ -49.452361993999915, -22.893955338999902 ], [ -49.399033038999931, -22.879613817999974 ], [ -49.376733390999945, -22.844671298000016 ], [ -49.353561951999957, -22.869935919999918 ], [ -49.214283807999969, -22.860033182999906 ], [ -49.209831750999932, -22.921917841 ], [ -49.222504852000014, -22.906748397999962 ], [ -49.241202775999966, -22.92771917099995 ], [ -49.254241263, -22.908877532 ], [ -49.263183376999933, -22.9300072099999 ], [ -49.287245952999939, -22.922135746 ], [ -49.295805695999938, -22.947008097999955 ], [ -49.240359937999955, -22.982247242999939 ], [ -49.251842358000019, -22.994362250999941 ], [ -49.278845446999966, -22.973423772999965 ], [ -49.301184470999914, -22.999789543999938 ], [ -49.271218823999988, -23.032809372999971 ], [ -49.279561976000011, -23.053830213999923 ], [ -49.222961684999973, -23.079769818999985 ], [ -49.217982223, -23.050058517999958 ], [ -49.186571908999909, -23.064392986999927 ], [ -49.151048723999956, -23.043795839999945 ], [ -49.142443015999973, -23.060991563999956 ], [ -49.124613679999939, -23.059344417 ], [ -49.113461156999989, -23.09923125199996 ], [ -49.088483165999918, -23.082496738999922 ], [ -49.014760891999941, -23.076468988999984 ], [ -48.976923206999977, -23.104523272999955 ], [ -48.866724209000026, -23.125811407 ], [ -48.858500122999899, -23.149300726 ], [ -48.835079971999939, -23.118649201999986 ], [ -48.818679618000019, -23.135401290999965 ], [ -48.790513018, -23.131518171000018 ], [ -48.706007663, -23.162831643999915 ], [ -48.668214077999949, -23.122288601999927 ], [ -48.63401584699993, -23.140010891999985 ], [ -48.582923997999949, -23.138605416999958 ], [ -48.574898377, -23.110328520999957 ], [ -48.513311201, -23.094974779999944 ], [ -48.503729203999967, -23.027826805999915 ], [ -48.456821318999957, -23.040780006 ], [ -48.453752777, -23.016851450999972 ], [ -48.431499710999958, -23.001930364999964 ], [ -48.386695333, -23.054767794999961 ], [ -48.387770630999967, -23.027484296999909 ], [ -48.360277664, -23.028250299999961 ], [ -48.347592139999946, -22.991107990999978 ], [ -48.387176423000014, -22.972747571999975 ], [ -48.371300218999934, -22.935825939999951 ], [ -48.389538881, -22.914239675999937 ], [ -48.407880764999973, -22.926280410999922 ], [ -48.402885625999943, -22.898656790999972 ], [ -48.38328852999993, -22.895960515 ], [ -48.375711000999928, -22.910892027999971 ], [ -48.360358285999915, -22.900021344999985 ], [ -48.338347380999934, -22.921822874999961 ], [ -48.339093557999945, -22.953899458999935 ], [ -48.248053451999979, -22.949859698999909 ], [ -48.186454721, -22.966125667999989 ], [ -48.184344757999952, -22.987855939999932 ], [ -48.211681610999975, -23.013539360000024 ], [ -48.295289843, -23.013196627 ], [ -48.243151266, -23.068000656 ], [ -48.255878926999983, -23.134121680999961 ], [ -48.219762034999931, -23.17246308199995 ], [ -48.224110598000024, -23.185311955999921 ], [ -48.249995569, -23.186843188999958 ], [ -48.290626797, -23.153312177 ], [ -48.35456818499992, -23.15343605599994 ], [ -48.361857851, -23.120584378999965 ], [ -48.415181725000011, -23.130325799999952 ], [ -48.426526418999956, -23.110588671999984 ], [ -48.485400111999979, -23.100238706999917 ], [ -48.518656748999973, -23.130023544999986 ], [ -48.557080619999951, -23.132779145 ], [ -48.551560348999899, -23.154356129999954 ], [ -48.571727750999941, -23.178732137999958 ], [ -48.585514593999974, -23.164723215999928 ], [ -48.603846646999948, -23.185415778999982 ], [ -48.622450580999939, -23.173017379999983 ], [ -48.623864026, -23.195477881999949 ], [ -48.680492998000013, -23.164505873999886 ], [ -48.699476417999961, -23.190587916 ], [ -48.737967784000013, -23.170526387999935 ], [ -48.764572888999979, -23.175256877 ], [ -48.783133864999968, -23.203535102999936 ], [ -48.766197640999941, -23.217172051999924 ], [ -48.79444213999993, -23.222520433999961 ], [ -48.800981843999949, -23.239149862 ], [ -48.830847810999977, -23.236577088999944 ], [ -48.841241501999932, -23.268088990999914 ], [ -48.857795723999971, -23.247021841999945 ], [ -48.894467784999947, -23.245734703999943 ], [ -48.940336674999969, -23.268538830999915 ], [ -48.957297117999964, -23.236387396999966 ], [ -48.983313519999982, -23.247689807999969 ], [ -48.992946705999984, -23.21954242999994 ], [ -49.01160425599997, -23.22872700199995 ], [ -49.052428956999989, -23.203748921999953 ], [ -49.12391932999995, -23.23088034799995 ], [ -49.116015655999966, -23.211634761999974 ], [ -49.139643407999969, -23.213484680999919 ], [ -49.146715175999958, -23.196357737999918 ], [ -49.167398775999985, -23.228420011999951 ], [ -49.182524873999988, -23.221771087999954 ], [ -49.180144308999928, -23.201396967999955 ], [ -49.237649102999924, -23.203219137999909 ], [ -49.270913644999958, -23.239811534999951 ], [ -49.252845205999947, -23.253972317999938 ], [ -49.26881102599998, -23.298994681 ], [ -49.31668508, -23.33463838899997 ], [ -49.287058620999979, -23.343773019999936 ], [ -49.284852152999932, -23.361814846999962 ], [ -49.238923803999967, -23.381613101999918 ], [ -49.219123477000011, -23.371474923999969 ], [ -49.197598107999973, -23.272441325999957 ], [ -49.138153841, -23.299106677999937 ], [ -49.028838402999966, -23.285426157999986 ], [ -49.017673768, -23.296343100999891 ], [ -49.035996900999933, -23.32209879199992 ], [ -48.998450395, -23.322563466 ], [ -49.004622093999942, -23.355560292999911 ], [ -49.038918945999939, -23.357259890999934 ], [ -49.088843133999944, -23.398104534999916 ], [ -49.146509309999971, -23.376565725 ], [ -49.148317371999916, -23.347385364999951 ], [ -49.164987190000019, -23.349602405999981 ], [ -49.16135068899996, -23.395694033999959 ], [ -49.192626423999926, -23.410429434999969 ], [ -49.192769649999967, -23.440008435999971 ], [ -49.184565768000013, -23.471750254999954 ], [ -49.16142261399996, -23.479214129999967 ], [ -49.170379590999971, -23.492729114999989 ], [ -49.152193138999962, -23.502152219999928 ], [ -49.174218186999965, -23.524045330999932 ], [ -49.17225230499993, -23.5482921199999 ], [ -49.144251941999983, -23.565467917999946 ], [ -49.164640595999941, -23.590134877999958 ], [ -49.189053056999938, -23.589896637999964 ], [ -49.231516867999957, -23.568033357999937 ], [ -49.237366799999926, -23.53630476999998 ], [ -49.27281348399994, -23.549513158999943 ], [ -49.278904776999987, -23.568401624999943 ], [ -49.253813601999965, -23.613454082 ], [ -49.285417973999941, -23.607699909999965 ], [ -49.286640955999971, -23.67640226 ], [ -49.322390225999982, -23.724487192999966 ], [ -49.316930740999986, -23.741317467999934 ], [ -49.286628518, -23.746062958 ], [ -49.273185623, -23.726778505999924 ], [ -49.235312474999944, -23.743138491999972 ], [ -49.23049918699995, -23.799583488999943 ], [ -49.136256412999941, -23.797883606999982 ], [ -49.09728408399998, -23.822564805999924 ], [ -49.108370269999945, -23.841791289999911 ], [ -49.079606208999962, -23.875411419999971 ], [ -49.021138042999922, -23.877363317999908 ], [ -49.04194477899992, -23.907008901 ], [ -49.022954133, -23.934141643000018 ], [ -49.044967781999937, -23.957312592999969 ], [ -49.02514759599994, -23.973473170999945 ], [ -49.051277510999938, -23.982680170999949 ], [ -49.011489636, -24.008735766 ], [ -49.065661115999973, -24.047992610999891 ], [ -49.050195613999946, -24.076579936 ], [ -49.08360681799995, -24.078630541999935 ], [ -49.078055121999967, -24.04103066699993 ], [ -49.125464339999979, -24.045765261999982 ], [ -49.145201630999956, -24.072069205999988 ], [ -49.165369211000012, -24.032370319999949 ], [ -49.189473176999975, -24.02557534299995 ], [ -49.281243725999978, -24.096614945999917 ], [ -49.313507452999986, -24.008020787999918 ], [ -49.341717936999906, -24.006391103999903 ], [ -49.359673404999981, -24.023648039999912 ], [ -49.451677651999958, -24.009989483 ], [ -49.455711191, -24.054048050999896 ], [ -49.492087338999923, -24.105995018999934 ], [ -49.577954572999985, -24.096320527999978 ], [ -49.593215468999951, -24.112502347999943 ], [ -49.61054265, -24.085644622999943 ], [ -49.630075091, -24.112758151999969 ], [ -49.617403016, -24.131191884 ], [ -49.674290205999959, -24.130440612000015 ], [ -49.69327141, -24.149782977 ], [ -49.723608599999935, -24.114031627 ], [ -49.696484896999962, -24.086601495999979 ], [ -49.697976285999985, -24.061122337999919 ], [ -49.677333612999973, -24.072124140999918 ], [ -49.657959251999912, -24.060254947 ], [ -49.641100358999978, -24.012666816000014 ], [ -49.677967945999967, -24.006958417999947 ], [ -49.751268292999939, -24.051894771 ], [ -49.756757776999926, -24.030629715 ], [ -49.724104117999985, -24.015982703999924 ], [ -49.742543800999982, -24.000934328999953 ], [ -49.725668347999914, -23.972305762999987 ], [ -49.784606728999961, -23.976022657999948 ], [ -49.801626497999976, -23.990349317999978 ], [ -49.784124547999937, -23.998440182 ], [ -49.779898947999989, -24.05055923299998 ], [ -49.80937149899998, -24.076493608999961 ], [ -49.796876335999961, -24.094741153999955 ], [ -49.817182579999937, -24.112391243999987 ], [ -49.859478398, -24.107318971999966 ], [ -49.887164721, -24.139961199999938 ], [ -49.909685721999985, -24.127258635 ], [ -49.907273787, -24.09419602199997 ], [ -49.939072161999952, -24.091342506999943 ], [ -49.957583512000014, -24.110575157 ], [ -49.936186624999948, -24.134120456999931 ], [ -49.963897468999917, -24.184316102999922 ], [ -49.983605891, -24.195201555999979 ], [ -50.015997457999916, -24.175926686999979 ], [ -50.051864414999983, -24.215306915999946 ], [ -50.084295970999925, -24.195876991 ], [ -50.074258008999919, -24.229795666999976 ], [ -50.121138537999975, -24.272724579999924 ], [ -50.139552002999935, -24.322188558999954 ], [ -50.176097415, -24.292756378999933 ], [ -50.233171957999922, -24.291352558999954 ], [ -50.252882379999988, -24.311230327000011 ], [ -50.273608990999932, -24.303421332999953 ], [ -50.276789938999954, -24.381436612999948 ], [ -50.304490081000019, -24.382735845999981 ], [ -50.34301008399995, -24.428359559999969 ], [ -50.389455147999954, -24.402008372999958 ], [ -50.453298323999917, -24.448933303999965 ], [ -50.448363592, -24.478485664999894 ], [ -50.411473088999983, -24.500281460999929 ], [ -50.396046790999918, -24.475656466000018 ], [ -50.322069883000012, -24.506726003999979 ], [ -50.257646671999922, -24.586128136999974 ], [ -50.215184902, -24.603552842999918 ], [ -50.19229184799994, -24.638294680999969 ], [ -50.203478661999966, -24.652888 ], [ -50.164915246999911, -24.681780125999964 ], [ -50.174765974999971, -24.656547684999971 ], [ -50.147804706999935, -24.637043388999913 ], [ -50.167086585999975, -24.618909956999943 ], [ -50.152471692, -24.597177307999985 ], [ -50.161864303999977, -24.574180180999939 ], [ -50.137770484999962, -24.573315099999945 ], [ -50.120792723999962, -24.552284662 ], [ -50.09053773399998, -24.560125643999953 ], [ -50.059245929999932, -24.501166282999954 ], [ -49.926525949999977, -24.470410762999947 ], [ -49.89964156, -24.425837772999948 ], [ -49.867591130999969, -24.433884009999915 ], [ -49.859660547999972, -24.404732151999909 ], [ -49.782745366999961, -24.417164513999964 ], [ -49.780299633000013, -24.392951744999969 ], [ -49.747923891999974, -24.389779025999914 ], [ -49.750134109999976, -24.369195322999893 ], [ -49.717941909999936, -24.370268020999916 ], [ -49.706338472999988, -24.318731268999983 ], [ -49.59242831200001, -24.370514742999902 ], [ -49.569086772999981, -24.338261613999975 ], [ -49.537129099999987, -24.337565989999973 ], [ -49.536573608999944, -24.315610369999952 ], [ -49.501375088999943, -24.274209031999916 ], [ -49.50331259499994, -24.308988103999937 ], [ -49.489110087999961, -24.318610392999929 ], [ -49.438264003999976, -24.314476632999934 ], [ -49.42235155600001, -24.290489681999972 ], [ -49.394859211, -24.307911577999953 ], [ -49.398442374, -24.288082339 ], [ -49.374289194999953, -24.269300425999937 ], [ -49.338324969000013, -24.281725654999939 ], [ -49.347548849, -24.254344077999946 ], [ -49.334806703999966, -24.23828015299997 ], [ -49.35084516199997, -24.217663551999976 ], [ -49.291272554999942, -24.230980055 ], [ -49.290160590999953, -24.274058737999916 ], [ -49.270103939999927, -24.295452557 ], [ -49.21044993600001, -24.302261329999986 ], [ -49.147678012999947, -24.275557071999984 ], [ -49.13281391699995, -24.240039015000015 ], [ -49.076725035999957, -24.197482281999946 ], [ -49.074069788, -24.172848613999939 ], [ -49.061871586999949, -24.181465742999897 ], [ -49.012192867999914, -24.143932332999974 ], [ -49.05262933799996, -24.195538776999989 ], [ -49.047967322999966, -24.227076142999934 ], [ -48.986932697000029, -24.151643863999958 ], [ -48.990304383999941, -24.130838448999981 ], [ -48.973571092, -24.133025473000011 ], [ -48.961329529999915, -24.114794036000021 ], [ -48.964324264999988, -24.071305621999961 ], [ -48.935930712999934, -24.100314397999945 ], [ -48.938116791999974, -24.140341462999956 ], [ -48.906412895999928, -24.134997916999964 ], [ -48.897866122999929, -24.033546176999984 ], [ -48.941589454999978, -24.005893138 ], [ -48.920202086999986, -23.979621905999949 ], [ -48.949428808999969, -23.976819845 ], [ -48.985152299999982, -23.917200528999935 ], [ -48.971348060000011, -23.882556746 ], [ -48.940663311, -23.88675247599997 ], [ -48.885328053, -23.941774770999913 ], [ -48.843589411999957, -23.959223432999977 ], [ -48.788015286999922, -24.035315804999946 ], [ -48.777939794, -24.090799710999889 ], [ -48.827080457999926, -24.122541590999965 ], [ -48.818779663999948, -24.168898781999893 ], [ -48.804935142999923, -24.139811659 ], [ -48.769327366999988, -24.129141875999935 ], [ -48.76902177100002, -24.085029201999916 ], [ -48.757019194999906, -24.058532014 ], [ -48.741751713000014, -24.057287054999932 ], [ -48.761362242999979, -24.011046970999928 ], [ -48.735547297000025, -23.986159760999989 ], [ -48.700236398999962, -23.984378120000017 ], [ -48.678927261999959, -24.00424505299997 ], [ -48.638367418, -24.061792 ], [ -48.64778088599995, -24.082185140999968 ], [ -48.637255191, -24.097541660999944 ], [ -48.576800953999943, -24.022937146999979 ], [ -48.545996896999924, -24.039145234999978 ], [ -48.527589867999964, -24.011965430999979 ], [ -48.484997683999985, -24.01656303799998 ], [ -48.464897680999925, -24.003143053 ], [ -48.467676814999926, -23.936506323999915 ], [ -48.5566914569999, -23.860364538999946 ], [ -48.634212426999945, -23.835461857999974 ], [ -48.642427234999914, -23.814369504999966 ], [ -48.692886432999956, -23.791614639999977 ], [ -48.745322771, -23.798756601 ], [ -48.7561217639999, -23.778385195999959 ], [ -48.78613529499998, -23.785200580999962 ], [ -48.794808855999982, -23.772134103999932 ], [ -48.836662909, -23.789803202999934 ], [ -48.91277992299996, -23.753858627999932 ], [ -48.914115203999955, -23.729875136 ], [ -48.876383893, -23.73533976599996 ], [ -48.898308678999953, -23.705177460999927 ], [ -48.888987641999933, -23.685219459999892 ], [ -48.825493889000015, -23.684672423999928 ], [ -48.777023141999919, -23.655862772999988 ], [ -48.721470218999954, -23.662060514999958 ], [ -48.70068495899995, -23.64429884099993 ], [ -48.715931251999955, -23.632996942999974 ], [ -48.679754997999964, -23.62953541 ], [ -48.623456986, -23.589218402999975 ], [ -48.607101895999989, -23.637767041999943 ], [ -48.573228456999942, -23.648611465999977 ], [ -48.590311180999919, -23.613199155999965 ], [ -48.52915546, -23.649649698999909 ], [ -48.490104795999954, -23.626675903999924 ], [ -48.47661669499994, -23.597578404999972 ], [ -48.449895463999958, -23.599418756999924 ], [ -48.460989560999955, -23.620891153999935 ], [ -48.44294114099992, -23.673271771999971 ], [ -48.412818725999983, -23.676743357999975 ], [ -48.35306591399997, -23.626784035 ], [ -48.329007051, -23.635982191999972 ], [ -48.330399138, -23.653386325999989 ], [ -48.292646470999955, -23.642510380999923 ], [ -48.25209340299994, -23.593945530999946 ], [ -48.233897697999971, -23.621363505999938 ], [ -48.219725560999933, -23.60216476199993 ], [ -48.198899760999957, -23.603794468999951 ], [ -48.177453809, -23.634604634999945 ], [ -48.108989478999952, -23.669492 ], [ -48.08795858199997, -23.699710770999957 ], [ -48.141356104999943, -23.720089903999927 ], [ -48.098552722999983, -23.745342135999955 ], [ -48.005046304999979, -23.705370505 ], [ -47.975294815, -23.745710490999969 ], [ -47.965083341999936, -23.714627709999981 ], [ -47.90577497000001, -23.728295690999957 ], [ -47.872178861999899, -23.696531280999963 ], [ -47.826717041999984, -23.711342363999933 ], [ -47.835155947999937, -23.67223111600002 ], [ -47.857413541, -23.652933670999928 ], [ -47.841024163, -23.634696058999957 ], [ -47.886077089000011, -23.604026693999977 ], [ -48.01113767799994, -23.637741884 ], [ -48.024104736, -23.658041032999918 ], [ -48.037178211, -23.647749575999988 ], [ -48.026648694, -23.624343727999964 ], [ -47.96798537399998, -23.592728929 ], [ -47.948803766999973, -23.544835490999979 ], [ -47.968325787999987, -23.490199177 ], [ -48.03143913599996, -23.494818679999952 ], [ -48.073113651999954, -23.463893281999923 ], [ -48.129110485999973, -23.45719658899997 ], [ -48.178142278999943, -23.472367122999927 ], [ -48.191140916999963, -23.500181441999935 ], [ -48.246127370999957, -23.534072037999984 ], [ -48.422438551999946, -23.555777522 ], [ -48.488283671, -23.533099840000013 ], [ -48.475784421, -23.504397808999919 ], [ -48.483760604999944, -23.461632268999985 ], [ -48.510123189999916, -23.448759552 ], [ -48.539051806999936, -23.461727093000015 ], [ -48.550588212000022, -23.426275537999949 ], [ -48.583623323999987, -23.446568611 ], [ -48.603705867999935, -23.39721727299996 ], [ -48.822032022000016, -23.439166271000012 ], [ -48.812199139999919, -23.466006530999984 ], [ -48.857122993, -23.506498316999988 ], [ -48.82015180999997, -23.542714010999951 ], [ -48.827643914999918, -23.550749057999973 ], [ -48.873461946, -23.526650901999957 ], [ -48.863295900999958, -23.473169217999946 ], [ -48.919255452999906, -23.449762548999942 ], [ -48.917003461, -23.419040675999966 ], [ -48.948581072, -23.425545490999944 ], [ -48.93626909299995, -23.407656501999952 ], [ -48.94840665299995, -23.395915841000011 ], [ -48.939516957, -23.37916077299996 ], [ -48.91380741899998, -23.391136176999957 ], [ -48.869020737999968, -23.350023184999976 ], [ -48.821675011999965, -23.369447717999925 ], [ -48.80119087500001, -23.338876230999958 ], [ -48.764499331999929, -23.369898824999943 ], [ -48.750045487999948, -23.333798139999907 ], [ -48.719361625000012, -23.324415352999928 ], [ -48.713073257, -23.349354761999919 ], [ -48.680567077000013, -23.357221235999937 ], [ -48.646257846999958, -23.33789115 ], [ -48.511658311999923, -23.406413668999967 ], [ -48.464508611999975, -23.381611887 ], [ -48.418730973999956, -23.481806152999937 ], [ -48.406507354999938, -23.477065172999978 ], [ -48.413236985999951, -23.455650640999956 ], [ -48.333630457000012, -23.441159364999983 ], [ -48.297518462999918, -23.417033167999953 ], [ -48.249475465999957, -23.342901827999974 ], [ -48.181297721, -23.328018098999948 ], [ -48.177170147999981, -23.285096426999885 ], [ -48.231119525999965, -23.219812318999978 ], [ -48.22205918500002, -23.203156079999928 ], [ -48.177136368999939, -23.197867748999975 ], [ -48.169299962000011, -23.131139894999897 ], [ -48.208972221999979, -23.119238475999978 ], [ -48.214585009999951, -23.094015193999951 ], [ -48.180372850999944, -23.063963755999936 ], [ -48.170552280999978, -23.020615986999971 ], [ -48.119939196, -23.021770137999987 ], [ -48.096398951999952, -22.939558064000018 ], [ -48.110646215999985, -22.919801171999929 ], [ -48.064292607, -22.91000625799996 ], [ -48.069783601000026, -22.928605315 ], [ -48.050655798999941, -22.930306101999939 ], [ -48.057934041999957, -22.961985682000019 ], [ -48.038308143999963, -22.945844852999983 ], [ -48.004770837999921, -22.950027066999986 ], [ -48.004175448999952, -22.90367890600001 ], [ -47.989191203999958, -22.868919228 ], [ -47.968403478999932, -22.861032412999982 ], [ -47.968510253999973, -22.840151670999987 ], [ -48.010154186, -22.829738321 ], [ -48.049192251, -22.792134243999914 ], [ -48.090122507999951, -22.792786106999937 ], [ -48.13810660999993, -22.811806847999957 ], [ -48.177871782999944, -22.866064304999945 ], [ -48.200271628999957, -22.854863580999918 ], [ -48.192428648999929, -22.822013368999968 ], [ -48.217685320999969, -22.812096312999927 ], [ -48.232501265999986, -22.861734894999927 ], [ -48.265138717, -22.870850603999926 ], [ -48.286982397, -22.823483948999964 ], [ -48.267210677000016, -22.813903635999985 ], [ -48.267831601999966, -22.763992026999954 ], [ -48.254223951999919, -22.750212672 ], [ -48.289160583999923, -22.748335484999934 ], [ -48.248278404999944, -22.683569737999928 ], [ -48.28492720999995, -22.668429217999972 ], [ -48.300488301999977, -22.631237304999971 ], [ -48.271051433000011, -22.616750511999925 ], [ -48.238936541999976, -22.630807196 ], [ -48.224492546, -22.676334133999973 ], [ -48.1963089, -22.69413026699992 ], [ -48.191026623000013, -22.648237288999947 ], [ -48.091110457999989, -22.673308414 ], [ -48.075780005999945, -22.69590933999995 ], [ -48.089224913999942, -22.713642390999919 ], [ -48.136348004999903, -22.699675467999988 ], [ -48.158843597000022, -22.742229153999979 ], [ -48.150584753999958, -22.766834348999939 ], [ -48.049076268, -22.734268946999933 ], [ -48.023188228000024, -22.748861168 ], [ -48.011217947, -22.737476360999928 ], [ -47.998126550999956, -22.755884915999921 ], [ -47.961609349999911, -22.750208442999917 ], [ -47.940700148999959, -22.770718038999934 ], [ -47.922149981999972, -22.752583800999989 ], [ -47.868418860999924, -22.767689092999962 ], [ -47.840752399999985, -22.756519515999937 ], [ -47.831208365999899, -22.721675733999977 ], [ -47.851682301999986, -22.699537657999954 ], [ -47.839635013, -22.672210531999934 ], [ -47.869186128, -22.652595023999908 ], [ -47.909854904, -22.664267119999945 ], [ -47.91408526799998, -22.693688756999983 ], [ -47.938723972999966, -22.66370553099993 ], [ -47.964786018999938, -22.687764445999989 ], [ -47.977043060999968, -22.669559534999969 ], [ -48.048295008999915, -22.664598434 ], [ -48.062679249, -22.639038149999976 ], [ -48.012307167999978, -22.653691815999974 ], [ -48.00930614100001, -22.609600610999955 ], [ -47.980583177999961, -22.583351685999972 ], [ -47.915392438999959, -22.603441313999969 ], [ -47.865871668999937, -22.597162115999922 ], [ -47.848254211999937, -22.574477879 ], [ -47.765669896, -22.57600818099997 ], [ -47.745777273999956, -22.558946023 ], [ -47.713362907999922, -22.572870855999913 ], [ -47.712090791, -22.530197663999981 ], [ -47.695233763999951, -22.522863413999946 ], [ -47.698767888999981, -22.481269799999989 ], [ -47.686630689999916, -22.474991936999963 ], [ -47.699482607999961, -22.458872685999939 ], [ -47.67541885199995, -22.461720510999935 ], [ -47.657673489999937, -22.436681844 ], [ -47.676513177, -22.377411367 ], [ -47.672198682999962, -22.356625187999931 ], [ -47.650860962, -22.34715922999991 ], [ -47.658214490999939, -22.313791757999976 ], [ -47.612968404999933, -22.297268764999941 ], [ -47.654902964999941, -22.261275503 ], [ -47.704374559999984, -22.300271541999969 ], [ -47.76945165, -22.304198513999903 ], [ -47.775184747999973, -22.281645095999977 ], [ -47.755108584999938, -22.261401199 ], [ -47.680513198999925, -22.253542233999987 ], [ -47.656398548999967, -22.226105281999939 ], [ -47.676842746999988, -22.204733035999954 ], [ -47.713837131999988, -22.220389788 ], [ -47.708511046999931, -22.196195143999983 ], [ -47.751780219999972, -22.212712766999928 ], [ -47.758695723, -22.201266548000017 ], [ -47.659259517999985, -22.147099943999912 ], [ -47.637009330999923, -22.170441801999971 ], [ -47.642195718999965, -22.184580488999902 ], [ -47.615780276999971, -22.187493449999959 ], [ -47.625195875, -22.165123696999952 ], [ -47.59673256699994, -22.141705436999967 ], [ -47.550187592000022, -22.152810199999958 ], [ -47.581485236999939, -22.179215683999928 ], [ -47.568016910999965, -22.194086342999938 ], [ -47.580865719999927, -22.210312130999984 ], [ -47.512758457999936, -22.219762475999957 ], [ -47.492419486, -22.187842610999983 ], [ -47.472905075999989, -22.20750964599992 ], [ -47.451195115999951, -22.20234992099995 ], [ -47.437422532999939, -22.157359172999932 ], [ -47.524889738999953, -22.139712777999939 ], [ -47.541291018999949, -22.089249856999945 ], [ -47.506301026999971, -22.065030620999945 ], [ -47.536092464999967, -22.038088989999935 ], [ -47.498680667999977, -22.020825366999905 ], [ -47.495308653999956, -22.001471882999976 ], [ -47.54790703499998, -21.951906287999975 ], [ -47.564547201999936, -21.978748786999954 ], [ -47.585710107999923, -21.93609712799994 ], [ -47.570904505999962, -21.89864867799994 ], [ -47.534172418, -21.898166502999924 ], [ -47.530005347, -21.929547559999904 ], [ -47.492386713999956, -21.91190056199995 ], [ -47.482180414999959, -21.919323925999986 ], [ -47.501095645999953, -21.926001136999925 ], [ -47.515167516999952, -21.959100837999909 ], [ -47.489677386999958, -21.967125465999956 ], [ -47.490333487999976, -21.98955697500001 ], [ -47.46810539999997, -21.991021953999986 ], [ -47.444890607999945, -22.043567286999973 ], [ -47.425398617000013, -22.047525251999986 ], [ -47.470103422, -22.095677955999967 ], [ -47.458725284999943, -22.112617443 ], [ -47.437708016999935, -22.104066015999887 ], [ -47.438146423999967, -22.136444703999899 ], [ -47.401509931999918, -22.142249335999939 ], [ -47.362218776999953, -22.09743832799996 ], [ -47.398545633999966, -22.054575491999969 ], [ -47.360018038999939, -22.018773138000011 ], [ -47.339364252999978, -22.031033284999943 ], [ -47.286863893999985, -22.025534113999953 ], [ -47.245248541999914, -22.046182002999956 ], [ -47.252162100999961, -22.095079241 ], [ -47.237407590999965, -22.107352080999906 ], [ -47.231926105999932, -22.187822213999894 ], [ -47.187434004999957, -22.253038519999965 ], [ -47.214156179999932, -22.313674846999984 ], [ -47.247430163999944, -22.310213912999885 ], [ -47.196937275999957, -22.368514810999937 ], [ -47.194664865999968, -22.419219469999948 ], [ -47.223312117999967, -22.432891956999942 ], [ -47.193717411, -22.443756164000014 ], [ -47.208341370999939, -22.473165888999954 ], [ -47.195626841999982, -22.487580280999961 ], [ -47.171891887, -22.459871160999953 ], [ -47.138173374999965, -22.477227390999918 ], [ -47.118049691, -22.439909696 ], [ -47.111224430999975, -22.461714090999937 ], [ -47.081388268999923, -22.462935184999896 ], [ -47.049611861999914, -22.380583106999982 ], [ -47.074087879999936, -22.309692316999893 ], [ -47.116757524000015, -22.311155684 ], [ -47.139859276000017, -22.286511595999933 ], [ -47.144362767999958, -22.255314792999922 ], [ -47.1274693, -22.225841724999981 ], [ -47.104661870999927, -22.221702012999941 ], [ -47.080428366999989, -22.251747135999963 ], [ -47.09009954199994, -22.277275079999978 ], [ -47.057850764999927, -22.280730847 ], [ -47.037014599999978, -22.262760054999905 ], [ -47.0551164, -22.216924029999937 ], [ -47.02881126299998, -22.18505077 ], [ -47.039062786999985, -22.159750273999975 ], [ -47.025821212999936, -22.146530434999953 ], [ -46.991964466999931, -22.174729580999916 ], [ -47.006339541999971, -22.22360594199991 ], [ -46.98341901099996, -22.247898047999989 ], [ -46.930205707999946, -22.235592431999937 ], [ -46.898830912999955, -22.201387939999936 ], [ -46.904447132999948, -22.161650294999976 ], [ -46.937563475999973, -22.152177620999932 ], [ -46.877760662, -22.120075398999969 ], [ -46.906643393999943, -22.09026282 ], [ -46.941876556999972, -22.093347490999967 ], [ -47.010869315999955, -22.063167003999936 ], [ -47.083116, -22.068881315999963 ], [ -47.178708759999942, -21.969855754 ], [ -47.111510052999982, -21.942851632999968 ], [ -47.096960295999963, -21.959668216999958 ], [ -47.070938370999933, -21.951590345999946 ], [ -47.051982180000017, -21.934217222 ], [ -47.053385459999951, -21.904567019999973 ], [ -47.038306903999967, -21.899969436999974 ], [ -47.044110347999911, -21.878572749999922 ], [ -46.97280369099996, -21.878526663999928 ], [ -46.971412351999952, -21.912481966 ], [ -46.940539235999985, -21.941002048999966 ], [ -46.894485951999982, -21.863352893999974 ], [ -46.930411078999974, -21.839976233999966 ], [ -46.927275531999975, -21.827680055999984 ], [ -46.96365353799996, -21.815626648000016 ], [ -46.978169339, -21.760924006999968 ], [ -46.997426830999984, -21.801896966 ], [ -47.051397982, -21.837126007999949 ], [ -47.069093013000014, -21.866773846999962 ], [ -47.102516425999958, -21.870206169 ], [ -47.119860586, -21.894457730999925 ], [ -47.154089379999959, -21.872307822999989 ], [ -47.130760745999929, -21.832609006999956 ], [ -47.147738084999986, -21.771077356999932 ], [ -47.078383668999919, -21.714053553999943 ], [ -47.083090924999937, -21.672658241999962 ], [ -47.110538756, -21.657601892999953 ], [ -47.116939126999945, -21.618049215999932 ], [ -47.09608058100001, -21.582237916999944 ], [ -47.099512615999934, -21.55284006899992 ], [ -47.149578183999914, -21.509861329999932 ], [ -47.136912088999971, -21.451744021999971 ], [ -47.113195169999962, -21.385427038999957 ], [ -47.062595871999967, -21.40499264599994 ], [ -47.008986485999955, -21.38552690599996 ], [ -47.000538547999966, -21.352932789999976 ], [ -47.042098218999961, -21.32311555299998 ], [ -47.026530613000013, -21.299550326 ], [ -46.989056809999958, -21.293162383999928 ], [ -46.990890027999939, -21.265650877999928 ], [ -46.969838013999983, -21.264192408999957 ], [ -46.991825381999973, -21.216121867999934 ], [ -47.049856754999929, -21.225694488999988 ], [ -47.076223043999939, -21.303333032999902 ], [ -47.132325844999933, -21.364840363999956 ], [ -47.155702493999939, -21.331877268 ], [ -47.193207952999948, -21.386086652 ], [ -47.208200112999975, -21.355626398 ], [ -47.235696343999955, -21.351335497999976 ], [ -47.244267700999941, -21.429552180999941 ], [ -47.276675655999973, -21.458752651999887 ], [ -47.259145363, -21.520610686999916 ], [ -47.235949977999979, -21.514984912999932 ], [ -47.223491816, -21.533959206999928 ], [ -47.202641001, -21.530189129999918 ], [ -47.151324952999936, -21.565872752 ], [ -47.134289402999947, -21.558549108999955 ], [ -47.125490634999977, -21.575412365999988 ], [ -47.163994664999919, -21.597676329999945 ], [ -47.160121766999929, -21.662194572 ], [ -47.19566765099998, -21.707189472 ], [ -47.184289626999941, -21.748751809999941 ], [ -47.205296092999944, -21.748955224999985 ], [ -47.206969534999942, -21.766770653999931 ], [ -47.240597243, -21.783556926999989 ], [ -47.233765271999957, -21.812515414999986 ], [ -47.19123294499996, -21.839372960999967 ], [ -47.225092428000011, -21.862490398999931 ], [ -47.256718479999925, -21.967668883999977 ], [ -47.346931865999963, -22.002464678999964 ], [ -47.354070060999938, -21.981609275999933 ], [ -47.373908177, -21.982698016999954 ], [ -47.375230578999904, -21.963818105999952 ], [ -47.349630912, -21.956659895999916 ], [ -47.333291332999949, -21.929233001999901 ], [ -47.38043861899996, -21.938674158 ], [ -47.40328114799992, -21.922496860999971 ], [ -47.427852527999924, -21.93465035599996 ], [ -47.418480709999962, -21.894943198999947 ], [ -47.450730914, -21.845293399 ], [ -47.370776583999969, -21.852388755999982 ], [ -47.343319897999976, -21.82821812 ], [ -47.405534927999966, -21.83666146399997 ], [ -47.397416183999951, -21.806954837999978 ], [ -47.422421603999986, -21.804212434 ], [ -47.444513785999938, -21.770588739999916 ], [ -47.502899309999975, -21.772469433 ], [ -47.514121829999944, -21.749973224999927 ], [ -47.545125447999958, -21.750190283999945 ], [ -47.568454709999948, -21.778476002999966 ], [ -47.528751002999954, -21.813804399999967 ], [ -47.579062933999978, -21.873199287999942 ], [ -47.59771358299993, -21.856218014 ], [ -47.557581885999966, -21.811149659999959 ], [ -47.605366632999967, -21.759103491999973 ], [ -47.616206932999923, -21.767556543999941 ], [ -47.638859786999909, -21.749270954999908 ], [ -47.641809428999977, -21.798432763999983 ], [ -47.672538812999953, -21.759179772999978 ], [ -47.695979477000016, -21.803075844999928 ], [ -47.671231362999954, -21.811438928 ], [ -47.673094571999926, -21.864491484999945 ], [ -47.644555918999941, -21.875984062999962 ], [ -47.667383421999986, -21.933564064999963 ], [ -47.687131139999934, -21.92058109299991 ], [ -47.703192907, -21.94111659799994 ], [ -47.656390027999969, -21.992681363999974 ], [ -47.627918210999916, -21.985330945999934 ], [ -47.622411067999977, -22.027897540999927 ], [ -47.599302586999954, -22.029304606 ], [ -47.642422214999968, -22.061474002999923 ], [ -47.665832912999946, -22.004371646 ], [ -47.69367509199995, -22.034209555999936 ], [ -47.764016919, -22.046793701999942 ], [ -47.757733091999931, -22.064417304999914 ], [ -47.655957029999939, -22.076409365999957 ], [ -47.721593571999961, -22.137117117999935 ], [ -47.74902928999991, -22.115656071999975 ], [ -47.818141727999937, -22.10972303799997 ], [ -47.815684174999902, -22.07277730499991 ], [ -47.793015098999909, -22.050379763999914 ], [ -47.818641445999987, -22.035653038 ], [ -47.800932362999959, -21.987435982999934 ], [ -47.823464953999938, -21.956478010999966 ], [ -47.847019717999935, -21.957746672999953 ], [ -47.830079375999922, -21.941145919999968 ], [ -47.812300304999965, -21.952158308999955 ], [ -47.780120052999941, -21.935391886999941 ], [ -47.752935457999989, -21.953309877999935 ], [ -47.752295745, -21.938705128999988 ], [ -47.698910821, -21.918973646999959 ], [ -47.711716624999951, -21.861699967999989 ], [ -47.731108213999924, -21.860759716999908 ], [ -47.711787341999944, -21.824261211 ], [ -47.73167745599995, -21.81289832499996 ], [ -47.761711750999964, -21.831041930999969 ], [ -47.769875563999982, -21.807725324999957 ], [ -47.798177439999918, -21.803420241 ], [ -47.770443271999973, -21.857031302999882 ], [ -47.788536748999917, -21.881147461999969 ], [ -47.833385326999988, -21.905320358999955 ], [ -47.849399766999952, -21.898916754 ], [ -47.84875253499996, -21.874036942999972 ], [ -47.893264582999983, -21.885538548999936 ], [ -47.885870434999966, -21.860586486999964 ], [ -47.923699835999955, -21.805638801999979 ], [ -47.904224610999989, -21.784048392999974 ], [ -47.927241232999961, -21.790678745999944 ], [ -47.92811942699997, -21.780126055999979 ], [ -47.882660081, -21.770845109999989 ], [ -47.889189200999937, -21.811090606999958 ], [ -47.858924131, -21.847832109 ], [ -47.834722690999975, -21.818257336999988 ], [ -47.833195022999959, -21.788554041999916 ], [ -47.795324036, -21.779311190999969 ], [ -47.779090700999944, -21.743603031999989 ], [ -47.796746479, -21.733438652 ], [ -47.819362622999968, -21.748792499999933 ], [ -47.81124635699998, -21.710009371 ], [ -47.845371840000013, -21.69241582499993 ], [ -47.822033569999988, -21.637214553999925 ], [ -47.963094427999948, -21.60705586300001 ], [ -48.005689029999957, -21.554654413999938 ], [ -47.998814216, -21.53361144099993 ], [ -47.969490773999922, -21.549905986999892 ], [ -47.955917452999962, -21.585319486999918 ], [ -47.921665300999926, -21.561286760999984 ], [ -47.857306153999986, -21.577630960999969 ], [ -47.798765088999957, -21.622134686000013 ], [ -47.766353813, -21.618695065999901 ], [ -47.802116317999953, -21.644136561999957 ], [ -47.777524034999907, -21.66940136599996 ], [ -47.74143134, -21.666152069999963 ], [ -47.73083337500001, -21.699258540999974 ], [ -47.750797849999955, -21.765532997999934 ], [ -47.744314618, -21.801861356999982 ], [ -47.710173508, -21.792705107999918 ], [ -47.67846411299994, -21.742877047999961 ], [ -47.694033237, -21.708596959000012 ], [ -47.680498776999976, -21.634690892000016 ], [ -47.668441195999932, -21.654288767999915 ], [ -47.612253446999929, -21.662832757999947 ], [ -47.547331675999978, -21.633951600999954 ], [ -47.472244173999933, -21.650694354999963 ], [ -47.447297208999935, -21.681932414999924 ], [ -47.53156586399998, -21.673448127999947 ], [ -47.520724686999948, -21.716237032999949 ], [ -47.505958130999936, -21.721914588999955 ], [ -47.512725744999983, -21.741206236 ], [ -47.487066366999926, -21.716536944999984 ], [ -47.45846113799994, -21.721593624999954 ], [ -47.456053160999922, -21.744948492999935 ], [ -47.432773208999919, -21.743568502999974 ], [ -47.37470399499994, -21.690560002999945 ], [ -47.371203669999957, -21.720478470999968 ], [ -47.352134721999946, -21.724792353999941 ], [ -47.366630877999967, -21.762187269999952 ], [ -47.318546818999984, -21.775200760999954 ], [ -47.280314888, -21.739395571999939 ], [ -47.31828631599992, -21.722008274999979 ], [ -47.332388797999968, -21.680953668999944 ], [ -47.293557651999961, -21.68992326799993 ], [ -47.292415246999937, -21.673088942999982 ], [ -47.317802369999939, -21.659840052999954 ], [ -47.27698447899995, -21.630678462999938 ], [ -47.263113510999965, -21.599441309999964 ], [ -47.237181289999981, -21.602949291999959 ], [ -47.226258901999984, -21.582060890999951 ], [ -47.238059811999932, -21.55919526299995 ], [ -47.260028892, -21.554161685999937 ], [ -47.283421671000013, -21.583102420999975 ], [ -47.274303759999924, -21.607005938999965 ], [ -47.323795866999973, -21.627263275999983 ], [ -47.348526637999932, -21.560008566999919 ], [ -47.313997585999985, -21.545911183999941 ], [ -47.306149332999965, -21.526196482999968 ], [ -47.339777732999906, -21.506241535999923 ], [ -47.36426975900001, -21.456490628999955 ], [ -47.411529948999949, -21.493148532 ], [ -47.425097686999983, -21.450308351999933 ], [ -47.416672471999917, -21.425793842999926 ], [ -47.434565639, -21.425871565999962 ], [ -47.440522105999982, -21.400348117999965 ], [ -47.488237774999952, -21.373357722 ], [ -47.538100932999967, -21.404873320000014 ], [ -47.532298928999971, -21.433388113999982 ], [ -47.506964303999965, -21.438823508999935 ], [ -47.504472370999927, -21.458696839999977 ], [ -47.510076494999986, -21.48718759 ], [ -47.534527861999919, -21.48774520499995 ], [ -47.570553165999939, -21.457509117999937 ], [ -47.567616438999956, -21.437314793999981 ], [ -47.590022647999959, -21.42335989499998 ], [ -47.611080579999964, -21.371340046999951 ], [ -47.53323079899998, -21.378500173999967 ], [ -47.515636861999972, -21.309799286999972 ], [ -47.485551210999972, -21.300725916000015 ], [ -47.455483272000016, -21.33395813099995 ], [ -47.432266650999928, -21.295470643999955 ], [ -47.411895677999922, -21.294499668 ], [ -47.38904038699998, -21.233974625999949 ], [ -47.40349429799997, -21.220298134999979 ], [ -47.447038859999964, -21.244113737999978 ], [ -47.448450305999955, -21.222631023 ], [ -47.38211788, -21.179597309 ], [ -47.374828425999937, -21.149132090999942 ], [ -47.341400282999956, -21.114924721999969 ], [ -47.331062807999942, -21.147539200999951 ], [ -47.346479011999975, -21.154628826999907 ], [ -47.317395136999906, -21.160584881999952 ], [ -47.335632173, -21.189205215999948 ], [ -47.281211073999984, -21.195513230999982 ], [ -47.264447696999952, -21.174836300999974 ], [ -47.220385978999978, -21.186585386999987 ], [ -47.205805130999963, -21.174525500999927 ], [ -47.185513785999973, -21.209185451999954 ], [ -47.249874731999974, -21.197312431999901 ], [ -47.280171121999913, -21.211210237999975 ], [ -47.336153978999924, -21.20700200599995 ], [ -47.335589278, -21.265636106999949 ], [ -47.37380777599995, -21.260588801999955 ], [ -47.357240632, -21.283865937999987 ], [ -47.346669685999942, -21.328998064999979 ], [ -47.362495328, -21.345335499999937 ], [ -47.351161374999968, -21.352608786 ], [ -47.310452573999946, -21.338645522 ], [ -47.302284749999956, -21.307371668999927 ], [ -47.275040439999948, -21.307519708 ], [ -47.252865706, -21.276997931999983 ], [ -47.235258539999968, -21.284039230999937 ], [ -47.260097597999916, -21.315116741999937 ], [ -47.214414328999972, -21.322780380999959 ], [ -47.213054206999971, -21.290787457999979 ], [ -47.168739199999905, -21.248333737999911 ], [ -47.205302745999965, -21.298880974999953 ], [ -47.201027596999907, -21.326193432 ], [ -47.183549285999966, -21.328106336999916 ], [ -47.148377679999975, -21.295617529999941 ], [ -47.126142654000013, -21.325434506999915 ], [ -47.091254593999942, -21.296670872999965 ], [ -47.096748351999928, -21.264315200999903 ], [ -47.059402623999986, -21.20723387599995 ], [ -47.014440743999963, -21.187580928999935 ], [ -47.016120745999963, -21.151404365999923 ], [ -47.050523357000017, -21.159693354 ], [ -47.074080024999908, -21.127153193999945 ], [ -47.10992916, -21.141289687999961 ], [ -47.108690398999919, -21.11891260099997 ], [ -47.134290897999982, -21.096290814999982 ], [ -47.191881677, -21.090598291999981 ], [ -47.203113921999957, -21.051555078000014 ], [ -47.18956328099992, -21.029640349 ], [ -47.213999395999927, -21.013360795999944 ], [ -47.225305318999951, -20.978050185 ], [ -47.193620612999986, -20.948655933999913 ], [ -47.206967989, -20.874798297999927 ], [ -47.182918373, -20.861871917999938 ], [ -47.208900521999929, -20.838030063999987 ], [ -47.183518142999965, -20.791779402 ], [ -47.188902657999975, -20.774613059999933 ], [ -47.161904701000012, -20.773417104000011 ], [ -47.181658163999906, -20.748333480999989 ], [ -47.197171344999965, -20.765753477 ], [ -47.217044937999937, -20.759681228000012 ], [ -47.242619201999965, -20.714511274999911 ], [ -47.278995229999964, -20.723471425999914 ], [ -47.310308747999947, -20.677410643 ], [ -47.296070521999951, -20.633492862999944 ], [ -47.236162674, -20.658116018999969 ], [ -47.193229131999921, -20.601962892999989 ], [ -47.254541515000014, -20.587939679999931 ], [ -47.289371376999974, -20.599704929999948 ], [ -47.314069138999955, -20.568926897999948 ], [ -47.306615044999951, -20.542086466999962 ], [ -47.285119433999974, -20.571379333 ], [ -47.279776388999935, -20.543621544999965 ], [ -47.240709123999935, -20.52324806699993 ], [ -47.218996981999979, -20.533302643999981 ], [ -47.211193808999958, -20.559899520999977 ], [ -47.197268138999981, -20.541325602999979 ], [ -47.160242253999947, -20.538435142 ], [ -47.229711784999949, -20.515758579999929 ], [ -47.235177054999973, -20.500838533 ], [ -47.310104472999924, -20.518282379999938 ], [ -47.355280718999921, -20.511880311999938 ], [ -47.360848517, -20.495294035 ], [ -47.343198835999907, -20.474311014999977 ], [ -47.371917823999986, -20.480901745999954 ], [ -47.358248605, -20.449955248999959 ], [ -47.385422074999916, -20.430472024999954 ], [ -47.361062002999986, -20.422442302000018 ], [ -47.379547696999964, -20.407874802999956 ], [ -47.376768849, -20.387791612999958 ], [ -47.404939467, -20.396631224999936 ], [ -47.40964851899998, -20.381490510999964 ], [ -47.440301399999925, -20.374911644999901 ], [ -47.398838154999922, -20.366705135999904 ], [ -47.419467280999967, -20.348840761 ], [ -47.401796600999923, -20.336270357999972 ], [ -47.405998901999986, -20.306775404999907 ], [ -47.361926292, -20.298268829999952 ], [ -47.350912335999972, -20.245668264999924 ], [ -47.374461900999982, -20.249156711 ], [ -47.401951089, -20.222219033999952 ], [ -47.449584489999914, -20.253234480999968 ], [ -47.463533753999982, -20.243056243999899 ], [ -47.461163997999932, -20.224959631999958 ], [ -47.425993175, -20.206536955999951 ], [ -47.413700303000027, -20.15855779599994 ], [ -47.372903413999907, -20.139214365999955 ], [ -47.367298783999985, -20.202359288999968 ], [ -47.349265524999957, -20.192813244999982 ], [ -47.319883116999968, -20.218672348999952 ], [ -47.29354726, -20.192590263999918 ], [ -47.278124420999944, -20.204219429999956 ], [ -47.317063215999973, -20.24698177199998 ], [ -47.272043551999964, -20.260956274999916 ], [ -47.298099227999941, -20.281235188999943 ], [ -47.290949543999901, -20.328276903999928 ], [ -47.253826119999971, -20.318812636999958 ], [ -47.25947747299994, -20.303017471999926 ], [ -47.208931685999929, -20.280066623999979 ], [ -47.144134035999947, -20.334995271999986 ], [ -47.135868510999956, -20.414964412999911 ], [ -47.20881451, -20.427923002999901 ], [ -47.214590255999966, -20.447795509999963 ], [ -47.185844156999956, -20.464607833999956 ], [ -47.168364916999934, -20.508943961999901 ], [ -47.11063885799993, -20.523364806 ], [ -47.083957315999946, -20.479519581 ], [ -47.067752173999921, -20.518089516999968 ], [ -47.031412378999988, -20.524183576999974 ], [ -47.029130112999979, -20.502891810999898 ], [ -47.048934803999941, -20.499574743999979 ], [ -47.067818143999958, -20.460078434999915 ], [ -47.057058465999923, -20.439660466999928 ], [ -47.098236872999983, -20.415959825999938 ], [ -47.110567007999933, -20.351588221999947 ], [ -47.094159012, -20.324870431999983 ], [ -47.055376445999926, -20.341045676999933 ], [ -47.035365774999981, -20.322888603999964 ], [ -46.992298239999926, -20.420003977999976 ], [ -46.954525191999984, -20.388596545999945 ], [ -46.921804246999983, -20.404757726999975 ], [ -46.937000754999957, -20.540314167999959 ], [ -46.976879357999941, -20.534845525 ], [ -47.01211685199997, -20.557130252 ], [ -47.01373167, -20.575236054999987 ], [ -46.909039945, -20.613698447999948 ], [ -46.959979372999982, -20.650434353999966 ], [ -46.957713158999965, -20.71056431700001 ], [ -46.873311072999989, -20.79970987899998 ], [ -46.832730107999971, -20.797882236999929 ], [ -46.799566354999932, -20.775996816999939 ], [ -46.79348772799996, -20.752844983999971 ], [ -46.782460852000014, -20.77412794399994 ], [ -46.708776483999976, -20.768200924999988 ], [ -46.680270653999955, -20.796767845 ], [ -46.604561883999928, -20.823446021999889 ], [ -46.530397679999979, -20.873248689999965 ], [ -46.510009242999949, -20.906241613999907 ], [ -46.430965857999972, -20.904596838999975 ], [ -46.362802707999968, -20.876395161999891 ], [ -46.317057278999947, -20.889710214999976 ], [ -46.218110605999939, -20.881977332 ], [ -46.159993229999969, -20.909372515999966 ], [ -46.132587324, -20.89902173499992 ], [ -46.035768317, -20.931179799999974 ], [ -46.005945825999923, -20.955036952999947 ], [ -46.015094801999922, -21.058807583999947 ], [ -45.968373475999975, -21.074005124999914 ], [ -45.959475847, -21.104689198999957 ], [ -45.817196704999951, -21.13906725599993 ], [ -45.627061050999913, -21.147892443999957 ], [ -45.655162020000013, -21.175297045 ], [ -45.601354347999944, -21.18605357899995 ], [ -45.636825721999962, -21.214125251999935 ], [ -45.770279643999977, -21.21374948799993 ], [ -45.812986532999943, -21.202742716999964 ], [ -45.779372063, -21.178866628999934 ], [ -45.94149353800001, -21.149532724999961 ], [ -45.953491378, -21.225023262999962 ], [ -45.925075560999957, -21.237156902 ], [ -45.91872834699997, -21.256840450999967 ], [ -45.612217367, -21.245623810999955 ], [ -45.694538795999961, -21.285218506999989 ], [ -45.71210868799993, -21.259580282999909 ], [ -45.836211170999981, -21.280054235999909 ], [ -45.821198775999967, -21.395374744999959 ], [ -45.801310534999935, -21.378571930999954 ], [ -45.718342647999961, -21.369990445999928 ], [ -45.678554268999982, -21.378149005999955 ], [ -45.67243095999995, -21.412458407999932 ], [ -45.640463376999939, -21.414965282999962 ], [ -45.607131537999933, -21.38246446999997 ], [ -45.522865668999941, -21.396912242999985 ], [ -45.47745515599992, -21.380443227999887 ], [ -45.468593545999987, -21.362114183999989 ], [ -45.507449314, -21.345403381999958 ], [ -45.528593965999974, -21.312802071999911 ], [ -45.568078579999955, -21.312432706 ], [ -45.592902414999976, -21.256110240999945 ], [ -45.546427605999916, -21.18471201399997 ], [ -45.566567510999988, -21.124448386999969 ], [ -45.504793714, -21.109341962 ], [ -45.524280173, -21.139778829999919 ], [ -45.473467421999935, -21.192622592 ], [ -45.41274636, -21.210921882 ], [ -45.419118563000026, -21.238224737999886 ], [ -45.387911029999927, -21.244134526000011 ], [ -45.363423328999914, -21.223882174999961 ], [ -45.36166273, -21.193918930999963 ], [ -45.418801779999924, -21.178018814999952 ], [ -45.437314746999945, -21.129005219999971 ], [ -45.472333514999903, -21.109395184999954 ], [ -45.483815749999955, -21.071026322999916 ], [ -45.552359404, -21.046985202 ], [ -45.513161925999967, -20.976084245999957 ], [ -45.46646606, -20.983539923999913 ], [ -45.432971691999953, -20.964513207000021 ], [ -45.449886885999931, -20.946471582999923 ], [ -45.423609912999936, -20.923823542999983 ], [ -45.442072292999946, -20.911717284 ], [ -45.411178604999968, -20.895929207999927 ], [ -45.450997487999985, -20.89096595799996 ], [ -45.482704321, -20.91493471499993 ], [ -45.492918253000013, -20.900834491999984 ], [ -45.474214004999979, -20.893184120999905 ], [ -45.479364603, -20.833795654999928 ], [ -45.455094838999983, -20.804230981999957 ], [ -45.497200118999913, -20.799058592999916 ], [ -45.500329947999973, -20.779854167999886 ], [ -45.524496669999976, -20.781139263999901 ], [ -45.579026202, -20.741370467999939 ], [ -45.541646832999945, -20.741066533000016 ], [ -45.465360237999981, -20.776866483999953 ], [ -45.421265766999959, -20.761127698999967 ], [ -45.382030254999982, -20.77783577899995 ], [ -45.383486530999946, -20.796092011999953 ], [ -45.419610602999967, -20.807475952999951 ], [ -45.390187725, -20.847454359999936 ], [ -45.358997969999955, -20.83903627299993 ], [ -45.37730857699993, -20.823298918999974 ], [ -45.366725961999975, -20.815251392999986 ], [ -45.327085982000014, -20.818680460999936 ], [ -45.325476130999952, -20.836777911999945 ], [ -45.289127343, -20.851929882999961 ], [ -45.342755181999927, -20.888621286999939 ], [ -45.326410186999965, -20.909264108999967 ], [ -45.291797113, -20.929772368999963 ], [ -45.253046818999927, -20.899956154999963 ], [ -45.298233534, -20.810005415999985 ], [ -45.305291719999929, -20.751569488999952 ], [ -45.277421121999971, -20.728045633999933 ], [ -45.299294000999986, -20.676382958999969 ], [ -45.311249719999957, -20.670135045999935 ], [ -45.333707771999983, -20.706398156 ], [ -45.378197830999966, -20.67802283999994 ], [ -45.382456177999963, -20.702762122999982 ], [ -45.357240126, -20.747706913999927 ], [ -45.374566369999968, -20.76327104799994 ], [ -45.409263078999928, -20.70249082 ], [ -45.402810056999975, -20.683219369999936 ], [ -45.424206268999988, -20.662874807999984 ], [ -45.465882640999951, -20.668583754999922 ], [ -45.44415834499997, -20.64534599299995 ], [ -45.446528277999953, -20.587537032999922 ], [ -45.512447078999969, -20.562019528999972 ], [ -45.476326543999974, -20.516809343 ], [ -45.521753575999945, -20.518051364 ], [ -45.527347341999942, -20.505363425999942 ], [ -45.500075296999952, -20.483080763999947 ], [ -45.50402477899997, -20.443614696999898 ], [ -45.469754720999966, -20.400862035999964 ], [ -45.480017042999975, -20.380872072999953 ], [ -45.563052698999961, -20.365073989999946 ], [ -45.563229243999913, -20.340235719999974 ], [ -45.527598838999971, -20.305311179999904 ], [ -45.545053760999927, -20.263296553999929 ], [ -45.51837254499997, -20.248109996999982 ], [ -45.529239381, -20.225515519999945 ], [ -45.501764845999944, -20.225518474999923 ], [ -45.531988095999964, -20.176403682999918 ], [ -45.482981798999965, -20.199292832999912 ], [ -45.487837510999917, -20.223133280999924 ], [ -45.450594574999954, -20.26097851599998 ], [ -45.449115896, -20.234780057 ], [ -45.466552936999989, -20.217846299 ], [ -45.457501126999951, -20.200167699 ], [ -45.439814970999954, -20.22479017299997 ], [ -45.402969503999934, -20.231588572999989 ], [ -45.435369438999928, -20.171705770999967 ], [ -45.416438840999902, -20.156170167 ], [ -45.38420632, -20.17008202099991 ], [ -45.365864652999939, -20.161268330999945 ], [ -45.390269051999987, -20.133582684999926 ], [ -45.375359470999953, -20.12423389 ], [ -45.378114481, -20.094325811999955 ], [ -45.345611891999944, -20.123672770999942 ], [ -45.345954951999907, -20.15268494199994 ], [ -45.316298264999965, -20.197880062 ], [ -45.273774524999965, -20.134762547999937 ], [ -45.283900349999961, -20.104602430999904 ], [ -45.258037020999907, -20.074009259999922 ], [ -45.258591778999978, -20.03455498199996 ], [ -45.218899370999942, -20.055655668999947 ], [ -45.248670380999933, -20.089056610999897 ], [ -45.270175120999951, -20.15537059999993 ], [ -45.250350675999961, -20.196149339999966 ], [ -45.227958228999938, -20.196562578999963 ], [ -45.21419802199997, -20.174620987999944 ], [ -45.219588368999929, -20.09003575399991 ], [ -45.181561944999977, -20.076533243999947 ], [ -45.161705304999899, -20.090150876999932 ], [ -45.175065645999908, -20.111366044999976 ], [ -45.148986607999952, -20.108498974999986 ], [ -45.13039741999993, -20.069493596999951 ], [ -45.134584294999968, -20.018530993999914 ], [ -45.089708659999971, -20.008051721999983 ], [ -45.104968286, -20.029725500999959 ], [ -45.082122609999971, -20.031005233999974 ], [ -45.058627897999969, -19.991401960999941 ], [ -45.075133867999924, -19.959319041999976 ], [ -45.021900095, -19.947773221 ], [ -45.00661989399994, -19.977489398999978 ], [ -45.033068946999961, -20.018972429999934 ], [ -44.987480311999946, -20.048492944999982 ], [ -45.007172259, -20.072599535999899 ], [ -45.043325897999971, -20.050719961999949 ], [ -45.00694869299997, -20.104561296999965 ], [ -45.044693877, -20.110658271999945 ], [ -44.962087235999903, -20.165210809 ], [ -44.985012474999948, -20.191617168999962 ], [ -45.015057941999913, -20.18044704299998 ], [ -44.996834097999923, -20.200668460999957 ], [ -45.005534257, -20.207240938999934 ], [ -45.026002331999955, -20.201865716999986 ], [ -45.04823025299995, -20.16429886099996 ], [ -45.076358566999915, -20.158945385999946 ], [ -45.059717005999929, -20.175467277999889 ], [ -45.064681665999927, -20.195997345999913 ], [ -45.03295883299991, -20.218316671999922 ], [ -45.076336192000021, -20.247191239 ], [ -45.038643948999919, -20.280004778000013 ], [ -45.081870780999921, -20.302698724999932 ], [ -45.083475786999934, -20.326520836999936 ], [ -45.050273772999923, -20.339352863999935 ], [ -45.103528280999967, -20.360678303999954 ], [ -45.030121530999985, -20.401217834999915 ], [ -45.077606021999927, -20.401836576999951 ], [ -45.116109910999945, -20.380694594000012 ], [ -45.101859395, -20.403849122999937 ], [ -45.13414891, -20.413382462999937 ], [ -45.03401010599994, -20.423610501999953 ], [ -45.066713118999964, -20.444351991999973 ], [ -45.036783801999931, -20.466913088999913 ], [ -45.043404714999923, -20.479141400999964 ], [ -45.101864914000011, -20.499160316999973 ], [ -45.055156106999945, -20.503325552 ], [ -45.025938546999917, -20.576505947999987 ], [ -44.987918038000018, -20.551125684999935 ], [ -44.963340235999922, -20.475154952 ], [ -44.909939668999961, -20.46841613099993 ], [ -44.928540690999981, -20.518959707999937 ], [ -44.880174894999953, -20.522073509999913 ], [ -44.868198487999962, -20.483330505 ], [ -44.840839923, -20.504754378 ], [ -44.807282657, -20.483277273999953 ], [ -44.772006464999969, -20.496017356999982 ], [ -44.778568943, -20.467037904999938 ], [ -44.718128559999947, -20.443767473999927 ], [ -44.641496295999978, -20.386254979999915 ], [ -44.659960412999951, -20.359992908 ], [ -44.654323968999975, -20.343580617999976 ], [ -44.614264716999962, -20.358025459999926 ], [ -44.587662269999946, -20.330193674999983 ], [ -44.645348315999932, -20.254675386 ], [ -44.663294004, -20.269060519999979 ], [ -44.675798884999928, -20.243395210999967 ], [ -44.63921447300001, -20.23982003999992 ], [ -44.663133341999938, -20.210119724 ], [ -44.643068177000011, -20.176900427999986 ], [ -44.707993275999968, -20.173933388999984 ], [ -44.674556066999948, -20.161355191999938 ], [ -44.680374193999945, -20.136388879999942 ], [ -44.638880091999965, -20.113814427999962 ], [ -44.614273222999955, -20.050346543999961 ], [ -44.627741792999949, -20.020047172999952 ], [ -44.692590240999962, -19.987343305999946 ], [ -44.673178843999949, -19.959696353999931 ], [ -44.690382087999957, -19.940129782999957 ], [ -44.711537983999982, -19.941059435999961 ], [ -44.695766544999955, -19.89628382999998 ], [ -44.717756444999978, -19.875896136999923 ], [ -44.767119668999932, -19.871001796999973 ], [ -44.794915391, -19.804988333999937 ], [ -44.816697532999967, -19.804052604999963 ], [ -44.812049605999981, -19.827321221 ], [ -44.84219706199994, -19.805104569999962 ], [ -44.873256236999936, -19.809523353 ], [ -44.878215950999966, -19.776967074999948 ], [ -44.839036345, -19.775737303999982 ], [ -44.774103010999973, -19.814521755999944 ], [ -44.710145998, -19.822698576999972 ], [ -44.669266422999975, -19.801674170999902 ], [ -44.809537301999946, -19.765869811999956 ], [ -44.844880011999976, -19.714746720999962 ], [ -44.883689136999934, -19.755055640999938 ], [ -44.923587197999936, -19.71517142299993 ], [ -44.954620361, -19.723376043999949 ], [ -44.995646052999945, -19.685865655999976 ], [ -44.993339469999967, -19.666099909999954 ], [ -45.011140606999973, -19.681788119999929 ], [ -45.058174786999956, -19.649472750999916 ], [ -45.059638493, -19.615964832 ], [ -45.037733384999989, -19.59035934299996 ], [ -45.012370367999942, -19.591205871999925 ], [ -44.985580738999985, -19.638166921999986 ], [ -44.984451411999977, -19.599570563999954 ], [ -44.958499483999965, -19.612424488999988 ], [ -44.935458929999967, -19.665104185 ], [ -44.886743781, -19.649224560999986 ], [ -44.850180931999901, -19.684229386999949 ], [ -44.797247113999923, -19.647238035999933 ], [ -44.746216827999973, -19.682207803999926 ], [ -44.686596005999952, -19.666713429 ], [ -44.679598880999926, -19.655180073999897 ], [ -44.759357591999937, -19.597420728999978 ], [ -44.771422489999964, -19.564998573999922 ], [ -44.747773088999949, -19.523174172999965 ], [ -44.751070547999937, -19.489919424999943 ], [ -44.696277100999922, -19.440218286999919 ], [ -44.716474391999945, -19.419431797999906 ], [ -44.704591194999942, -19.393656459999939 ], [ -44.668805294, -19.399923051 ], [ -44.653415287999927, -19.42315482399993 ], [ -44.663806970999985, -19.444783235999971 ], [ -44.629998232999952, -19.458536957999936 ], [ -44.64298495099996, -19.478597638999936 ], [ -44.637312257, -19.526837054999898 ], [ -44.663241086999967, -19.548392290999924 ], [ -44.631093955000019, -19.565281968999923 ], [ -44.671185280999936, -19.563917776999936 ], [ -44.678220327, -19.594929113999967 ], [ -44.634580042999978, -19.642608882999987 ], [ -44.567541900999984, -19.649766068999938 ], [ -44.588956083999975, -19.708338501999986 ], [ -44.577455211999983, -19.73454998899998 ], [ -44.60066166099994, -19.748615577 ], [ -44.576028880999914, -19.794010934999914 ], [ -44.598495875999973, -19.809669624999934 ], [ -44.600521998000019, -19.857550397999976 ], [ -44.578511793999915, -19.858638051 ], [ -44.560257925999935, -19.817190558999961 ], [ -44.509786205999923, -19.84335940299998 ], [ -44.535577527999969, -19.846597983999978 ], [ -44.536405240999976, -19.87873120299993 ], [ -44.558266880999952, -19.898290813999949 ], [ -44.532481295999936, -19.91915613 ], [ -44.502752132999944, -19.919930600999955 ], [ -44.486263917999942, -19.967415954999964 ], [ -44.445339061999988, -19.987475400999951 ], [ -44.476367543999928, -20.01583372599994 ], [ -44.439791, -20.062691433999888 ], [ -44.461556213999941, -20.11619173899993 ], [ -44.432231135999984, -20.129022009999961 ], [ -44.288813207999951, -20.09079465 ], [ -44.304304203999955, -20.039788291999979 ], [ -44.264612396999965, -20.01278023599998 ], [ -44.297777640999954, -19.993449602999899 ], [ -44.322854560999957, -19.942790926999962 ], [ -44.295434594999982, -19.954575919000014 ], [ -44.23574469299993, -19.930730528999948 ], [ -44.214447778999961, -19.958975319999958 ], [ -44.206144238999933, -19.929523792999934 ], [ -44.153273924999965, -19.930032303 ], [ -44.14222527, -19.921520802999989 ], [ -44.151949847999923, -19.901727551 ], [ -44.094296560999986, -19.866352239999937 ], [ -44.061147820999942, -19.964860145999971 ], [ -44.041182020999976, -19.976224308999932 ], [ -44.011913443, -19.967657675999892 ], [ -44.038442932999921, -19.91984991699994 ], [ -44.004837875999954, -19.911467788999978 ], [ -43.997341596999924, -19.888243099999933 ], [ -43.937778833, -19.864875823 ], [ -43.900017007999921, -19.896128982999958 ], [ -43.906492414999953, -19.842498622999901 ], [ -43.928186298, -19.81960973999993 ], [ -43.918067847999986, -19.802747584999988 ], [ -43.866987718, -19.827213649999983 ], [ -43.844269027999978, -19.812057211999953 ], [ -43.832936718999989, -19.827556208 ], [ -43.740026547999932, -19.797391961999974 ], [ -43.735018987999936, -19.765601576999966 ], [ -43.702118037999966, -19.75591145099996 ], [ -43.700427441999977, -19.6958352 ], [ -43.65431464100002, -19.726004952999951 ], [ -43.658358782999969, -19.682280534 ], [ -43.628898320999916, -19.679479047000012 ], [ -43.616776391999963, -19.698383145999973 ], [ -43.606180797, -19.678310164999932 ], [ -43.586974042999955, -19.699404951999963 ], [ -43.569850963999919, -19.774457554999966 ], [ -43.532497693999979, -19.771702201999982 ], [ -43.500850257999986, -19.822832329999937 ], [ -43.47218017999996, -19.807042413999984 ], [ -43.497839014999968, -19.789320270999941 ], [ -43.491458972000018, -19.779549507999924 ], [ -43.46157192699993, -19.784612306999957 ], [ -43.447819398999975, -19.834611781999975 ], [ -43.413869443999985, -19.80486218599998 ], [ -43.40443126899995, -19.826257984999959 ], [ -43.356650787999946, -19.84315926399994 ], [ -43.350461915, -19.813233775999958 ], [ -43.314403602999917, -19.807584027999944 ], [ -43.319834848999967, -19.777357528999925 ], [ -43.366925253999987, -19.761662312999903 ], [ -43.363160426999968, -19.735445180999886 ], [ -43.306064911, -19.711723946999967 ], [ -43.284517427, -19.719074334 ], [ -43.279621046999956, -19.702805750999971 ], [ -43.336449117999919, -19.674777248999916 ], [ -43.329348727999957, -19.659469439999974 ], [ -43.342884816999948, -19.652459352999937 ], [ -43.303765191999965, -19.642453393 ], [ -43.294689708999918, -19.625030709999955 ], [ -43.317432394999962, -19.611585883999968 ], [ -43.317361374999948, -19.59020464399995 ], [ -43.27878821499997, -19.590324162999892 ], [ -43.261046992999951, -19.548833184999989 ], [ -43.291397639999936, -19.558779091999931 ], [ -43.309627596999988, -19.541025280999932 ], [ -43.293855201999975, -19.507335372999965 ], [ -43.314714457999969, -19.502941777999968 ], [ -43.311444785999974, -19.478111331999933 ], [ -43.341880593999988, -19.450851249999953 ], [ -43.31301041299993, -19.428606803999923 ], [ -43.228543416, -19.461781245999962 ], [ -43.225314687999926, -19.426328880999918 ], [ -43.284939477, -19.397779679999946 ], [ -43.260446717999933, -19.362276551999965 ], [ -43.325214327, -19.292574905999945 ], [ -43.340773139999932, -19.307356878 ], [ -43.374920398, -19.282205054 ], [ -43.375960269999965, -19.336486573999942 ], [ -43.405928408999927, -19.337660529999908 ], [ -43.415935452999953, -19.305953447999954 ], [ -43.383680596999973, -19.278885586999891 ], [ -43.392392190999928, -19.246136693999979 ], [ -43.42409213, -19.250356627 ], [ -43.430978803999949, -19.29933043699997 ], [ -43.486163286999989, -19.267713677999939 ], [ -43.478938681999963, -19.250442122999964 ], [ -43.499628333999958, -19.20849490299997 ], [ -43.537297520000017, -19.175452537999934 ], [ -43.538672051999967, -19.141612255999959 ], [ -43.515633780999984, -19.120146810999902 ], [ -43.535961379999954, -19.083444582999917 ], [ -43.599424626999927, -19.023779393999959 ], [ -43.639905487999918, -18.949774026999918 ], [ -43.690753726, -18.932339363999947 ], [ -43.680592797999935, -18.912175930999972 ], [ -43.750422202999957, -18.812931669999941 ], [ -43.707559913999923, -18.819888186999986 ], [ -43.712734670999986, -18.75879663399996 ], [ -43.683442231999976, -18.743516259999979 ], [ -43.712141106999987, -18.64446990699998 ], [ -43.684677908, -18.651422234999945 ], [ -43.676286083999933, -18.62867441500001 ], [ -43.639068489999943, -18.611077896999969 ], [ -43.625818188999972, -18.620045342999955 ], [ -43.628684478, -18.666716637999933 ], [ -43.583760722, -18.679016555999958 ], [ -43.554646760999937, -18.628014094 ], [ -43.592757675999948, -18.608686715 ], [ -43.564621732999974, -18.594938112999934 ], [ -43.560088276999949, -18.553693316999972 ], [ -43.537180006999975, -18.538243876999946 ], [ -43.497600453999951, -18.557157019999945 ], [ -43.514601989999967, -18.568657950999942 ], [ -43.514153210999957, -18.612207838999936 ], [ -43.489635725999975, -18.622543981000014 ], [ -43.478778543999951, -18.68444490299995 ], [ -43.465013187999908, -18.668246720999967 ], [ -43.476064091999973, -18.598337003999962 ], [ -43.466084705999926, -18.525868654 ], [ -43.442742684999942, -18.538478281999978 ], [ -43.461776663, -18.587447954999966 ], [ -43.451122082999944, -18.599731292999952 ], [ -43.417269923999967, -18.48420471 ], [ -43.387795528, -18.465811001999985 ], [ -43.364753955000012, -18.492917579999965 ], [ -43.333464360999962, -18.455306425999915 ], [ -43.366975386999961, -18.429286314999946 ], [ -43.331702353000011, -18.422355995999936 ], [ -43.283058758, -18.380783837999978 ], [ -43.284092028999964, -18.323661593999926 ], [ -43.310996947999953, -18.31799107899997 ], [ -43.31137542999992, -18.339659693999963 ], [ -43.353378864999947, -18.356271116999942 ], [ -43.373421487999963, -18.315412140999928 ], [ -43.365522208999984, -18.304082121999951 ], [ -43.328605112999981, -18.309715797999967 ], [ -43.296099874999982, -18.289281544999966 ], [ -43.266369783, -18.314597489999937 ], [ -43.254321610999931, -18.244061156999955 ], [ -43.198210697999983, -18.223123388999948 ], [ -43.147062047, -18.134332413 ], [ -43.083905537999918, -18.122279556 ], [ -43.028301300999971, -18.161708323999978 ], [ -42.971375286999901, -18.162573381999966 ], [ -43.035057465999955, -18.079408159 ], [ -43.064932464999934, -18.063631476 ], [ -43.032886820999948, -18.029822101 ], [ -43.053542900999915, -18.004630518999928 ], [ -43.065770909999941, -18.025281222999986 ], [ -43.103680507, -18.029664461000014 ], [ -43.080233188, -18.050787337999971 ], [ -43.092751677, -18.108406495999926 ], [ -43.137271214999927, -18.113010382 ], [ -43.141531313999977, -18.061095243999933 ], [ -43.164322092, -18.095462133999959 ], [ -43.168788080999953, -18.047990266999911 ], [ -43.118597010999977, -18.003185296999987 ], [ -43.147282806999975, -17.929863002999976 ], [ -43.132204600999934, -17.862155193 ], [ -43.095932652999934, -17.876871695999949 ], [ -43.083624037999989, -17.927922336999899 ], [ -42.962661042, -18.018834762999955 ], [ -42.913764379, -18.026279692999911 ], [ -42.907527948999942, -18.00313677499997 ], [ -42.887234355999944, -18.005407210999977 ], [ -42.896867964999984, -18.055075366999937 ], [ -42.876255206999957, -18.076191571999964 ], [ -42.79460684, -18.045678808999973 ], [ -42.798918617999981, -18.020941335 ], [ -42.763030604999948, -18.037438886999965 ], [ -42.756250656999946, -18.018638569999975 ], [ -42.706476192999986, -18.007847164999887 ], [ -42.676403695, -17.981346221999924 ], [ -42.695127423999963, -17.97473406699995 ], [ -42.688533880999934, -17.952491438999981 ], [ -42.711910490999934, -17.935607021999974 ], [ -42.673123699999955, -17.905990003999936 ], [ -42.672715544999939, -17.879368519999947 ], [ -42.687984804999978, -17.899135512999983 ], [ -42.734971264, -17.902752584999945 ], [ -42.734700443999984, -17.923477136999985 ], [ -42.762481550999908, -17.952820457999938 ], [ -42.776198031999989, -17.936852694000013 ], [ -42.782851492, -17.970543455999962 ], [ -42.811101712999928, -17.968479951999935 ], [ -42.819772026999935, -17.953282 ], [ -42.85452348299998, -17.958891789999928 ], [ -42.852181854999948, -17.943662997999951 ], [ -42.879409805999934, -17.921052230999987 ], [ -42.856853963999981, -17.91927403099994 ], [ -42.850581563999967, -17.860235775999985 ], [ -42.794646760999932, -17.854630071999974 ], [ -42.772174643999982, -17.872393562999974 ], [ -42.715228064999984, -17.797310865999968 ], [ -42.675980355999975, -17.790483952999988 ], [ -42.645954909999979, -17.76011839300001 ], [ -42.666957569999937, -17.747373033999988 ], [ -42.704826128999969, -17.762605474999912 ], [ -42.705186107, -17.727113824999904 ], [ -42.663275825999953, -17.712529838999988 ], [ -42.669045131, -17.694178745999952 ], [ -42.700117791999958, -17.681441525999983 ], [ -42.699708351999917, -17.590609212999894 ], [ -42.622758552999969, -17.598341648000012 ], [ -42.60494510099992, -17.625546420999946 ], [ -42.538815969, -17.648238371999966 ], [ -42.527991051999976, -17.667341584999971 ], [ -42.564731089999981, -17.673136749999937 ], [ -42.566230723999986, -17.694750290999902 ], [ -42.489608569999966, -17.716524574999934 ], [ -42.466053911999978, -17.813611278999971 ], [ -42.447464423000021, -17.813969833999973 ], [ -42.402907091999985, -17.773619888999978 ], [ -42.384111697999955, -17.785739795999941 ], [ -42.357236229, -17.765820912999949 ], [ -42.340132172999944, -17.772156717999973 ], [ -42.321402663999947, -17.742635262999936 ], [ -42.301866220999983, -17.758850428 ], [ -42.273219881999964, -17.734681154999951 ], [ -42.24132056, -17.74016994699997 ], [ -42.223754662999923, -17.724953834999976 ], [ -42.22893909699998, -17.690093140999949 ], [ -42.252862712999949, -17.704857652999969 ], [ -42.314527017999936, -17.683233860999955 ], [ -42.337486296999955, -17.662507779999967 ], [ -42.33843714799994, -17.629701136999895 ], [ -42.314357302999923, -17.613842478999938 ], [ -42.294089323, -17.568284924999919 ], [ -42.218951761999989, -17.551933209999934 ], [ -42.235309660999953, -17.542309839999945 ], [ -42.224893025999961, -17.517094490999948 ], [ -42.170611202, -17.506384207999911 ], [ -42.166220472999981, -17.476531639000012 ], [ -42.209300625000012, -17.467506059999923 ], [ -42.215589105999939, -17.448776921999961 ], [ -42.238474260999958, -17.482436938999943 ], [ -42.299914777, -17.469956054999955 ], [ -42.31540997499998, -17.479865312999973 ], [ -42.333058163999944, -17.458388295999935 ], [ -42.323750800999989, -17.411184808999977 ], [ -42.358643576999917, -17.434302675999977 ], [ -42.347513496999966, -17.40718300399989 ], [ -42.305859348999974, -17.379214734999934 ], [ -42.320428380999985, -17.365050935999967 ], [ -42.353991389999933, -17.38347451399996 ], [ -42.37882484199995, -17.352033103999961 ], [ -42.347726279999982, -17.323145487999966 ], [ -42.32007173999996, -17.322810321999945 ], [ -42.327623849, -17.304783290999989 ], [ -42.305949896999913, -17.254380337999983 ], [ -42.317901120999956, -17.236230462999988 ], [ -42.289159474999956, -17.237067589999974 ], [ -42.304054960999977, -17.214076198999958 ], [ -42.286622166999983, -17.200733039999946 ], [ -42.297445757999981, -17.174580999999897 ], [ -42.263309044, -17.158846323999985 ], [ -42.256566758, -17.125153497999953 ], [ -42.285754586999964, -17.053219380999959 ], [ -42.363199095999988, -17.040387651999897 ], [ -42.344755826999965, -16.989284052999917 ], [ -42.26626077099997, -16.93248953199998 ], [ -42.215897636999976, -16.940844214999981 ], [ -42.168087960999955, -16.924911390000016 ], [ -42.177386665, -16.887470234 ], [ -42.200715041, -16.89567166800002 ], [ -42.229027096999978, -16.875804249999934 ], [ -42.26984744, -16.900064205000017 ], [ -42.326107792999963, -16.888718427999979 ], [ -42.367470414, -16.915627005 ], [ -42.395909771999939, -16.89981661799996 ], [ -42.377275389, -16.864184461999962 ], [ -42.383937213, -16.833416297999978 ], [ -42.338053814999931, -16.82288253499998 ], [ -42.322016643999945, -16.7820087979999 ], [ -42.268798847, -16.827380388999899 ], [ -42.237755278999977, -16.809480778999916 ], [ -42.237606923999955, -16.839307975999937 ], [ -42.202929392999984, -16.819037931999933 ], [ -42.183321602999975, -16.847149566999938 ], [ -42.148935949, -16.849548983999959 ], [ -42.113811383999987, -16.83012259999995 ], [ -42.104422475999947, -16.803265700999933 ], [ -42.052535312999971, -16.804033871999899 ], [ -42.026383144999912, -16.777019642999921 ], [ -42.079685452, -16.759586853000016 ], [ -42.083727438999951, -16.739568854 ], [ -42.115681402, -16.729257982999965 ], [ -42.109267037999949, -16.706831202999947 ], [ -42.13313502299993, -16.69427816499994 ], [ -42.187424881999931, -16.694880336999937 ], [ -42.200075485999932, -16.670360482000021 ], [ -42.221742051000021, -16.682132774 ], [ -42.251485159000012, -16.654210961999979 ], [ -42.275457304, -16.686672856999948 ], [ -42.274040171999978, -16.650785787 ], [ -42.31158866, -16.654846436999978 ], [ -42.326884077999978, -16.674154912999914 ], [ -42.345914692999926, -16.654393112999951 ], [ -42.341039122000019, -16.585438510999925 ], [ -42.314337649999985, -16.572311247999924 ], [ -42.308539362999937, -16.536872124 ], [ -42.283477530999946, -16.522163349999971 ], [ -42.278783091999927, -16.481245394999963 ], [ -42.338393202999946, -16.484245744999967 ], [ -42.363759320999982, -16.465869175999956 ], [ -42.368336723, -16.449839930999918 ], [ -42.33429780700002, -16.465144446999943 ], [ -42.310540150999927, -16.457853593999946 ], [ -42.355960830999905, -16.440543653 ], [ -42.349605278999931, -16.40955879800002 ], [ -42.408882042999906, -16.433176739 ], [ -42.432581263999957, -16.423747116999973 ], [ -42.421542984999959, -16.38057866099992 ], [ -42.439396259999924, -16.376303899999986 ], [ -42.424031090999947, -16.349843671000016 ], [ -42.445662413999962, -16.343793797999936 ], [ -42.437984307999983, -16.287726559999957 ], [ -42.410539946999947, -16.277929543999988 ], [ -42.396580488000012, -16.236036079 ], [ -42.37790249499993, -16.234531691999962 ], [ -42.350855150999962, -16.190040752999909 ], [ -42.381572675999934, -16.157243822999931 ], [ -42.397260432999957, -16.173103391999962 ], [ -42.422752213, -16.135748824 ], [ -42.332014826999952, -16.02598099399993 ], [ -42.350711240999956, -15.986312066999972 ], [ -42.30828391699994, -15.907358628999887 ], [ -42.266149390999907, -15.859910676999952 ], [ -42.245347778999971, -15.861592082999984 ], [ -42.231547579999983, -15.842868154 ], [ -42.213172787999937, -15.851898361999947 ], [ -42.200313061999957, -15.832739380999946 ], [ -42.172045200999904, -15.846478878999978 ], [ -42.104486826999938, -15.832213633999967 ], [ -42.114920373999908, -15.88689294399995 ], [ -42.14165943199994, -15.879004762 ], [ -42.147732273999971, -15.918047706999946 ], [ -42.112288674999938, -15.917318033999969 ], [ -42.105909707999984, -15.949953190999974 ], [ -42.083601460999915, -15.938811501999947 ], [ -42.070823058, -15.973768884999981 ], [ -41.960280858999987, -16.01034484599991 ], [ -41.938500226999963, -16.001771391000016 ], [ -41.901163024999931, -16.019986347999978 ], [ -41.885965853, -15.994415821 ], [ -41.836518644999927, -15.982080711999988 ], [ -41.807426672, -16.017237855999941 ], [ -41.72675711399993, -15.978110249999919 ], [ -41.703367283999988, -15.993038354999975 ], [ -41.701284947, -15.955308414999955 ], [ -41.662182837999957, -15.93234530199997 ], [ -41.678490062, -15.920023091999965 ], [ -41.803814941000027, -15.994253613999984 ], [ -41.80821878299998, -15.973821429999887 ], [ -41.771694381999964, -15.964642053999953 ], [ -41.753278374999979, -15.931797656999954 ], [ -41.764081968999918, -15.919861621999928 ], [ -41.746352498999983, -15.907238628999906 ], [ -41.76382146699995, -15.881779163999962 ], [ -41.805802025999945, -15.948722577999938 ], [ -41.825532922000015, -15.942550604999969 ], [ -41.859943232, -15.979501590999931 ], [ -41.889513218999959, -15.954291434 ], [ -41.881397943999964, -15.980002519999989 ], [ -41.919881849999925, -15.993365547999957 ], [ -41.910277524, -15.936274535999914 ], [ -41.9414012, -15.928804853999953 ], [ -41.923390866, -15.92055807 ], [ -41.887208511999958, -15.838166749999946 ], [ -41.868946624999936, -15.831684921 ], [ -41.864882628999943, -15.794735463999906 ], [ -41.927360619999931, -15.673813867999961 ], [ -41.921651803, -15.632812954000016 ], [ -41.937267053999982, -15.629137487000019 ], [ -41.970137769999937, -15.659690191999939 ], [ -41.967849268999942, -15.675594066 ], [ -41.991200350999968, -15.679377840999983 ], [ -41.979128702, -15.647729417999908 ], [ -42.009499211999945, -15.643115736 ], [ -41.997030396999975, -15.610621962999968 ], [ -41.97884391499997, -15.62605071399997 ], [ -41.954702812999955, -15.624385768999968 ], [ -41.952419182999918, -15.610673236999947 ], [ -42.011793224999948, -15.564320184999922 ], [ -42.022924695999926, -15.522472754999924 ], [ -42.059711136999951, -15.498088271999929 ], [ -42.023900613999942, -15.504508195999986 ], [ -42.005203190999936, -15.539615758999922 ], [ -41.974832512999981, -15.548000867999953 ], [ -42.01884439, -15.481874836000017 ], [ -42.022405346999946, -15.420818986999926 ], [ -42.003916152999942, -15.390334149999937 ], [ -42.03260228699996, -15.330479832999963 ], [ -42.011000109999962, -15.29867638899994 ], [ -42.021900045999971, -15.272018913 ], [ -41.954705738999927, -15.245798575999977 ], [ -41.963941801999937, -15.203905324999919 ], [ -41.921049481, -15.211477304 ], [ -41.914156421999955, -15.175229334999937 ], [ -41.875876976999947, -15.17043128199996 ], [ -41.882787316, -15.147847003999967 ], [ -41.810219515999968, -15.112059458 ], [ -41.793081495999935, -15.145456047999936 ], [ -41.817562702999943, -15.191556213 ], [ -41.796203145999939, -15.205071403999945 ], [ -41.832951281, -15.21098039 ], [ -41.786044540999988, -15.214876988999912 ], [ -41.777038189999978, -15.162034587999948 ], [ -41.75734203399994, -15.168094521999972 ], [ -41.735370142, -15.148388483999916 ], [ -41.76247397, -15.142940158999959 ], [ -41.787751387, -15.109336615999943 ], [ -41.746407502999915, -15.075260911999941 ], [ -41.767362411, -15.074628330999914 ], [ -41.752500375999908, -15.036992171999927 ], [ -41.685424714, -15.072629984999949 ], [ -41.583218587999959, -15.010768789999926 ], [ -41.540557201999938, -15.057179552000019 ], [ -41.475587868999959, -15.065807635999903 ], [ -41.437303221999962, -15.095234973999968 ], [ -41.442444393, -15.122542855999907 ], [ -41.425468929, -15.142989865999898 ], [ -41.387425105999952, -15.134256833999945 ], [ -41.384109102999943, -15.112542279999971 ], [ -41.365330075999935, -15.125342408999906 ], [ -41.303809121, -15.0949647159999 ], [ -41.291745415999976, -15.055259424999953 ], [ -41.30467514599998, -15.020389188999935 ], [ -41.23863140000001, -15.017433112999953 ], [ -41.183483262999964, -14.974633302999937 ], [ -41.128045404000012, -14.997054516999938 ], [ -41.108534001999985, -14.973865071999967 ], [ -41.100367045999974, -14.988481270999973 ], [ -41.042614327999978, -14.980936495000016 ], [ -41.031050528000023, -14.952651285999949 ], [ -40.982456385999932, -14.959741197999929 ], [ -40.980235751999956, -14.937248043999926 ], [ -41.006388171999951, -14.925723032999979 ], [ -40.987907870999969, -14.892229617999927 ], [ -41.006472969999948, -14.873761697 ], [ -40.987965270999922, -14.831280913999908 ], [ -41.017050409, -14.808742695 ], [ -40.971091234999975, -14.783063269999971 ], [ -40.954853236999988, -14.802607773999984 ], [ -40.965017812, -14.8153369 ], [ -40.914745239999938, -14.834761269999927 ], [ -40.921773343999952, -14.808744987999919 ], [ -40.887204996999955, -14.80661754199993 ], [ -40.886630848999971, -14.751398456999961 ], [ -40.831799432999922, -14.69751649799996 ], [ -40.878748429999966, -14.654792433 ], [ -40.881106981999977, -14.615055547999919 ], [ -40.908523192, -14.614021533999985 ], [ -40.87899578, -14.583996753999958 ], [ -40.849326778000012, -14.593906934999964 ], [ -40.849495401999931, -14.625441221999921 ], [ -40.82113994, -14.653362051999949 ], [ -40.813713773999915, -14.6867619289999 ], [ -40.781668037, -14.704641987999953 ], [ -40.729718766999952, -14.679265978999986 ], [ -40.674743031999959, -14.699269261999945 ], [ -40.548446276999982, -14.644688062999908 ], [ -40.511388401999966, -14.669686532999989 ], [ -40.466678476999917, -14.651945291999965 ], [ -40.461570943, -14.629702434999977 ], [ -40.423401573999946, -14.600322391999917 ], [ -40.368528329999904, -14.607031205999895 ], [ -40.288068605999982, -14.488254393999952 ], [ -40.232493195999929, -14.48773779699993 ], [ -40.212067524999924, -14.432309103999938 ], [ -40.231925573999945, -14.352006660999969 ], [ -40.18871178499996, -14.178039041 ], [ -40.138688895999962, -14.097534422 ], [ -40.114138205999978, -14.103042402 ], [ -40.093819034, -14.088941115999972 ], [ -40.049177570581634, -14.0 ], [ -39.0, -14.0 ], [ -39.001623057999986, -14.346620474 ] ] ], [ [ [ -44.570829461999949, -23.352832885999931 ], [ -44.569707612999942, -23.347519544999948 ], [ -44.566628648999917, -23.347729962999949 ], [ -44.570829461999949, -23.352832885999931 ] ] ], [ [ [ -44.553806833999964, -23.220263800999938 ], [ -44.556972357999953, -23.223756792999936 ], [ -44.55780922000001, -23.221719213999926 ], [ -44.553806833999964, -23.220263800999938 ] ] ], [ [ [ -44.160844399, -23.22786876 ], [ -44.155695534999957, -23.216216455999906 ], [ -44.149322330999951, -23.216426863 ], [ -44.148680595999963, -23.222200530999956 ], [ -44.160844399, -23.22786876 ] ] ], [ [ [ -44.356784599999983, -23.213644773999931 ], [ -44.360597992999935, -23.214861333999956 ], [ -44.357533189000016, -23.212099491999972 ], [ -44.356784599999983, -23.213644773999931 ] ] ], [ [ [ -44.594114024999975, -23.202007920999968 ], [ -44.602136731999948, -23.22222872699998 ], [ -44.621137861999948, -23.223478221999983 ], [ -44.594114024999975, -23.202007920999968 ] ] ], [ [ [ -44.579925191999976, -23.203125402999966 ], [ -44.580995120999951, -23.198193647999943 ], [ -44.578677742999972, -23.199936259999973 ], [ -44.579925191999976, -23.203125402999966 ] ] ], [ [ [ -44.577422914999971, -23.189211728 ], [ -44.573062857, -23.182767296999963 ], [ -44.573407492999912, -23.188619878999972 ], [ -44.577422914999971, -23.189211728 ] ] ], [ [ [ -44.231168014999973, -23.077922306999973 ], [ -44.234735838999946, -23.089738379000025 ], [ -44.190318251999926, -23.10313559999998 ], [ -44.215816532999973, -23.104257987999944 ], [ -44.216272877999984, -23.109606421999985 ], [ -44.170277095999943, -23.118093600999934 ], [ -44.165067156, -23.141574077 ], [ -44.127133472999986, -23.119373558999968 ], [ -44.140937910999973, -23.157268567999964 ], [ -44.115857946, -23.147746509999919 ], [ -44.094873677999956, -23.173923941999938 ], [ -44.131323285999912, -23.187391477999938 ], [ -44.125135595999971, -23.174734208999922 ], [ -44.147193641999948, -23.168140814 ], [ -44.184461823999953, -23.180170538999953 ], [ -44.192542933999967, -23.202002693999887 ], [ -44.208247942, -23.192340524999977 ], [ -44.253844381999947, -23.205404771 ], [ -44.272040682999965, -23.179785073999945 ], [ -44.304309448999945, -23.178557682999909 ], [ -44.33378173499991, -23.223677516999949 ], [ -44.348820741999901, -23.226343019999959 ], [ -44.340815688999967, -23.182363095 ], [ -44.357928684999969, -23.191323950999973 ], [ -44.377361323999963, -23.171263040999953 ], [ -44.325414041999984, -23.153586718999975 ], [ -44.327695767999948, -23.137892146999917 ], [ -44.295124914999938, -23.11383318699994 ], [ -44.297521315999973, -23.13135116699997 ], [ -44.282935919999943, -23.136068254999905 ], [ -44.231168014999973, -23.077922306999973 ] ] ], [ [ [ -44.594261961999955, -23.085214872999934 ], [ -44.592740916999958, -23.086398514999907 ], [ -44.596138827999908, -23.088995768999951 ], [ -44.594261961999955, -23.085214872999934 ] ] ], [ [ [ -44.332929717999932, -23.085516113 ], [ -44.329318353, -23.08312683599992 ], [ -44.329342120000014, -23.086612091 ], [ -44.332929717999932, -23.085516113 ] ] ], [ [ [ -44.241358325999975, -23.086257441999955 ], [ -44.240551579999931, -23.083276338999944 ], [ -44.239886075999934, -23.085819039999919 ], [ -44.241358325999975, -23.086257441999955 ] ] ], [ [ [ -44.395832524999989, -23.069134246 ], [ -44.394764199999969, -23.072696118999922 ], [ -44.396129623999968, -23.071874224999952 ], [ -44.395832524999989, -23.069134246 ] ] ], [ [ [ -44.604646709999969, -23.068167894999888 ], [ -44.601757890999956, -23.067729487999941 ], [ -44.602119165, -23.069062213999899 ], [ -44.604646709999969, -23.068167894999888 ] ] ], [ [ [ -44.594415964999911, -23.065833215999895 ], [ -44.596962525999935, -23.066850304999939 ], [ -44.596220964999951, -23.065377290999919 ], [ -44.594415964999911, -23.065833215999895 ] ] ], [ [ [ -44.551907340999918, -23.056591562999962 ], [ -44.556779774999917, -23.062482539999948 ], [ -44.564621840999962, -23.067688533999927 ], [ -44.556837828999925, -23.05519418999998 ], [ -44.551907340999918, -23.056591562999962 ] ] ], [ [ [ -44.309936003, -23.060584035999987 ], [ -44.31957536099997, -23.061373471999936 ], [ -44.309251919999966, -23.058427405999979 ], [ -44.309936003, -23.060584035999987 ] ] ], [ [ [ -44.607452467999948, -23.059612213999955 ], [ -44.600245059999928, -23.055793813999948 ], [ -44.608498611, -23.06436250399998 ], [ -44.607452467999948, -23.059612213999955 ] ] ], [ [ [ -44.418785256, -23.061284669999957 ], [ -44.414944996999957, -23.056760717999921 ], [ -44.412473846999951, -23.059320631999988 ], [ -44.418785256, -23.061284669999957 ] ] ], [ [ [ -44.404292641, -23.058538558999942 ], [ -44.402749087999922, -23.054417631999947 ], [ -44.401251706000018, -23.057398718999956 ], [ -44.404292641, -23.058538558999942 ] ] ], [ [ [ -44.316617593999936, -23.055775666999956 ], [ -44.318138383999916, -23.053408636999947 ], [ -44.312340364999976, -23.053101738999956 ], [ -44.316617593999936, -23.055775666999956 ] ] ], [ [ [ -44.334814101999974, -23.053221495999921 ], [ -44.332633568999945, -23.055260033999922 ], [ -44.334143844999936, -23.055220584999944 ], [ -44.334814101999974, -23.053221495999921 ] ] ], [ [ [ -44.559605193000017, -23.051294657999918 ], [ -44.559262934999943, -23.052416954999963 ], [ -44.562836271999927, -23.052504646999935 ], [ -44.559605193000017, -23.051294657999918 ] ] ], [ [ [ -44.375447087999937, -23.031014726999985 ], [ -44.347212101999943, -23.039065883 ], [ -44.345786023999985, -23.06836269999993 ], [ -44.36265991799992, -23.071617346000018 ], [ -44.363230349999959, -23.045928777999947 ], [ -44.395840007999894, -23.041661506999922 ], [ -44.375447087999937, -23.031014726999985 ] ] ], [ [ [ -44.491889176999976, -23.050734506999937 ], [ -44.501727751, -23.048038401999968 ], [ -44.482084887999939, -23.039982783999932 ], [ -44.491889176999976, -23.050734506999937 ] ] ], [ [ [ -44.139955898, -23.042905615999921 ], [ -44.136862673999943, -23.040301526999926 ], [ -44.136933977999981, -23.043839390999906 ], [ -44.139955898, -23.042905615999921 ] ] ], [ [ [ -44.160563918999983, -23.041519262999962 ], [ -44.159780941999948, -23.036560987999962 ], [ -44.158226516999939, -23.040835353999952 ], [ -44.160563918999983, -23.041519262999962 ] ] ], [ [ [ -44.130158738999924, -23.036711030999946 ], [ -44.130472476999948, -23.041906036999904 ], [ -44.131456471, -23.038710126999973 ], [ -44.130158738999924, -23.036711030999946 ] ] ], [ [ [ -44.340640493999949, -23.037463307999928 ], [ -44.343681427999933, -23.039392265999922 ], [ -44.342540565999954, -23.037287955999986 ], [ -44.340640493999949, -23.037463307999928 ] ] ], [ [ [ -44.515547888999961, -23.03591772299994 ], [ -44.520490582, -23.038582885000011 ], [ -44.520794490999926, -23.03700496699993 ], [ -44.515547888999961, -23.03591772299994 ] ] ], [ [ [ -44.399897634999981, -23.034670207000019 ], [ -44.397408117999966, -23.035038450999934 ], [ -44.399499220999971, -23.036914736999925 ], [ -44.399897634999981, -23.034670207000019 ] ] ], [ [ [ -44.450005671000014, -23.032212079999937 ], [ -44.44558025299996, -23.031170870999937 ], [ -44.449886831999947, -23.033965667999986 ], [ -44.450005671000014, -23.032212079999937 ] ] ], [ [ [ -44.40306143, -23.026091519999959 ], [ -44.399335977999961, -23.026301936999957 ], [ -44.40477272399994, -23.032965590999929 ], [ -44.40306143, -23.026091519999959 ] ] ], [ [ [ -44.330277656999968, -23.026371825999966 ], [ -44.332795696999945, -23.028081583999949 ], [ -44.33350873599997, -23.025670402999928 ], [ -44.330277656999968, -23.026371825999966 ] ] ], [ [ [ -44.284893256999979, -23.024206810999978 ], [ -44.286705060999964, -23.027652490999969 ], [ -44.288372206999966, -23.026258395 ], [ -44.284893256999979, -23.024206810999978 ] ] ], [ [ [ -43.954146464999972, -23.022948253999942 ], [ -43.951401263999941, -23.025578625999977 ], [ -43.953789945999965, -23.025775913999958 ], [ -43.954146464999972, -23.022948253999942 ] ] ], [ [ [ -44.029603714999972, -22.995797564999954 ], [ -44.047519842999989, -23.011372013999932 ], [ -44.053675642999956, -23.006396502999927 ], [ -44.029603714999972, -22.995797564999954 ] ] ], [ [ [ -44.400766185999906, -22.99257303199996 ], [ -44.403008362999969, -22.989928443999908 ], [ -44.400626049999943, -22.990702475 ], [ -44.400766185999906, -22.99257303199996 ] ] ], [ [ [ -44.413448500999948, -22.985929211999945 ], [ -44.406792037999949, -22.996830064999941 ], [ -44.416671631, -22.986187230999974 ], [ -44.413448500999948, -22.985929211999945 ] ] ], [ [ [ -44.358077882999964, -22.986125114999901 ], [ -44.350580602999941, -22.980384083999972 ], [ -44.351561554999925, -22.984060951999908 ], [ -44.358077882999964, -22.986125114999901 ] ] ], [ [ [ -44.403568908, -22.976575707999899 ], [ -44.399294756999929, -22.984961638 ], [ -44.407632853999978, -22.982445913999946 ], [ -44.403568908, -22.976575707999899 ] ] ], [ [ [ -44.339623713000016, -22.97772312999998 ], [ -44.342093610999918, -22.97786827399991 ], [ -44.341305345999977, -22.975449182999952 ], [ -44.339623713000016, -22.97772312999998 ] ] ], [ [ [ -44.345456876999933, -22.976610351999923 ], [ -44.348504836999965, -22.978061799999935 ], [ -44.34614004099997, -22.975062124 ], [ -44.345456876999933, -22.976610351999923 ] ] ], [ [ [ -44.389109264999966, -22.971503281999958 ], [ -44.39063324499994, -22.97329346599993 ], [ -44.391053653, -22.972277418999973 ], [ -44.389109264999966, -22.971503281999958 ] ] ], [ [ [ -44.414779793999969, -22.970124638999934 ], [ -44.42332809499991, -22.969092438999972 ], [ -44.414639657999921, -22.967673150999957 ], [ -44.414779793999969, -22.970124638999934 ] ] ], [ [ [ -44.368351608999944, -22.966955138999964 ], [ -44.36814140499996, -22.968164766999955 ], [ -44.372870996999957, -22.97005176399994 ], [ -44.368351608999944, -22.966955138999964 ] ] ], [ [ [ -44.341445481999941, -22.960277800999926 ], [ -44.35195568799994, -22.964439079999977 ], [ -44.35195568799994, -22.961922972999979 ], [ -44.341445481999941, -22.960277800999926 ] ] ], [ [ [ -44.344770876000013, -22.939143419999908 ], [ -44.336218195999976, -22.936675238999968 ], [ -44.341499573999975, -22.942881901999968 ], [ -44.344770876000013, -22.939143419999908 ] ] ], [ [ [ -43.559288951999982, -23.080504263 ], [ -43.5643977, -23.081764673999928 ], [ -43.561872510999962, -23.078723371 ], [ -43.559288951999982, -23.080504263 ] ] ], [ [ [ -43.193492849999977, -23.067948068999911 ], [ -43.199273676, -23.071250900999893 ], [ -43.198772143999982, -23.069259497999973 ], [ -43.193492849999977, -23.067948068999911 ] ] ], [ [ [ -43.508473025999912, -23.063472352999959 ], [ -43.515102923999933, -23.065423243999902 ], [ -43.512393374999924, -23.060074790999948 ], [ -43.508473025999912, -23.063472352999959 ] ] ], [ [ [ -43.147165924999982, -23.066218033999938 ], [ -43.148468151, -23.059450125999959 ], [ -43.142027412999902, -23.065926599999983 ], [ -43.147165924999982, -23.066218033999938 ] ] ], [ [ [ -43.304865647999975, -23.037820144999962 ], [ -43.308033223999963, -23.038603535999947 ], [ -43.302549358, -23.038658190999939 ], [ -43.304865647999975, -23.037820144999962 ] ] ], [ [ [ -43.198533996, -23.0368049369999 ], [ -43.209118979999971, -23.039549843 ], [ -43.195076058999966, -23.032796789 ], [ -43.198533996, -23.0368049369999 ] ] ], [ [ [ -43.298114750999979, -23.033793807999892 ], [ -43.301546291999955, -23.031777557999952 ], [ -43.298906644999953, -23.031145954999921 ], [ -43.298114750999979, -23.033793807999892 ] ] ], [ [ [ -43.193386684999986, -23.030076038999944 ], [ -43.191195777999987, -23.025557528 ], [ -43.192093257999908, -23.030246086999981 ], [ -43.193386684999986, -23.030076038999944 ] ] ], [ [ [ -43.206532125999985, -23.025727581999952 ], [ -43.200724903, -23.026310623999969 ], [ -43.201807157999923, -23.027330939999921 ], [ -43.206532125999985, -23.025727581999952 ] ] ], [ [ [ -43.944377827999958, -23.018590551999985 ], [ -43.944644028999953, -23.023658423 ], [ -43.947515199999927, -23.024587834999977 ], [ -43.944377827999958, -23.018590551999985 ] ] ], [ [ [ -42.91715853999991, -23.00898158199994 ], [ -42.913075885999973, -23.008247286999939 ], [ -42.924479159999969, -23.018699815999966 ], [ -42.91715853999991, -23.00898158199994 ] ] ], [ [ [ -43.949397623999985, -23.006166399999891 ], [ -43.955453702999954, -23.006113814999892 ], [ -43.953261653999952, -23.000198765999954 ], [ -43.949397623999985, -23.006166399999891 ] ] ], [ [ [ -43.918443896000014, -22.98787817999991 ], [ -43.930462392999935, -23.01264766499996 ], [ -43.935691347999949, -23.015146545999954 ], [ -43.93693775499996, -22.998103452999963 ], [ -43.918443896000014, -22.98787817999991 ] ] ], [ [ [ -41.975085902999986, -22.989823807999954 ], [ -42.001366088999887, -23.016588362999968 ], [ -42.014282760999961, -23.00188093299996 ], [ -41.983498772, -22.978558362999898 ], [ -41.975085902999986, -22.989823807999954 ] ] ], [ [ [ -43.910429419999915, -22.995017109999949 ], [ -43.912203600999895, -22.992217304999926 ], [ -43.908623556999977, -22.989767429 ], [ -43.910429419999915, -22.995017109999949 ] ] ], [ [ [ -43.088744260999889, -22.987573019999971 ], [ -43.080923662999936, -22.986244523000011 ], [ -43.088139096, -22.98898721199992 ], [ -43.088744260999889, -22.987573019999971 ] ] ], [ [ [ -43.918451076999894, -22.986720142999928 ], [ -43.922764617999931, -22.988144583999926 ], [ -43.921004395999951, -22.985233742999952 ], [ -43.918451076999894, -22.986720142999928 ] ] ], [ [ [ -43.06667900299994, -22.982558947999976 ], [ -43.062396294999971, -22.983244643999953 ], [ -43.068401396999988, -22.985473131999953 ], [ -43.06667900299994, -22.982558947999976 ] ] ], [ [ [ -42.037867236999936, -22.983271633999969 ], [ -42.038628552999953, -22.980861261999927 ], [ -42.037105921, -22.980775786999963 ], [ -42.037867236999936, -22.983271633999969 ] ] ], [ [ [ -43.914047468999961, -22.983725752999973 ], [ -43.915413289999904, -22.980893683999945 ], [ -43.90737905099995, -22.981456080999941 ], [ -43.914047468999961, -22.983725752999973 ] ] ], [ [ [ -43.053272265, -22.97981612799996 ], [ -43.055646374999966, -22.980587551999932 ], [ -43.053970531999951, -22.97703039499995 ], [ -43.053272265, -22.97981612799996 ] ] ], [ [ [ -41.988084574999917, -22.967988119 ], [ -41.992875297, -22.963303563 ], [ -41.985893469, -22.96367970099994 ], [ -41.988084574999917, -22.967988119 ] ] ], [ [ [ -43.149880322999955, -22.962104096999958 ], [ -43.147878621999979, -22.961846921 ], [ -43.150066527, -22.966647456 ], [ -43.149880322999955, -22.962104096999958 ] ] ], [ [ [ -43.951196271999947, -22.959487020999958 ], [ -43.946550505999959, -22.96020600899994 ], [ -43.950975044999936, -22.960814382999914 ], [ -43.951196271999947, -22.959487020999958 ] ] ], [ [ [ -43.10520283200001, -22.956156779999922 ], [ -43.102270107, -22.955931740999958 ], [ -43.104329997, -22.957056930999975 ], [ -43.10520283200001, -22.956156779999922 ] ] ], [ [ [ -43.860325803999984, -22.946038395999921 ], [ -43.862437923999948, -22.955451835999952 ], [ -43.863479904, -22.94723131999995 ], [ -43.860325803999984, -22.946038395999921 ] ] ], [ [ [ -43.916090257999961, -22.94211945699994 ], [ -43.92082140799991, -22.944647997999901 ], [ -43.915393257999931, -22.939551967999961 ], [ -43.916090257999961, -22.94211945699994 ] ] ], [ [ [ -43.868935339999936, -22.930132597999972 ], [ -43.873053852999909, -22.947695451999984 ], [ -43.909960700999946, -22.956210596999938 ], [ -43.912552524, -22.934694915999984 ], [ -43.868935339999936, -22.930132597999972 ] ] ], [ [ [ -41.9797286639999, -22.89140778699997 ], [ -41.981882631999952, -22.897736967999982 ], [ -41.988530222999927, -22.891749912999948 ], [ -41.9797286639999, -22.89140778699997 ] ] ], [ [ [ -43.175864139999938, -22.884434460999955 ], [ -43.175050254000013, -22.882677021999939 ], [ -43.172775079999965, -22.883177718999981 ], [ -43.175864139999938, -22.884434460999955 ] ] ], [ [ [ -41.957966156999959, -22.882375364999938 ], [ -41.95993443799992, -22.883333377999982 ], [ -41.959154552999962, -22.881793710999951 ], [ -41.957966156999959, -22.882375364999938 ] ] ], [ [ [ -41.942517005999953, -22.878030008999936 ], [ -41.939620289999908, -22.877174606999951 ], [ -41.941959944999958, -22.879672363999937 ], [ -41.942517005999953, -22.878030008999936 ] ] ], [ [ [ -41.935840229999961, -22.862014894 ], [ -41.954065115999946, -22.875526559000015 ], [ -41.945733722999918, -22.86346255499997 ], [ -41.935840229999961, -22.862014894 ] ] ], [ [ [ -43.128384266999937, -22.86164644399998 ], [ -43.126486386999936, -22.864154119999988 ], [ -43.131064115999983, -22.866510525 ], [ -43.128384266999937, -22.86164644399998 ] ] ], [ [ [ -43.119375238999979, -22.863585070999889 ], [ -43.126388949999956, -22.861468961999954 ], [ -43.117078714999941, -22.858380526999944 ], [ -43.119375238999979, -22.863585070999889 ] ] ], [ [ [ -43.223375319999953, -22.839444351999902 ], [ -43.232487711999944, -22.847745517 ], [ -43.208816438999982, -22.858362546999963 ], [ -43.214961194999923, -22.87078020299996 ], [ -43.243345773999948, -22.83889735799994 ], [ -43.223375319999953, -22.839444351999902 ] ] ], [ [ [ -43.175631806, -22.837591795 ], [ -43.175704402999955, -22.83658991399998 ], [ -43.172983694, -22.838418098 ], [ -43.175631806, -22.837591795 ] ] ], [ [ [ -43.107582274999977, -22.839768724999921 ], [ -43.111616709999922, -22.830787760999968 ], [ -43.10491334099995, -22.834906492999963 ], [ -43.107582274999977, -22.839768724999921 ] ] ], [ [ [ -43.095851377999956, -22.819689443999977 ], [ -43.097092743, -22.825810791999935 ], [ -43.103423702999976, -22.829929675999935 ], [ -43.095851377999956, -22.819689443999977 ] ] ], [ [ [ -43.161757289999976, -22.811538725999977 ], [ -43.161128848999937, -22.814789133999977 ], [ -43.164934407999951, -22.81366276399995 ], [ -43.161757289999976, -22.811538725999977 ] ] ], [ [ [ -43.191552947999966, -22.796519230999909 ], [ -43.157384384999915, -22.787163459999945 ], [ -43.178518618999924, -22.802098054999917 ], [ -43.17093077699996, -22.831061353999957 ], [ -43.211569954, -22.815400482999934 ], [ -43.241874768999921, -22.83337815199998 ], [ -43.265476215999961, -22.813126288999971 ], [ -43.228286997999916, -22.783915969999921 ], [ -43.191552947999966, -22.796519230999909 ] ] ], [ [ [ -43.150848427999939, -22.788118429999912 ], [ -43.151644928999943, -22.787342742999947 ], [ -43.148812387999968, -22.786868666999979 ], [ -43.150848427999939, -22.788118429999912 ] ] ], [ [ [ -43.161820795, -22.770970973 ], [ -43.152219614999971, -22.7736429 ], [ -43.158678590999976, -22.775735336999933 ], [ -43.161820795, -22.770970973 ] ] ], [ [ [ -43.102023478999939, -22.751119770999914 ], [ -43.102826485999941, -22.765414442999962 ], [ -43.10813332, -22.769438573999942 ], [ -43.11270697299998, -22.753212552999965 ], [ -43.102023478999939, -22.751119770999914 ] ] ], [ [ [ -43.120562483999976, -22.756882892999982 ], [ -43.114697035999967, -22.756303373 ], [ -43.118258200999925, -22.758170708999955 ], [ -43.120562483999976, -22.756882892999982 ] ] ], [ [ [ -43.12605724799996, -22.747127829999933 ], [ -43.128803766999923, -22.74794350599992 ], [ -43.129036523, -22.746355079999944 ], [ -43.12605724799996, -22.747127829999933 ] ] ], [ [ [ -41.946416430999918, -22.737278353999976 ], [ -41.941885669999941, -22.739162163999968 ], [ -41.946750666999954, -22.739538921999966 ], [ -41.946416430999918, -22.737278353999976 ] ] ], [ [ [ -41.920271712999941, -22.863590107999954 ], [ -41.918377706999905, -22.864240278999922 ], [ -41.924022588999961, -22.863658547999933 ], [ -41.920271712999941, -22.863590107999954 ] ] ], [ [ [ -41.904414050999982, -22.860099664999986 ], [ -41.906196644999945, -22.855993146999943 ], [ -41.903225653999975, -22.850654486999908 ], [ -41.904414050999982, -22.860099664999986 ] ] ], [ [ [ -41.891861615000025, -22.84634234 ], [ -41.890450393999963, -22.84353594799996 ], [ -41.889781921999898, -22.844494234999935 ], [ -41.891861615000025, -22.84634234 ] ] ], [ [ [ -41.82846810199996, -22.784656836999936 ], [ -41.829396535999948, -22.785136187999985 ], [ -41.829953596999943, -22.7844514 ], [ -41.82846810199996, -22.784656836999936 ] ] ], [ [ [ -41.826759781999918, -22.772432809999973 ], [ -41.819963641, -22.771919171999929 ], [ -41.825571386, -22.776130950999981 ], [ -41.826759781999918, -22.772432809999973 ] ] ], [ [ [ -41.784497439999967, -22.770617945 ], [ -41.789678104999979, -22.767416190999942 ], [ -41.784330322, -22.769128367999944 ], [ -41.784497439999967, -22.770617945 ] ] ], [ [ [ -41.874629868999968, -22.729759982999983 ], [ -41.873200079999968, -22.730719068999935 ], [ -41.874889830999983, -22.731249988999899 ], [ -41.874629868999968, -22.729759982999983 ] ] ], [ [ [ -41.92157152199993, -22.721658861 ], [ -41.922202856999945, -22.725495392999914 ], [ -41.926343674999899, -22.724125214999965 ], [ -41.92157152199993, -22.721658861 ] ] ], [ [ [ -41.716387478999927, -22.419092317 ], [ -41.71226523, -22.419607273999883 ], [ -41.713119389999974, -22.421804399999953 ], [ -41.716387478999927, -22.419092317 ] ] ], [ [ [ -41.69988771799995, -22.408566479999944 ], [ -41.710327212999964, -22.41595904799992 ], [ -41.704649438999937, -22.406280123999952 ], [ -41.69988771799995, -22.408566479999944 ] ] ], [ [ [ -41.697373139, -22.400621278999985 ], [ -41.691988218999953, -22.404295081999933 ], [ -41.695219170999941, -22.405084766 ], [ -41.697373139, -22.400621278999985 ] ] ], [ [ [ -41.685786275999902, -22.399041856999954 ], [ -41.688831540999978, -22.399728563999929 ], [ -41.688682990999943, -22.399316539999944 ], [ -41.685786275999902, -22.399041856999954 ] ] ], [ [ [ -39.201650197999989, -17.755192415999929 ], [ -39.176015869999965, -17.742587800999917 ], [ -39.197724049999948, -17.758492684999968 ], [ -39.201650197999989, -17.755192415999929 ] ] ], [ [ [ -39.012653223999934, -16.261479287999933 ], [ -39.017114808999963, -16.25962300799991 ], [ -39.009494291999957, -16.252718949999942 ], [ -39.012653223999934, -16.261479287999933 ] ] ] ] } }
]
}
